"Address","Content Type","Status Code","Status","Indexability","Indexability Status","Title 1","Title 1 Length","Title 1 Pixel Width","Meta Description 1","Meta Description 1 Length","Meta Description 1 Pixel Width","Meta Keywords 1","Meta Keywords 1 Length","H1-1","H1-1 Length","H2-1","H2-1 Length","H2-2","H2-2 Length","Meta Robots 1","X-Robots-Tag 1","Meta Refresh 1","Canonical Link Element 1","rel=""next"" 1","rel=""prev"" 1","HTTP rel=""next"" 1","HTTP rel=""prev"" 1","amphtml Link Element","Size (Bytes)","Transferred (Bytes)","Total Transferred (Bytes)","CO2 (mg)","Carbon Rating","Word Count","Sentence Count","Average Words Per Sentence","Flesch Reading Ease Score","Readability","Text Ratio","Crawl Depth","Folder Depth","Link Score","Inlinks","Unique Inlinks","Unique JS Inlinks","% of Total","Outlinks","Unique Outlinks","Unique JS Outlinks","External Outlinks","Unique External Outlinks","Unique External JS Outlinks","Closest Near Duplicate Match","No. Near Duplicates","Spelling Errors","Grammar Errors","Hash","Response Time","Last Modified","Redirect URL","Redirect Type","Cookies","Language","HTTP Version","Mobile Alternate Link","Closest Semantically Similar Address","Semantic Similarity Score","No. Semantically Similar","Semantic Relevance Score","URL Encoded Address","Crawl Timestamp"
"https://books.toscrape.com/","text/html","200","OK","Indexable","","All products | Books to Scrape - Sandbox","40","358","","0","0","","0","All products","12","","0","","0","NOARCHIVE,NOCACHE","","","","","","","","","51294","51294","51294","7.602","","383","185","2.070","100.000","Very Easy","3.528","0","0","","0","0","0","0.000","94","73","0","0","0","0","","","","","a6da38c075051cba97a36f0be10cb823","0.104","Wed, 08 Feb 2023 21:02:32 GMT","","","","en-us","1.1","","","","","","https://books.toscrape.com/","2026-06-10 17:51:11"
"https://books.toscrape.com/static/oscar/js/oscar/ui.js","application/javascript","200","OK","Indexable","","","0","0","","0","0","","0","","0","","0","","0","","","","","","","","","","13966","13966","13966","2.070","","0","","","","","0.000","1","4","","0","0","0","0.000","0","0","0","0","0","0","","","","","","0.043","Wed, 08 Feb 2023 21:02:33 GMT","","","","","1.1","","","","","","https://books.toscrape.com/static/oscar/js/oscar/ui.js","2026-06-10 17:51:11"
"https://books.toscrape.com/media/cache/55/33/553310a7162dfbc2c6d19a84da0df9e1.jpg","image/jpeg","200","OK","Indexable","","","0","0","","0","0","","0","","0","","0","","0","","","","","","","","","","2919","2919","2919","0.433","","0","","","","","0.000","1","4","","0","0","0","0.000","0","0","0","0","0","0","","","","","","0.113","Wed, 08 Feb 2023 21:02:32 GMT","","","","","1.1","","","","","","https://books.toscrape.com/media/cache/55/33/553310a7162dfbc2c6d19a84da0df9e1.jpg","2026-06-10 17:51:11"
"https://books.toscrape.com/media/cache/26/0c/260c6ae16bce31c8f8c95daddd9f4a1c.jpg","image/jpeg","200","OK","Indexable","","","0","0","","0","0","","0","","0","","0","","0","","","","","","","","","","7095","7095","7095","1.051","","0","","","","","0.000","1","4","","0","0","0","0.000","0","0","0","0","0","0","","","","","","0.119","Wed, 08 Feb 2023 21:02:32 GMT","","","","","1.1","","","","","","https://books.toscrape.com/media/cache/26/0c/260c6ae16bce31c8f8c95daddd9f4a1c.jpg","2026-06-10 17:51:11"
"https://books.toscrape.com/catalogue/tipping-the-velvet_999/index.html","text/html","200","OK","Indexable","","Tipping the Velvet | Books to Scrape - Sandbox","46","414","""Erotic and absorbing...Written with starling power.""--""The New York Times Book Review "" Nan King, an oyster girl, is captivated by the music hall phenomenon Kitty Butler, a male impersonator extraordinaire treading the boards in Canterbury. Through a friend at the box office, Nan manages to visit all her shows and finally meet her heroine. Soon after, she becomes Kitty's ""Erotic and absorbing...Written with starling power.""--""The New York Times Book Review "" Nan King, an oyster girl, is captivated by the music hall phenomenon Kitty Butler, a male impersonator extraordinaire treading the boards in Canterbury. Through a friend at the box office, Nan manages to visit all her shows and finally meet her heroine. Soon after, she becomes Kitty's dresser and the two head for the bright lights of Leicester Square where they begin a glittering career as music-hall stars in an all-singing and dancing double act. At the same time, behind closed doors, they admit their attraction to each other and their affair begins. ...more","1029","6241","","0","Tipping the Velvet","18","Product Description","19","Product Information","19","NOARCHIVE,NOCACHE","","","","","","","","","10918","10918","10918","1.618","","258","57","4.526","76.980","Fairly Easy","14.423","1","2","","20","10","0","3.620","6","4","0","0","0","0","","","","","2e9ebdac3a38dd5331018d4a29bb2ac9","0.064","Wed, 08 Feb 2023 21:02:32 GMT","","","","en-us","1.1","","","","","","https://books.toscrape.com/catalogue/tipping-the-velvet_999/index.html","2026-06-10 17:51:12"
"https://books.toscrape.com/catalogue/olio_984/index.html","text/html","200","OK","Indexable","","Olio | Books to Scrape - Sandbox","32","287","Part fact, part fiction, Tyehimba Jess's much anticipated second book weaves sonnet, song, and narrative to examine the lives of mostly unrecorded African American performers directly before and after the Civil War up to World War I. Olio is an effort to understand how they met, resisted, complicated, co-opted, and sometimes defeated attempts to minstrelize them.So, while Part fact, part fiction, Tyehimba Jess's much anticipated second book weaves sonnet, song, and narrative to examine the lives of mostly unrecorded African American performers directly before and after the Civil War up to World War I. Olio is an effort to understand how they met, resisted, complicated, co-opted, and sometimes defeated attempts to minstrelize them.So, while I lead this choir, I still find thatI'm being led…I'm a missionarymending my faith in the midst of this flock…I toil in their fields of praise. When folks seethese freedmen stand and sing, they hear their Godspeak in tongues. These nine dark mouths sing shelter;they echo a hymn's haven from slavery's weather.Detroit native Tyehimba Jess' first book of poetry, leadbelly, was a winner of the 2004 National Poetry Series. Jess, a Cave Canem and NYU Alumni, has received fellowships from the Whiting Foundation, National Endowment for the Arts, Illinois Arts Council, and the Provincetown Fine Arts Work Center. Jess is also a veteran of the 2000 and 2001 Green Mill Poetry Slam Team. He exhibited his poetry at the 2011 TEDxNashville Conference. Jess is an Associate Professor of English at College of Staten Island. ...more","1574","9640","","0","Olio","4","Product Description","19","Product Information","19","NOARCHIVE,NOCACHE","","","","","","","","","19527","19527","19527","2.894","","392","90","4.356","78.104","Fairly Easy","12.087","1","2","","14","7","0","2.540","16","9","0","0","0","0","","","","","ffccaf570d33320c8cf8c66c41497f94","0.114","Wed, 08 Feb 2023 21:02:32 GMT","","","","en-us","1.1","","","","","","https://books.toscrape.com/catalogue/olio_984/index.html","2026-06-10 17:51:11"
"https://books.toscrape.com/catalogue/mesaerion-the-best-science-fiction-stories-1800-1849_983/index.html","text/html","200","OK","Indexable","","Mesaerion: The Best Science Fiction Stories 1800-1849 | Books to Scrape - Sandbox","81","742","Andrew Barger, award-winning author and engineer, has extensively researched forgotten journals and magazines of the early 19th century to locate groundbreaking science fiction short stories in the English language. In doing so, he found what is possibly the first science fiction story by a female (and it is not from Mary Shelley). Andrew located the first steampunk short Andrew Barger, award-winning author and engineer, has extensively researched forgotten journals and magazines of the early 19th century to locate groundbreaking science fiction short stories in the English language. In doing so, he found what is possibly the first science fiction story by a female (and it is not from Mary Shelley). Andrew located the first steampunk short story, which has not been republished since 1844. There is the first voyage to the moon in a balloon, republished for the first time since 1820 that further tells of a darkness machine and a lunarian named Zuloc. Other sci-stories include the first robotic insect and an electricity gun. Once again, Andrew has searched old texts to find the very best science fiction stories from the period when the genre automated to life, some of the stories are published for the first time in nearly 200 years. Read these fantastic stories today!OUR OWN COUNTRY So mechanical has the age become, that men seriously talk of flying machines, to go by steam, --not your air-balloons, but real Daedalian wings, made of wood and joints, nailed to your shoulder, --not wings of feathers and wax like the wings of Icarus, who fell into the Cretan sea, but real, solid, substantial, rock-maple wings with wrought-iron hinges, and huge concavities, to propel us through the air. Knickerbocker Magazine, May 18 ...more","1747","10624","","0","Mesaerion: The Best Science Fiction Stories 1800-1849","53","Product Description","19","Product Information","19","NOARCHIVE,NOCACHE","","","","","","","","","19954","19954","19954","2.957","","435","95","4.579","86.276","Easy","13.062","1","2","","12","6","0","2.170","16","9","0","0","0","0","","","","","7d6b62c51fcb8774ef6b06ca6c51401b","0.112","Wed, 08 Feb 2023 21:02:32 GMT","","","","en-us","1.1","","","","","","https://books.toscrape.com/catalogue/mesaerion-the-best-science-fiction-stories-1800-1849_983/index.html","2026-06-10 17:51:12"
"https://books.toscrape.com/catalogue/category/books/horror_31/index.html","text/html","200","OK","Indexable","","Horror | 
     Books to Scrape - Sandbox","40","309","","0","0","","0","Horror","6","","0","","0","NOARCHIVE,NOCACHE","","","","","","","","","44510","44510","44510","6.596","","326","165","1.976","100.000","Very Easy","3.454","1","4","","75","75","0","27.170","88","69","0","0","0","0","","","","","e13d413a23f7413833c2578d530b9823","0.033","Wed, 08 Feb 2023 21:02:32 GMT","","","","en-us","1.1","","","","","","https://books.toscrape.com/catalogue/category/books/horror_31/index.html","2026-06-10 17:51:12"
"https://books.toscrape.com/catalogue/category/books/food-and-drink_33/index.html","text/html","200","OK","Indexable","","Food and Drink | 
     Books to Scrape - Sandbox","48","385","","0","0","","0","Food and Drink","14","","0","","0","NOARCHIVE,NOCACHE","","","","","","","","","54124","54124","54124","8.021","","409","194","2.108","100.000","Very Easy","3.630","1","4","","78","78","0","28.260","95","73","0","0","0","0","","","","","150c7dd3e6cd04c34fa67478a3e816e8","0.101","Wed, 08 Feb 2023 21:02:32 GMT","","","","en-us","1.1","","","","","","https://books.toscrape.com/catalogue/category/books/food-and-drink_33/index.html","2026-06-10 17:51:11"
"https://books.toscrape.com/catalogue/the-black-maria_991/index.html","text/html","200","OK","Indexable","","The Black Maria | Books to Scrape - Sandbox","43","395","Praise for Aracelis Girmay:""[Girmay's] every loss—she calls them estrangements—is a yearning for connection across time and place; her every fragment is a bulwark against ruin."" — O, The Oprah Magazine ""In Aracelis Girmay we have a poet who collects, polishes, and shares stories with such brilliant invention, tenderness, and intellectual liveliness that it is understandabl Praise for Aracelis Girmay:""[Girmay's] every loss—she calls them estrangements—is a yearning for connection across time and place; her every fragment is a bulwark against ruin."" — O, The Oprah Magazine ""In Aracelis Girmay we have a poet who collects, polishes, and shares stories with such brilliant invention, tenderness, and intellectual liveliness that it is understandable that we think of her as the blessed curator of our collective histories. There is in her art the vulnerability of one who lives inside of the stories that she gathers in this remarkable collection. Her poems set off alarms even as they transform the world she inhabits, showing us, in the process, exactly what she asks of Romare Bearden’s art: ‘…how not to // assign all blackness near the sea / a captivity.’ This is one of the many sweet contradictions in the black maria, which ‘is a black flag / wounding the pastoral.’ I am deeply thankful that we have a poet of her unique and singular talent writing today."" —Kwame DawesTaking its name from the moon's dark plains, misidentified as seas by early astronomers, the black maria investigates African diasporic histories, the consequences of racism within American culture, and the question of human identity. Central to this project is a desire to recognize the lives of Eritrean refugees who have been made invisible by years of immigration crisis, refugee status, exile, and resulting statelessness. The recipient of a 2015 Whiting Award for Poetry, Girmay's newest collection elegizes and celebrates life, while wrestling with the humanistic notion of seeing beyond: seeing violence, seeing grace, and seeing each other better.""to the sea""great storage house, historyon which we rode, we touchedthe brief pulse of your flutteringpages, spelled with salt & life,your rage, your indifferenceyour gentleness washing our feet,all of you going onwhether or not we live,to you we bring our carnationsyellow & pink, how they floatlike bright sentences atopyour memory's dark hairAracelis Girmay is the author of three poetry collections, the black maria; Kingdom Animalia, which won the Isabella Gardner Award and was a finalist for the NBCC Award; and Teeth. The recipient of a 2015 Whiting Award, she has received grants and fellowships from the Jerome, Cave Canem, and Watson foundations, as well as Civitella Ranieri and the NEA. She currently teaches at Hampshire College's School for Interdisciplinary Arts and in Drew University's low residency MFA program. Originally from Santa Ana, California, she splits her time between New York and Amherst, Massachusetts. ...more","2979","18114","","0","The Black Maria","15","Product Description","19","Product Information","19","NOARCHIVE,NOCACHE","","","","","","","","","22698","22698","22698","3.364","","611","119","5.134","71.193","Fairly Easy","16.650","1","2","","20","10","0","3.620","16","9","0","0","0","0","","","","","1b23ea27e4500af7c9ab4ef4c3114854","0.034","Wed, 08 Feb 2023 21:02:32 GMT","","","","en-us","1.1","","","","","","https://books.toscrape.com/catalogue/the-black-maria_991/index.html","2026-06-10 17:51:12"
"https://books.toscrape.com/catalogue/category/books/thriller_37/index.html","text/html","200","OK","Indexable","","Thriller | 
     Books to Scrape - Sandbox","42","315","","0","0","","0","Thriller","8","","0","","0","NOARCHIVE,NOCACHE","","","","","","","","","36067","36067","36067","5.345","","275","127","2.165","100.000","Very Easy","3.592","1","4","","69","69","0","25.000","76","63","0","0","0","0","","","","","3ff0c2ea6c7ed75f4ecc2c303aba35e9","0.029","Wed, 08 Feb 2023 21:02:32 GMT","","","","en-us","1.1","","","","","","https://books.toscrape.com/catalogue/category/books/thriller_37/index.html","2026-06-10 17:51:12"
"https://books.toscrape.com/catalogue/category/books/classics_6/index.html","text/html","200","OK","Indexable","","Classics | 
     Books to Scrape - Sandbox","42","326","","0","0","","0","Classics","8","","0","","0","NOARCHIVE,NOCACHE","","","","","","","","","47874","47874","47874","7.095","","353","175","2.017","100.000","Very Easy","3.500","1","4","","77","77","0","27.900","92","71","0","0","0","0","","","","","59e5072e8735a83065e0351bc9cc5164","0.036","Wed, 08 Feb 2023 21:02:32 GMT","","","","en-us","1.1","","","","","","https://books.toscrape.com/catalogue/category/books/classics_6/index.html","2026-06-10 17:51:12"
"https://books.toscrape.com/catalogue/category/books/academic_40/index.html","text/html","200","OK","Indexable","","Academic | 
     Books to Scrape - Sandbox","42","341","","0","0","","0","Academic","8","","0","","0","NOARCHIVE,NOCACHE","","","","","","","","","21359","21359","21359","3.165","","168","67","2.507","95.518","Very Easy","3.704","1","4","","59","59","0","21.380","56","53","0","0","0","0","","","","","4e0ea87242d5467c2146fd5d64468577","0.031","Wed, 08 Feb 2023 21:02:32 GMT","","","","en-us","1.1","","","","","","https://books.toscrape.com/catalogue/category/books/academic_40/index.html","2026-06-10 17:51:12"
"https://books.toscrape.com/catalogue/category/books/biography_36/index.html","text/html","200","OK","Indexable","","Biography | 
     Books to Scrape - Sandbox","43","340","","0","0","","0","Biography","9","","0","","0","NOARCHIVE,NOCACHE","","","","","","","","","27988","27988","27988","4.148","","216","93","2.323","100.000","Very Easy","3.695","1","4","","63","63","0","22.830","64","57","0","0","0","0","","","","","a04c79def4074f45d0d7b8087942111a","0.034","Wed, 08 Feb 2023 21:02:32 GMT","","","","en-us","1.1","","","","","","https://books.toscrape.com/catalogue/category/books/biography_36/index.html","2026-06-10 17:51:12"
"https://books.toscrape.com/catalogue/category/books/crime_51/index.html","text/html","200","OK","Indexable","","Crime | 
     Books to Scrape - Sandbox","39","306","","0","0","","0","Crime","5","","0","","0","NOARCHIVE,NOCACHE","","","","","","","","","21493","21493","21493","3.185","","168","67","2.507","99.547","Very Easy","3.625","1","4","","59","59","0","21.380","56","53","0","0","0","0","","","","","7b86ae629bce458f5258c9e917c2635d","0.032","Wed, 08 Feb 2023 21:02:32 GMT","","","","en-us","1.1","","","","","","https://books.toscrape.com/catalogue/category/books/crime_51/index.html","2026-06-10 17:51:13"
"https://books.toscrape.com/media/cache/32/51/3251cf3a3412f53f339e42cac2134093.jpg","image/jpeg","200","OK","Indexable","","","0","0","","0","0","","0","","0","","0","","0","","","","","","","","","","8442","8442","8442","1.251","","0","","","","","0.000","1","4","","0","0","0","0.000","0","0","0","0","0","0","","","","","","0.034","Wed, 08 Feb 2023 21:02:32 GMT","","","","","1.1","","","","","","https://books.toscrape.com/media/cache/32/51/3251cf3a3412f53f339e42cac2134093.jpg","2026-06-10 17:51:13"
"https://books.toscrape.com/catalogue/category/books/health_47/index.html","text/html","200","OK","Indexable","","Health | 
     Books to Scrape - Sandbox","40","311","","0","0","","0","Health","6","","0","","0","NOARCHIVE,NOCACHE","","","","","","","","","26240","26240","26240","3.889","","203","86","2.360","100.000","Very Easy","3.648","1","4","","62","62","0","22.460","62","56","0","0","0","0","","","","","ca8b74ce8edce01f49a215dff372cdb0","0.031","Wed, 08 Feb 2023 21:02:32 GMT","","","","en-us","1.1","","","","","","https://books.toscrape.com/catalogue/category/books/health_47/index.html","2026-06-10 17:51:13"
"https://books.toscrape.com/media/cache/94/b1/94b1b8b244bce9677c2f29ccc890d4d2.jpg","image/jpeg","200","OK","Indexable","","","0","0","","0","0","","0","","0","","0","","0","","","","","","","","","","12405","12405","12405","1.838","","0","","","","","0.000","1","4","","0","0","0","0.000","0","0","0","0","0","0","","","","","","0.031","Wed, 08 Feb 2023 21:02:33 GMT","","","","","1.1","","","","","","https://books.toscrape.com/media/cache/94/b1/94b1b8b244bce9677c2f29ccc890d4d2.jpg","2026-06-10 17:51:13"
"https://books.toscrape.com/catalogue/set-me-free_988/index.html","text/html","200","OK","Indexable","","Set Me Free | Books to Scrape - Sandbox","39","360","Aaron Ledbetter’s future had been planned out for him since before he was born. Each year, the Ledbetter family vacation on Tybee Island gave Aaron a chance to briefly free himself from his family’s expectations. When he meets Jonas “Lucky” Luckett, a caricature artist in town with the traveling carnival, he must choose between the life that’s been mapped out for him, and Aaron Ledbetter’s future had been planned out for him since before he was born. Each year, the Ledbetter family vacation on Tybee Island gave Aaron a chance to briefly free himself from his family’s expectations. When he meets Jonas “Lucky” Luckett, a caricature artist in town with the traveling carnival, he must choose between the life that’s been mapped out for him, and the chance at true love. ...more","782","4801","","0","Set Me Free","11","Product Description","19","Product Information","19","NOARCHIVE,NOCACHE","","","","","","","","","18286","18286","18286","2.710","","280","75","3.733","95.181","Very Easy","8.697","1","2","","20","10","0","3.620","16","9","0","0","0","0","","","","","4dcf1568c0c469bec355e4db3f563f03","0.029","Wed, 08 Feb 2023 21:02:32 GMT","","","","en-us","1.1","","","","","","https://books.toscrape.com/catalogue/set-me-free_988/index.html","2026-06-10 17:51:13"
"https://books.toscrape.com/catalogue/category/books/politics_48/index.html","text/html","200","OK","Indexable","","Politics | 
     Books to Scrape - Sandbox","42","318","","0","0","","0","Politics","8","","0","","0","NOARCHIVE,NOCACHE","","","","","","","","","24717","24717","24717","3.663","","190","80","2.375","96.671","Very Easy","3.666","1","4","","61","61","0","22.100","60","55","0","0","0","0","","","","","e83a75919a975a84ec979c089f7b38ac","0.029","Wed, 08 Feb 2023 21:02:32 GMT","","","","en-us","1.1","","","","","","https://books.toscrape.com/catalogue/category/books/politics_48/index.html","2026-06-10 17:51:13"
"https://books.toscrape.com/catalogue/category/books/short-stories_45/index.html","text/html","200","OK","Indexable","","Short Stories | 
     Books to Scrape - Sandbox","47","368","","0","0","","0","Short Stories","13","","0","","0","NOARCHIVE,NOCACHE","","","","","","","","","21264","21264","21264","3.151","","167","67","2.493","97.922","Very Easy","3.687","1","4","","59","59","0","21.380","56","53","0","0","0","0","","","","","38fdf34911c9635bbb7c84c4ed7d4c85","0.031","Wed, 08 Feb 2023 21:02:32 GMT","","","","en-us","1.1","","","","","","https://books.toscrape.com/catalogue/category/books/short-stories_45/index.html","2026-06-10 17:51:13"
"https://books.toscrape.com/catalogue/category/books/parenting_28/index.html","text/html","200","OK","Indexable","","Parenting | 
     Books to Scrape - Sandbox","43","339","","0","0","","0","Parenting","9","","0","","0","NOARCHIVE,NOCACHE","","","","","","","","","21492","21492","21492","3.185","","168","68","2.471","94.549","Very Easy","3.741","1","4","","59","59","0","21.380","56","53","0","0","0","0","","","","","2706e51d83bb3cb081ff79f02ee049f1","0.119","Wed, 08 Feb 2023 21:02:32 GMT","","","","en-us","1.1","","","","","","https://books.toscrape.com/catalogue/category/books/parenting_28/index.html","2026-06-10 17:51:13"
"https://books.toscrape.com/catalogue/the-dirty-little-secrets-of-getting-your-dream-job_994/index.html","text/html","200","OK","Indexable","","The Dirty Little Secrets of Getting Your Dream Job | Books to Scrape - Sandbox","78","699","Drawing on his extensive experience evaluating applicants for his marketing agency, and featuring stories based on real-life situations, sample cover letters, resumes, and straightforward advice, Don Raskin’s The Dirty Little Secrets of Getting Your Dream Job offers all the necessary tools for navigating the tough job market and securing your dream job.Don Raskin owns and Drawing on his extensive experience evaluating applicants for his marketing agency, and featuring stories based on real-life situations, sample cover letters, resumes, and straightforward advice, Don Raskin’s The Dirty Little Secrets of Getting Your Dream Job offers all the necessary tools for navigating the tough job market and securing your dream job.Don Raskin owns and operates MME, an advertising and marketing agency in New York City. During his twenty-five years at the agency he has interviewed hundreds of new college graduates for positions within his agency and has placed a strong emphasis on entry-level recruitment for positions in creative, account management, traffic, and production. Raskin has also mentored countless students and their parents on best practices for the job search. Over the years, Raskin has kept exceptionally detailed notes on the interviews he has conducted, observing the good, the bad, the ridiculous, the irreverent. He also has a treasure trove of over-the-top cover letters, resumes, interviews, and post interview follow-ups he has conducted and received. Now, he wants to share all the wisdom and insider secrets he has gathered to help students and first-time job seekers find a job in this economy.Based on his remarkable expertise, Raskin's book provides exclusive insight into the job search process and lets readers in on all of the dirty little secrets to landing their first job—or a new one—and finding career success. ...more","1857","11354","","0","The Dirty Little Secrets of Getting Your Dream Job","50","Product Description","19","Product Information","19","NOARCHIVE,NOCACHE","","","","","","","","","19806","19806","19806","2.935","","437","94","4.649","73.571","Fairly Easy","13.625","1","2","","20","10","0","3.620","16","9","0","0","0","0","","","","","83998158dfdd739d6eec7575b97a4e99","0.055","Wed, 08 Feb 2023 21:02:32 GMT","","","","en-us","1.1","","","","","","https://books.toscrape.com/catalogue/the-dirty-little-secrets-of-getting-your-dream-job_994/index.html","2026-06-10 17:51:13"
"https://books.toscrape.com/catalogue/category/books/mystery_3/index.html","text/html","200","OK","Indexable","","Mystery | 
     Books to Scrape - Sandbox","41","322","","0","0","","0","Mystery","7","","0","","0","NOARCHIVE,NOCACHE","","","","","","","","","50388","50388","50388","7.468","","395","183","2.158","100.000","Very Easy","3.631","1","4","","78","78","0","28.260","95","73","0","0","0","0","","","","","c9cf4ba18fcda8b129930700fb9ecf06","0.033","Wed, 08 Feb 2023 21:02:32 GMT","","","","en-us","1.1","","","","","","https://books.toscrape.com/catalogue/category/books/mystery_3/index.html","2026-06-10 17:51:13"
"https://books.toscrape.com/catalogue/category/books/nonfiction_13/index.html","text/html","200","OK","Indexable","","Nonfiction | 
     Books to Scrape - Sandbox","44","344","","0","0","","0","Nonfiction","10","","0","","0","NOARCHIVE,NOCACHE","","","","","","","","","52725","52725","52725","7.814","","406","194","2.093","100.000","Very Easy","3.700","1","4","","78","78","0","28.260","95","73","0","0","0","0","","","","","8a242ba4c3494a7cac1a0851eae18e90","0.120","Wed, 08 Feb 2023 21:02:32 GMT","","","","en-us","1.1","","","","","","https://books.toscrape.com/catalogue/category/books/nonfiction_13/index.html","2026-06-10 17:51:13"
"https://books.toscrape.com/catalogue/category/books/cultural_49/index.html","text/html","200","OK","Indexable","","Cultural | 
     Books to Scrape - Sandbox","42","322","","0","0","","0","Cultural","8","","0","","0","NOARCHIVE,NOCACHE","","","","","","","","","21269","21269","21269","3.152","","166","67","2.478","96.786","Very Easy","3.653","1","4","","59","59","0","21.380","56","53","0","0","0","0","","","","","616f17339bc5fd7e95a9d3a42d1eb4e3","0.033","Wed, 08 Feb 2023 21:02:32 GMT","","","","en-us","1.1","","","","","","https://books.toscrape.com/catalogue/category/books/cultural_49/index.html","2026-06-10 17:51:14"
"https://books.toscrape.com/catalogue/the-coming-woman-a-novel-based-on-the-life-of-the-infamous-feminist-victoria-woodhull_993/index.html","text/html","200","OK","Indexable","","The Coming Woman: A Novel Based on the Life of the Infamous Feminist, Victoria Woodhull | Books to Scrape - Sandbox","115","1068","""If you have a heart, if you have a soul, Karen Hicks' The Coming Woman will make you fall in love with Victoria Woodhull.""-Kinky Friedman, author and Governor of the Heart of Texas ""What kind of confidence would it take for a woman to buck the old boy's club of politics in 1872? More than 140 years pre-Hillary, there was Victoria Woodhull. This book takes you back with a ""If you have a heart, if you have a soul, Karen Hicks' The Coming Woman will make you fall in love with Victoria Woodhull.""-Kinky Friedman, author and Governor of the Heart of Texas ""What kind of confidence would it take for a woman to buck the old boy's club of politics in 1872? More than 140 years pre-Hillary, there was Victoria Woodhull. This book takes you back with a breathtaking, present-tense bird's eye view into a time when women's liberation was primarily confined to one woman's very capable, independent mind. I couldn't put it down.""---Ruth Buzzi, Golden Globe Award winner and Television Hall of Fame inductee""Sadly, too many Americans have never heard of Victoria Woodhull, let alone learned of her story: her revolutionary campaign for the presidency at a time when women weren't even allowed to vote, her support for worker's rights, or her feminist commitment to equality, a century before the official battle over the Equal Rights Amendment. But in The Coming Woman, Karen Hicks brings Woodhull's efforts to life, and reminds us that some of our nation's greatest figures aren't always featured in the history books. It is a riveting account of an amazing woman and her struggle for justice and human dignity, told in an engaging and eminently readable style.""-Tim Wise, author, ""White Like Me: Reflections on Race from a Privileged Son""""The Coming Woman"" is a novel based on the life of feminist Victoria Woodhull, the first woman to run for U.S. President, 50 years before women could even vote!Running for President wasn't Victoria's only first as a woman. She was also the first to own a successful Wall Street firm, the first to publish a successful national newspaper, and the first to head the two-million-member Spiritualist Association. She was the first woman to enter the Senate Judiciary Committee chambers to petition for woman's suffrage, her argument changing the entire focus of the suffragist movement by pointing out that the 14th and 15th Amendments already gave women the vote.In her campaign for the Presidency, Victoria Woodhull boldly addressed many of the issues we still face today: equal pay for equal work; freedom in love; corporate greed and political corruption fueled by powerful lobbyists; and the increasing disparity between the rich and the poor, to name only a few. Her outspoken and common-sense ideas may shed a new perspective on the parallel conundrums of today's world.This bold, beautiful, and sexually progressive woman dared to take on society and religion. To make an example of the hypocrisy in what Mark Twain dubbed The Gilded Age, she exposed the extramarital affairs of the most popular religious figure of the day (Henry Ward Beecher). This led to her persecution and imprisonment and the longest, most infamous trial of the 19th century. But it did not stop her fight for equality.Victoria's epic story, set in the late 1800s, comes to life in a modern, fictional style, while staying true to the actual words and views of the many well-known characters. ...more","3411","20930","","0","The Coming Woman: A Novel Based on the Life of the Infamous Feminist, Victoria Woodhull","87","Product Description","19","Product Information","19","NOARCHIVE,NOCACHE","","","","","","","","","23375","23375","23375","3.464","","733","133","5.511","76.707","Fairly Easy","18.541","1","2","","20","10","0","3.620","16","9","0","0","0","0","","","","","9777e3bf23b7338f284c8306a47a012f","0.035","Wed, 08 Feb 2023 21:02:32 GMT","","","","en-us","1.1","","","","","","https://books.toscrape.com/catalogue/the-coming-woman-a-novel-based-on-the-life-of-the-infamous-feminist-victoria-woodhull_993/index.html","2026-06-10 17:51:14"
"https://books.toscrape.com/catalogue/rip-it-up-and-start-again_986/index.html","text/html","200","OK","Indexable","","Rip it Up and Start Again | Books to Scrape - Sandbox","53","469","Punk's raw power rejuvenated rock, but by the summer of 1977 the movement had become a parody of itself. RIP IT UP AND START AGAIN is a celebration of what happened next.Post-punk bands like PiL, Joy Division, Talking Heads, The Fall and The Human League dedicated themselves to fulfilling punk's unfinished musical revolution. The post-punk groups were fervent modernists; w Punk's raw power rejuvenated rock, but by the summer of 1977 the movement had become a parody of itself. RIP IT UP AND START AGAIN is a celebration of what happened next.Post-punk bands like PiL, Joy Division, Talking Heads, The Fall and The Human League dedicated themselves to fulfilling punk's unfinished musical revolution. The post-punk groups were fervent modernists; whether experimenting with electronics and machine rhythm or adapting ideas from dub reggae and disco, they were totally confident they could invent a whole new future for music. ...more","936","5906","","0","Rip it Up and Start Again","25","Product Description","19","Product Information","19","NOARCHIVE,NOCACHE","","","","","","","","","18360","18360","18360","2.721","","299","79","3.785","85.572","Easy","9.575","1","2","","18","9","0","3.260","16","9","0","0","0","0","","","","","dc66c24569edfe1331d4eda561b66dd6","0.031","Wed, 08 Feb 2023 21:02:32 GMT","","","","en-us","1.1","","","","","","https://books.toscrape.com/catalogue/rip-it-up-and-start-again_986/index.html","2026-06-10 17:51:14"
"https://books.toscrape.com/media/cache/68/33/68339b4c9bc034267e1da611ab3b34f8.jpg","image/jpeg","200","OK","Indexable","","","0","0","","0","0","","0","","0","","0","","0","","","","","","","","","","9798","9798","9798","1.452","","0","","","","","0.000","1","4","","0","0","0","0.000","0","0","0","0","0","0","","","","","","0.034","Wed, 08 Feb 2023 21:02:32 GMT","","","","","1.1","","","","","","https://books.toscrape.com/media/cache/68/33/68339b4c9bc034267e1da611ab3b34f8.jpg","2026-06-10 17:51:14"
"https://books.toscrape.com/media/cache/2c/da/2cdad67c44b002e7ead0cc35693c0e8b.jpg","image/jpeg","200","OK","Indexable","","","0","0","","0","0","","0","","0","","0","","0","","","","","","","","","","9876","9876","9876","1.464","","0","","","","","0.000","1","4","","0","0","0","0.000","0","0","0","0","0","0","","","","","","0.033","Wed, 08 Feb 2023 21:02:32 GMT","","","","","1.1","","","","","","https://books.toscrape.com/media/cache/2c/da/2cdad67c44b002e7ead0cc35693c0e8b.jpg","2026-06-10 17:51:14"
"https://books.toscrape.com/catalogue/category/books/romance_8/index.html","text/html","200","OK","Indexable","","Romance | 
     Books to Scrape - Sandbox","41","336","","0","0","","0","Romance","7","","0","","0","NOARCHIVE,NOCACHE","","","","","","","","","50397","50397","50397","7.469","","399","183","2.180","100.000","Very Easy","3.712","1","4","","78","78","0","28.260","95","73","0","0","0","0","","","","","af6b63d42817c667b44b0479603f88a9","0.032","Wed, 08 Feb 2023 21:02:32 GMT","","","","en-us","1.1","","","","","","https://books.toscrape.com/catalogue/category/books/romance_8/index.html","2026-06-10 17:51:14"
"https://books.toscrape.com/catalogue/the-requiem-red_995/index.html","text/html","200","OK","Indexable","","The Requiem Red | Books to Scrape - Sandbox","43","409","Patient Twenty-nine.A monster roams the halls of Soothing Hills Asylum. Three girls dead. 29 is endowed with the curse…or gift of perception. She hears messages in music, sees lyrics in paintings. And the corn. A lifetime asylum resident, the orchestral corn music is the only constant in her life.Mason, a new, kind orderly, sees 29 as a woman, not a lunatic. And as his bel Patient Twenty-nine.A monster roams the halls of Soothing Hills Asylum. Three girls dead. 29 is endowed with the curse…or gift of perception. She hears messages in music, sees lyrics in paintings. And the corn. A lifetime asylum resident, the orchestral corn music is the only constant in her life.Mason, a new, kind orderly, sees 29 as a woman, not a lunatic. And as his belief in her grows, so does her self- confidence. That perhaps she might escape, might see the outside world. But the monster has other plans. The missing girls share one common thread...each was twenty-nine's cell mate. Will she be next? ...more","995","6038","","0","The Requiem Red","15","Product Description","19","Product Information","19","NOARCHIVE,NOCACHE","","","","","","","","","16468","16468","16468","2.441","","302","90","3.356","92.777","Very Easy","10.455","1","2","","20","10","0","3.620","14","8","0","0","0","0","","","","","2eaa8ef6146adfc6a5ce314a25278fc6","0.030","Wed, 08 Feb 2023 21:02:32 GMT","","","","en-us","1.1","","","","","","https://books.toscrape.com/catalogue/the-requiem-red_995/index.html","2026-06-10 17:51:14"
"https://books.toscrape.com/catalogue/its-only-the-himalayas_981/index.html","text/html","200","OK","Indexable","","It's Only the Himalayas | Books to Scrape - Sandbox","51","454","“Wherever you go, whatever you do, just . . . don’t do anything stupid.” —My MotherDuring her yearlong adventure backpacking from South Africa to Singapore, S. Bedford definitely did a few things her mother might classify as ""stupid."" She swam with great white sharks in South Africa, ran from lions in Zimbabwe, climbed a Himalayan mountain without training in Nepal, and wa “Wherever you go, whatever you do, just . . . don’t do anything stupid.” —My MotherDuring her yearlong adventure backpacking from South Africa to Singapore, S. Bedford definitely did a few things her mother might classify as ""stupid."" She swam with great white sharks in South Africa, ran from lions in Zimbabwe, climbed a Himalayan mountain without training in Nepal, and watched as her friend was attacked by a monkey in Indonesia.But interspersed in those slightly more crazy moments, Sue Bedfored and her friend ""Sara the Stoic"" experienced the sights, sounds, life, and culture of fifteen countries. Joined along the way by a few friends and their aging fathers here and there, Sue and Sara experience the trip of a lifetime. They fall in love with the world, cultivate an appreciation for home, and discover who, or what, they want to become.It's Only the Himalayas is the incredibly funny, sometimes outlandish, always entertaining confession of a young backpacker that will inspire you to take your own adventure. ...more","1405","8627","","0","It's Only the Himalayas","23","Product Description","19","Product Information","19","NOARCHIVE,NOCACHE","","","","","","","","","19362","19362","19362","2.869","","378","92","4.109","83.150","Easy","11.496","1","2","","8","4","0","1.450","16","9","0","0","0","0","","","","","5cfc45afd7e9edaf033a09058050a76a","0.126","Wed, 08 Feb 2023 21:02:32 GMT","","","","en-us","1.1","","","","","","https://books.toscrape.com/catalogue/its-only-the-himalayas_981/index.html","2026-06-10 17:51:14"
"https://books.toscrape.com/media/cache/54/60/54607fe8945897cdcced0044103b10b6.jpg","image/jpeg","200","OK","Indexable","","","0","0","","0","0","","0","","0","","0","","0","","","","","","","","","","9992","9992","9992","1.481","","0","","","","","0.000","1","4","","0","0","0","0.000","0","0","0","0","0","0","","","","","","0.108","Wed, 08 Feb 2023 21:02:32 GMT","","","","","1.1","","","","","","https://books.toscrape.com/media/cache/54/60/54607fe8945897cdcced0044103b10b6.jpg","2026-06-10 17:51:14"
"https://books.toscrape.com/catalogue/category/books/philosophy_7/index.html","text/html","200","OK","Indexable","","Philosophy | 
     Books to Scrape - Sandbox","44","349","","0","0","","0","Philosophy","10","","0","","0","NOARCHIVE,NOCACHE","","","","","","","","","37032","37032","37032","5.488","","274","130","2.108","100.000","Very Easy","3.587","1","4","","69","69","0","25.000","76","63","0","0","0","0","","","","","d800426e16c301ab892a27322afd5275","0.029","Wed, 08 Feb 2023 21:02:32 GMT","","","","en-us","1.1","","","","","","https://books.toscrape.com/catalogue/category/books/philosophy_7/index.html","2026-06-10 17:51:14"
"https://books.toscrape.com/catalogue/category/books/christian-fiction_34/index.html","text/html","200","OK","Indexable","","Christian Fiction | 
     Books to Scrape - Sandbox","51","397","","0","0","","0","Christian Fiction","17","","0","","0","NOARCHIVE,NOCACHE","","","","","","","","","28767","28767","28767","4.263","","225","97","2.320","100.000","Very Easy","3.675","1","4","","64","64","0","23.190","66","58","0","0","0","0","","","","","c3cc6a5fa44292d1c71b8f01cb670ee","0.031","Wed, 08 Feb 2023 21:02:32 GMT","","","","en-us","1.1","","","","","","https://books.toscrape.com/catalogue/category/books/christian-fiction_34/index.html","2026-06-10 17:51:15"
"https://books.toscrape.com/static/oscar/css/datetimepicker.css","text/css","200","OK","Indexable","","","0","0","","0","0","","0","","0","","0","","0","","","","","","","","","","352","352","352","0.052","","0","","","","","0.000","1","3","","0","0","0","0.000","0","0","0","0","0","0","","","","","","0.028","Wed, 08 Feb 2023 21:02:33 GMT","","","","","1.1","","","","","","https://books.toscrape.com/static/oscar/css/datetimepicker.css","2026-06-10 17:51:15"
"https://books.toscrape.com/catalogue/category/books/novels_46/index.html","text/html","200","OK","Indexable","","Novels | 
     Books to Scrape - Sandbox","40","313","","0","0","","0","Novels","6","","0","","0","NOARCHIVE,NOCACHE","","","","","","","","","21456","21456","21456","3.180","","168","68","2.471","96.563","Very Easy","3.696","1","4","","59","59","0","21.380","56","53","0","0","0","0","","","","","6bd592bb59ee0318235e314274893151","0.030","Wed, 08 Feb 2023 21:02:32 GMT","","","","en-us","1.1","","","","","","https://books.toscrape.com/catalogue/category/books/novels_46/index.html","2026-06-10 17:51:15"
"https://books.toscrape.com/catalogue/sharp-objects_997/index.html","text/html","200","OK","Indexable","","Sharp Objects | Books to Scrape - Sandbox","41","377","WICKED above her hipbone, GIRL across her heart Words are like a road map to reporter Camille Preaker’s troubled past. Fresh from a brief stay at a psych hospital, Camille’s first assignment from the second-rate daily paper where she works brings her reluctantly back to her hometown to cover the murders of two preteen girls. NASTY on her kneecap, BABYDOLL on her leg Since WICKED above her hipbone, GIRL across her heart Words are like a road map to reporter Camille Preaker’s troubled past. Fresh from a brief stay at a psych hospital, Camille’s first assignment from the second-rate daily paper where she works brings her reluctantly back to her hometown to cover the murders of two preteen girls. NASTY on her kneecap, BABYDOLL on her leg Since she left town eight years ago, Camille has hardly spoken to her neurotic, hypochondriac mother or to the half-sister she barely knows: a beautiful thirteen-year-old with an eerie grip on the town. Now, installed again in her family’s Victorian mansion, Camille is haunted by the childhood tragedy she has spent her whole life trying to cut from her memory. HARMFUL on her wrist, WHORE on her ankle As Camille works to uncover the truth about these violent crimes, she finds herself identifying with the young victims—a bit too strongly. Clues keep leading to dead ends, forcing Camille to unravel the psychological puzzle of her own past to get at the story. Dogged by her own demons, Camille will have to confront what happened to her years before if she wants to survive this homecoming.With its taut, crafted writing, Sharp Objects is addictive, haunting, and unforgettable. ...more","1635","10063","","0","Sharp Objects","13","Product Description","19","Product Information","19","NOARCHIVE,NOCACHE","","","","","","","","","14847","14847","14847","2.200","","382","75","5.093","82.074","Easy","15.180","1","2","","20","10","0","3.620","10","6","0","0","0","0","","","","","de0b7f7ef6a4ec05e5200079328af608","0.031","Wed, 08 Feb 2023 21:02:32 GMT","","","","en-us","1.1","","","","","","https://books.toscrape.com/catalogue/sharp-objects_997/index.html","2026-06-10 17:51:15"
"https://books.toscrape.com/catalogue/category/books/erotica_50/index.html","text/html","200","OK","Indexable","","Erotica | 
     Books to Scrape - Sandbox","41","314","","0","0","","0","Erotica","7","","0","","0","NOARCHIVE,NOCACHE","","","","","","","","","21248","21248","21248","3.149","","165","67","2.463","95.124","Very Easy","3.629","1","4","","59","59","0","21.380","56","53","0","0","0","0","","","","","79adf8fe4d928064d4325ca9006745e1","0.035","Wed, 08 Feb 2023 21:02:32 GMT","","","","en-us","1.1","","","","","","https://books.toscrape.com/catalogue/category/books/erotica_50/index.html","2026-06-10 17:51:15"
"https://books.toscrape.com/catalogue/scott-pilgrims-precious-little-life-scott-pilgrim-1_987/index.html","text/html","200","OK","Indexable","","Scott Pilgrim's Precious Little Life (Scott Pilgrim #1) | Books to Scrape - Sandbox","83","717","Scott Pilgrim's life is totally sweet. He's 23 years old, he's in a rockband, he's ""between jobs"" and he's dating a cute high school girl. Nothing could possibly go wrong, unless a seriously mind-blowing, dangerously fashionable, rollerblading delivery girl named Ramona Flowers starts cruising through his dreams and sailing by him at parties. Will Scott's awesome life get Scott Pilgrim's life is totally sweet. He's 23 years old, he's in a rockband, he's ""between jobs"" and he's dating a cute high school girl. Nothing could possibly go wrong, unless a seriously mind-blowing, dangerously fashionable, rollerblading delivery girl named Ramona Flowers starts cruising through his dreams and sailing by him at parties. Will Scott's awesome life get turned upside-down? Will he have to face Ramona's seven evil ex-boyfriends in battle? The short answer is yes. The long answer is Scott Pilgrim, Volume 1: Scott Pilgrim's Precious Little Life ...more","949","5688","","0","Scott Pilgrim's Precious Little Life (Scott Pilgrim #1)","55","Product Description","19","Product Information","19","NOARCHIVE,NOCACHE","","","","","","","","","18760","18760","18760","2.780","","304","83","3.663","87.627","Easy","9.744","1","2","","20","10","0","3.620","16","9","0","0","0","0","","","","","a3449f83126d0cad7e44a14af14b4114","0.032","Wed, 08 Feb 2023 21:02:32 GMT","","","","en-us","1.1","","","","","","https://books.toscrape.com/catalogue/scott-pilgrims-precious-little-life-scott-pilgrim-1_987/index.html","2026-06-10 17:51:15"
"https://books.toscrape.com/media/cache/27/a5/27a53d0bb95bdd88288eaf66c9230d7e.jpg","image/jpeg","200","OK","Indexable","","","0","0","","0","0","","0","","0","","0","","0","","","","","","","","","","11095","11095","11095","1.644","","0","","","","","0.000","1","4","","0","0","0","0.000","0","0","0","0","0","0","","","","","","0.042","Wed, 08 Feb 2023 21:02:32 GMT","","","","","1.1","","","","","","https://books.toscrape.com/media/cache/27/a5/27a53d0bb95bdd88288eaf66c9230d7e.jpg","2026-06-10 17:51:15"
"https://books.toscrape.com/catalogue/category/books/contemporary_38/index.html","text/html","200","OK","Indexable","","Contemporary | 
     Books to Scrape - Sandbox","46","379","","0","0","","0","Contemporary","12","","0","","0","NOARCHIVE,NOCACHE","","","","","","","","","24345","24345","24345","3.608","","190","79","2.405","98.866","Very Easy","3.697","1","4","","61","61","0","22.100","60","55","0","0","0","0","","","","","a851dd73a7cc2401e0e14e11bb866d7d","0.117","Wed, 08 Feb 2023 21:02:32 GMT","","","","en-us","1.1","","","","","","https://books.toscrape.com/catalogue/category/books/contemporary_38/index.html","2026-06-10 17:51:15"
"https://books.toscrape.com/catalogue/category/books/business_35/index.html","text/html","200","OK","Indexable","","Business | 
     Books to Scrape - Sandbox","42","332","","0","0","","0","Business","8","","0","","0","NOARCHIVE,NOCACHE","","","","","","","","","39006","39006","39006","5.781","","295","140","2.107","100.000","Very Easy","3.537","1","4","","70","70","0","25.360","78","64","0","0","0","0","","","","","2f9042379ab660ec6d9b7f0553b94234","0.035","Wed, 08 Feb 2023 21:02:32 GMT","","","","en-us","1.1","","","","","","https://books.toscrape.com/catalogue/category/books/business_35/index.html","2026-06-10 17:51:15"
"https://books.toscrape.com/catalogue/category/books/christian_43/index.html","text/html","200","OK","Indexable","","Christian | 
     Books to Scrape - Sandbox","43","332","","0","0","","0","Christian","9","","0","","0","NOARCHIVE,NOCACHE","","","","","","","","","24662","24662","24662","3.655","","192","82","2.341","97.827","Very Easy","3.735","1","4","","61","61","0","22.100","60","55","0","0","0","0","","","","","2db9618a9e6202dcd34d622ef0278092","0.031","Wed, 08 Feb 2023 21:02:32 GMT","","","","en-us","1.1","","","","","","https://books.toscrape.com/catalogue/category/books/christian_43/index.html","2026-06-10 17:51:15"
"https://books.toscrape.com/catalogue/a-light-in-the-attic_1000/index.html","text/html","200","OK","Indexable","","A Light in the Attic | Books to Scrape - Sandbox","48","417","It's hard to imagine a world without A Light in the Attic. This now-classic collection of poetry and drawings from Shel Silverstein celebrates its 20th anniversary with this special edition. Silverstein's humorous and creative verse can amuse the dowdiest of readers. Lemon-faced adults and fidgety kids sit still and read these rhythmic words and laugh and smile and love th It's hard to imagine a world without A Light in the Attic. This now-classic collection of poetry and drawings from Shel Silverstein celebrates its 20th anniversary with this special edition. Silverstein's humorous and creative verse can amuse the dowdiest of readers. Lemon-faced adults and fidgety kids sit still and read these rhythmic words and laugh and smile and love that Silverstein. Need proof of his genius? RockabyeRockabye baby, in the treetopDon't you know a treetopIs no safe place to rock?And who put you up there,And your cradle, too?Baby, I think someone down here'sGot it in for you. Shel, you never sounded so good. ...more","1017","6193","","0","A Light in the Attic","20","Product Description","19","Product Information","19","NOARCHIVE,NOCACHE","","","","","","","","","9279","9279","9279","1.375","","244","53","4.604","78.729","Fairly Easy","15.914","1","2","","20","10","0","3.620","4","3","0","0","0","0","","","","","5b2e5dec1cd59270511e1a1096e5cde7","0.035","Wed, 08 Feb 2023 21:02:32 GMT","","","","en-us","1.1","","","","","","https://books.toscrape.com/catalogue/a-light-in-the-attic_1000/index.html","2026-06-10 17:51:15"
"https://books.toscrape.com/catalogue/category/books/sports-and-games_17/index.html","text/html","200","OK","Indexable","","Sports and Games | 
     Books to Scrape - Sandbox","50","417","","0","0","","0","Sports and Games","16","","0","","0","NOARCHIVE,NOCACHE","","","","","","","","","27558","27558","27558","4.084","","219","92","2.380","100.000","Very Easy","3.760","1","4","","63","63","0","22.830","64","57","0","0","0","0","","","","","cd73cd9d818c6467a9329e4ca3660130","0.123","Wed, 08 Feb 2023 21:02:32 GMT","","","","en-us","1.1","","","","","","https://books.toscrape.com/catalogue/category/books/sports-and-games_17/index.html","2026-06-10 17:51:15"
"https://books.toscrape.com/catalogue/category/books/poetry_23/index.html","text/html","200","OK","Indexable","","Poetry | 
     Books to Scrape - Sandbox","40","310","","0","0","","0","Poetry","6","","0","","0","NOARCHIVE,NOCACHE","","","","","","","","","48207","48207","48207","7.144","","362","178","2.034","100.000","Very Easy","3.538","1","4","","77","77","0","27.900","92","71","0","0","0","0","","","","","844d3024ff03ceba3bb1df336b8129df","0.030","Wed, 08 Feb 2023 21:02:32 GMT","","","","en-us","1.1","","","","","","https://books.toscrape.com/catalogue/category/books/poetry_23/index.html","2026-06-10 17:51:15"
"https://books.toscrape.com/media/cache/81/c4/81c4a973364e17d01f217e1188253d5e.jpg","image/jpeg","200","OK","Indexable","","","0","0","","0","0","","0","","0","","0","","0","","","","","","","","","","11990","11990","11990","1.777","","0","","","","","0.000","1","4","","0","0","0","0.000","0","0","0","0","0","0","","","","","","0.034","Wed, 08 Feb 2023 21:02:33 GMT","","","","","1.1","","","","","","https://books.toscrape.com/media/cache/81/c4/81c4a973364e17d01f217e1188253d5e.jpg","2026-06-10 17:51:16"
"https://books.toscrape.com/catalogue/the-boys-in-the-boat-nine-americans-and-their-epic-quest-for-gold-at-the-1936-berlin-olympics_992/index.html","text/html","200","OK","Indexable","","The Boys in the Boat: Nine Americans and Their Epic Quest for Gold at the 1936 Berlin Olympics | Books to Scrape - Sandbox","122","1100","For readers of Laura Hillenbrand's Seabiscuit and Unbroken, the dramatic story of the American rowing team that stunned the world at Hitler's 1936 Berlin Olympics Daniel James Brown’s robust book tells the story of the University of Washington’s 1936 eight-oar crew and their epic quest for an Olympic gold medal, a team that transformed the sport and grabbed the attention o For readers of Laura Hillenbrand's Seabiscuit and Unbroken, the dramatic story of the American rowing team that stunned the world at Hitler's 1936 Berlin Olympics Daniel James Brown’s robust book tells the story of the University of Washington’s 1936 eight-oar crew and their epic quest for an Olympic gold medal, a team that transformed the sport and grabbed the attention of millions of Americans. The sons of loggers, shipyard workers, and farmers, the boys defeated elite rivals first from eastern and British universities and finally the German crew rowing for Adolf Hitler in the Olympic games in Berlin, 1936. The emotional heart of the story lies with one rower, Joe Rantz, a teenager without family or prospects, who rows not for glory, but to regain his shattered self-regard and to find a place he can call home. The crew is assembled  by an enigmatic coach and mentored by a visionary, eccentric British boat builder, but it is their trust in each other that makes them a victorious team. They remind the country of what can be done when everyone quite literally pulls together—a perfect melding of commitment, determination, and optimism. Drawing on the boys’ own diaries and journals, their photos and memories of a once-in-a-lifetime shared dream, The Boys in the Boat is an irresistible story about beating the odds and finding hope in the most desperate of times—the improbable, intimate story of nine working-class boys from the American west who, in the depths of the Great Depression, showed the world what true grit really meant. It will appeal to readers of Erik Larson, Timothy Egan, James Bradley, and David Halberstam's The Amateurs. ...more","2042","12537","","0","The Boys in the Boat: Nine Americans and Their Epic Quest for Gold at the 1936 Berlin Olympics","94","Product Description","19","Product Information","19","NOARCHIVE,NOCACHE","","","","","","","","","20872","20872","20872","3.093","","508","97","5.237","83.779","Easy","14.310","1","2","","20","10","0","3.620","16","9","0","0","0","0","","","","","2a1b7075c87616d73f9592180c559763","0.032","Wed, 08 Feb 2023 21:02:32 GMT","","","","en-us","1.1","","","","","","https://books.toscrape.com/catalogue/the-boys-in-the-boat-nine-americans-and-their-epic-quest-for-gold-at-the-1936-berlin-olympics_992/index.html","2026-06-10 17:51:16"
"https://books.toscrape.com/index.html","text/html","200","OK","Indexable","","All products | Books to Scrape - Sandbox","40","358","","0","0","","0","All products","12","","0","","0","NOARCHIVE,NOCACHE","","","","","","","","","51294","51294","51294","7.602","","383","185","2.070","100.000","Very Easy","3.528","1","0","","552","276","0","100.000","94","73","0","0","0","0","","","","","a6da38c075051cba97a36f0be10cb823","0.033","Wed, 08 Feb 2023 21:02:32 GMT","","","","en-us","1.1","","","","","","https://books.toscrape.com/index.html","2026-06-10 17:51:16"
"https://books.toscrape.com/media/cache/3d/54/3d54940e57e662c4dd1f3ff00c78cc64.jpg","image/jpeg","200","OK","Indexable","","","0","0","","0","0","","0","","0","","0","","0","","","","","","","","","","9693","9693","9693","1.437","","0","","","","","0.000","1","4","","0","0","0","0.000","0","0","0","0","0","0","","","","","","0.032","Wed, 08 Feb 2023 21:02:32 GMT","","","","","1.1","","","","","","https://books.toscrape.com/media/cache/3d/54/3d54940e57e662c4dd1f3ff00c78cc64.jpg","2026-06-10 17:51:16"
"https://books.toscrape.com/media/cache/10/48/1048f63d3b5061cd2f424d20b3f9b666.jpg","image/jpeg","200","OK","Indexable","","","0","0","","0","0","","0","","0","","0","","0","","","","","","","","","","8157","8157","8157","1.209","","0","","","","","0.000","1","4","","0","0","0","0.000","0","0","0","0","0","0","","","","","","0.116","Wed, 08 Feb 2023 21:02:32 GMT","","","","","1.1","","","","","","https://books.toscrape.com/media/cache/10/48/1048f63d3b5061cd2f424d20b3f9b666.jpg","2026-06-10 17:51:16"
"https://books.toscrape.com/catalogue/category/books/spirituality_39/index.html","text/html","200","OK","Indexable","","Spirituality | 
     Books to Scrape - Sandbox","46","347","","0","0","","0","Spirituality","12","","0","","0","NOARCHIVE,NOCACHE","","","","","","","","","29649","29649","29649","4.394","","228","101","2.257","100.000","Very Easy","3.667","1","4","","58","58","0","21.010","66","58","0","0","0","0","","","","","ad68d7aa66306a73e0515d8b12690659","0.107","Wed, 08 Feb 2023 21:02:32 GMT","","","","en-us","1.1","","","","","","https://books.toscrape.com/catalogue/category/books/spirituality_39/index.html","2026-06-10 17:51:16"
"https://books.toscrape.com/catalogue/libertarianism-for-beginners_982/index.html","text/html","200","OK","Indexable","","Libertarianism for Beginners | Books to Scrape - Sandbox","56","506","Libertarianism isn't about winning elections; it is first and foremost a political philosophy--a description of how, in the opinion of libertarians, free people ought to treat one another, at least when they use the law, which they regard as potentially dangerous. If libertarians are correct, the law should intrude into people's lives as little as possible, rarely telling Libertarianism isn't about winning elections; it is first and foremost a political philosophy--a description of how, in the opinion of libertarians, free people ought to treat one another, at least when they use the law, which they regard as potentially dangerous. If libertarians are correct, the law should intrude into people's lives as little as possible, rarely telling them what to do or how to live.A political and economic philosophy as old as John Locke and John Stuart Mill, but as alive and timely as Rand Paul, the Tea Party, and the novels of Ayn Rand, libertarianism emphasizes individual rights and calls for a radical reduction in the power and size of government. ""Libertarianism For Beginners"" lays out the history and principles of this often-misunderstood philosophy in lucid, dispassionate terms that help illuminate today's political dialogue."" ...more","1249","7370","","0","Libertarianism for Beginners","28","Product Description","19","Product Information","19","NOARCHIVE,NOCACHE","","","","","","","","","18956","18956","18956","2.809","","341","82","4.159","69.884","Normal","10.873","1","2","","10","5","0","1.810","16","9","0","0","0","0","","","","","23510d6ac568afc0ae569f5218df5c24","0.109","Wed, 08 Feb 2023 21:02:32 GMT","","","","en-us","1.1","","","","","","https://books.toscrape.com/catalogue/libertarianism-for-beginners_982/index.html","2026-06-10 17:51:16"
"https://books.toscrape.com/catalogue/category/books/art_25/index.html","text/html","200","OK","Indexable","","Art | 
     Books to Scrape - Sandbox","37","279","","0","0","","0","Art","3","","0","","0","NOARCHIVE,NOCACHE","","","","","","","","","31769","31769","31769","4.708","","243","111","2.189","100.000","Very Easy","3.561","1","4","","58","58","0","21.010","70","60","0","0","0","0","","","","","56747a6e43c1e2900c247c69bffdae06","0.035","Wed, 08 Feb 2023 21:02:32 GMT","","","","en-us","1.1","","","","","","https://books.toscrape.com/catalogue/category/books/art_25/index.html","2026-06-10 17:51:16"
"https://books.toscrape.com/catalogue/category/books/humor_30/index.html","text/html","200","OK","Indexable","","Humor | 
     Books to Scrape - Sandbox","39","313","","0","0","","0","Humor","5","","0","","0","NOARCHIVE,NOCACHE","","","","","","","","","35542","35542","35542","5.267","","270","123","2.195","100.000","Very Easy","3.546","1","4","","58","58","0","21.010","74","62","0","0","0","0","","","","","69b5cf1599f01c940df891edef0451e7","0.035","Wed, 08 Feb 2023 21:02:32 GMT","","","","en-us","1.1","","","","","","https://books.toscrape.com/catalogue/category/books/humor_30/index.html","2026-06-10 17:51:16"
"https://books.toscrape.com/catalogue/category/books_1/index.html","text/html","200","OK","Indexable","","Books | 
     Books to Scrape - Sandbox","39","306","","0","0","","0","Books","5","","0","","0","NOARCHIVE,NOCACHE","","","","","","","","","50607","50607","50607","7.500","","381","185","2.059","100.000","Very Easy","3.548","1","3","","330","276","0","100.000","94","73","0","0","0","0","","","","","3555884147642a9122ba2c50b9e0c2f7","0.049","Wed, 08 Feb 2023 21:02:32 GMT","","","","en-us","1.1","","","","","","https://books.toscrape.com/catalogue/category/books_1/index.html","2026-06-10 17:51:16"
"https://books.toscrape.com/static/oscar/js/bootstrap-datetimepicker/bootstrap-datetimepicker.css","text/css","200","OK","Indexable","","","0","0","","0","0","","0","","0","","0","","0","","","","","","","","","","12351","12351","12351","1.830","","0","","","","","0.000","1","4","","0","0","0","0.000","0","0","0","0","0","0","","","","","","0.028","Wed, 08 Feb 2023 21:02:33 GMT","","","","","1.1","","","","","","https://books.toscrape.com/static/oscar/js/bootstrap-datetimepicker/bootstrap-datetimepicker.css","2026-06-10 17:51:16"
"https://books.toscrape.com/catalogue/category/books/childrens_11/index.html","text/html","200","OK","Indexable","","Childrens | 
     Books to Scrape - Sandbox","43","336","","0","0","","0","Childrens","9","","0","","0","NOARCHIVE,NOCACHE","","","","","","","","","49864","49864","49864","7.390","","381","186","2.048","100.000","Very Easy","3.590","1","4","","58","58","0","21.010","95","73","0","0","0","0","","","","","ca3a2a4d729d64b699c148eff36f046c","0.036","Wed, 08 Feb 2023 21:02:32 GMT","","","","en-us","1.1","","","","","","https://books.toscrape.com/catalogue/category/books/childrens_11/index.html","2026-06-10 17:51:17"
"https://books.toscrape.com/catalogue/our-band-could-be-your-life-scenes-from-the-american-indie-underground-1981-1991_985/index.html","text/html","200","OK","Indexable","","Our Band Could Be Your Life: Scenes from the American Indie Underground, 1981-1991 | Books to Scrape - Sandbox","110","1022","This is the never-before-told story of the musical revolution that happened right under the nose of the Reagan Eighties--when a small but sprawling network of bands, labels, fanzines, radio stations, and other subversives reenergized American rock with punk rock's do-it-yourself credo and created music that was deeply personal, often brilliant, always challenging, and imme This is the never-before-told story of the musical revolution that happened right under the nose of the Reagan Eighties--when a small but sprawling network of bands, labels, fanzines, radio stations, and other subversives reenergized American rock with punk rock's do-it-yourself credo and created music that was deeply personal, often brilliant, always challenging, and immensely influential. This sweeping chronicle of music, politics, drugs, fear, loathing, and faith has been recognized as an indie rock classic in its own right. Among the bands profiled: Mission of Burma, Butthole Surfers, The Minutemen, Sonic Youth, Black Flag, Big Black, Hüsker Dü, Fugazi, Minor Threat, Mudhoney, The Replacements, Beat Happening, and Dinosaur Jr. ...more","1124","6871","","0","Our Band Could Be Your Life: Scenes from the American Indie Underground, 1981-1991","82","Product Description","19","Product Information","19","NOARCHIVE,NOCACHE","","","","","","","","","18795","18795","18795","2.785","","328","82","4.000","77.938","Fairly Easy","10.953","1","2","","16","8","0","2.900","16","9","0","0","0","0","","","","","b0edbe904e995e3fd08a9a91bff136c5","0.034","Wed, 08 Feb 2023 21:02:32 GMT","","","","en-us","1.1","","","","","","https://books.toscrape.com/catalogue/our-band-could-be-your-life-scenes-from-the-american-indie-underground-1981-1991_985/index.html","2026-06-10 17:51:17"
"https://books.toscrape.com/catalogue/category/books/science-fiction_16/index.html","text/html","200","OK","Indexable","","Science Fiction | 
     Books to Scrape - Sandbox","49","387","","0","0","","0","Science Fiction","15","","0","","0","NOARCHIVE,NOCACHE","","","","","","","","","44447","44447","44447","6.587","","332","158","2.101","100.000","Very Easy","3.621","1","4","","59","59","0","21.380","86","68","0","0","0","0","","","","","791ccf67d870c8a9ea73d42bdaea4dd3","0.034","Wed, 08 Feb 2023 21:02:32 GMT","","","","en-us","1.1","","","","","","https://books.toscrape.com/catalogue/category/books/science-fiction_16/index.html","2026-06-10 17:51:17"
"https://books.toscrape.com/catalogue/category/books/religion_12/index.html","text/html","200","OK","Indexable","","Religion | 
     Books to Scrape - Sandbox","42","323","","0","0","","0","Religion","8","","0","","0","NOARCHIVE,NOCACHE","","","","","","","","","30933","30933","30933","4.584","","237","105","2.257","100.000","Very Easy","3.570","1","4","","58","58","0","21.010","68","59","0","0","0","0","","","","","2694912c2efc2f97effcb90d0a99f8c2","0.112","Wed, 08 Feb 2023 21:02:32 GMT","","","","en-us","1.1","","","","","","https://books.toscrape.com/catalogue/category/books/religion_12/index.html","2026-06-10 17:51:17"
"https://books.toscrape.com/catalogue/category/books/music_14/index.html","text/html","200","OK","Indexable","","Music | 
     Books to Scrape - Sandbox","39","305","","0","0","","0","Music","5","","0","","0","NOARCHIVE,NOCACHE","","","","","","","","","40193","40193","40193","5.957","","304","142","2.141","100.000","Very Easy","3.474","1","4","","60","60","0","21.740","80","65","0","0","0","0","","","","","ccf2a27411f3a866b91dd4db2aa3f98f","0.101","Wed, 08 Feb 2023 21:02:32 GMT","","","","en-us","1.1","","","","","","https://books.toscrape.com/catalogue/category/books/music_14/index.html","2026-06-10 17:51:17"
"https://books.toscrape.com/catalogue/category/books/paranormal_24/index.html","text/html","200","OK","Indexable","","Paranormal | 
     Books to Scrape - Sandbox","44","357","","0","0","","0","Paranormal","10","","0","","0","NOARCHIVE,NOCACHE","","","","","","","","","21385","21385","21385","3.169","","168","68","2.471","96.563","Very Easy","3.708","1","4","","58","58","0","21.010","56","53","0","0","0","0","","","","","d3cd99c57c010d5babb33badd36761d6","0.036","Wed, 08 Feb 2023 21:02:32 GMT","","","","en-us","1.1","","","","","","https://books.toscrape.com/catalogue/category/books/paranormal_24/index.html","2026-06-10 17:51:17"
"https://books.toscrape.com/catalogue/category/books/suspense_44/index.html","text/html","200","OK","Indexable","","Suspense | 
     Books to Scrape - Sandbox","42","339","","0","0","","0","Suspense","8","","0","","0","NOARCHIVE,NOCACHE","","","","","","","","","21362","21362","21362","3.166","","168","67","2.507","98.540","Very Easy","3.680","1","4","","58","58","0","21.010","56","53","0","0","0","0","","","","","7026642b84d8bf35572657d8510f8ddf","0.029","Wed, 08 Feb 2023 21:02:32 GMT","","","","en-us","1.1","","","","","","https://books.toscrape.com/catalogue/category/books/suspense_44/index.html","2026-06-10 17:51:17"
"https://books.toscrape.com/media/cache/be/f4/bef44da28c98f905a3ebec0b87be8530.jpg","image/jpeg","200","OK","Indexable","","","0","0","","0","0","","0","","0","","0","","0","","","","","","","","","","11932","11932","11932","1.768","","0","","","","","0.000","1","4","","0","0","0","0.000","0","0","0","0","0","0","","","","","","0.033","Wed, 08 Feb 2023 21:02:33 GMT","","","","","1.1","","","","","","https://books.toscrape.com/media/cache/be/f4/bef44da28c98f905a3ebec0b87be8530.jpg","2026-06-10 17:51:17"
"https://books.toscrape.com/catalogue/category/books/young-adult_21/index.html","text/html","200","OK","Indexable","","Young Adult | 
     Books to Scrape - Sandbox","45","360","","0","0","","0","Young Adult","11","","0","","0","NOARCHIVE,NOCACHE","","","","","","","","","50167","50167","50167","7.435","","387","183","2.115","100.000","Very Easy","3.624","1","4","","60","60","0","21.740","95","73","0","0","0","0","","","","","3f67685e6b861128c82b6b3908dc4361","0.029","Wed, 08 Feb 2023 21:02:32 GMT","","","","en-us","1.1","","","","","","https://books.toscrape.com/catalogue/category/books/young-adult_21/index.html","2026-06-10 17:51:17"
"https://books.toscrape.com/media/cache/5b/88/5b88c52633f53cacf162c15f4f823153.jpg","image/jpeg","200","OK","Indexable","","","0","0","","0","0","","0","","0","","0","","0","","","","","","","","","","7864","7864","7864","1.165","","0","","","","","0.000","1","4","","0","0","0","0.000","0","0","0","0","0","0","","","","","","0.029","Wed, 08 Feb 2023 21:02:32 GMT","","","","","1.1","","","","","","https://books.toscrape.com/media/cache/5b/88/5b88c52633f53cacf162c15f4f823153.jpg","2026-06-10 17:51:18"
"https://books.toscrape.com/catalogue/category/books/adult-fiction_29/index.html","text/html","200","OK","Indexable","","Adult Fiction | 
     Books to Scrape - Sandbox","47","364","","0","0","","0","Adult Fiction","13","","0","","0","NOARCHIVE,NOCACHE","","","","","","","","","21377","21377","21377","3.168","","170","67","2.537","96.768","Very Easy","3.752","1","4","","58","58","0","21.010","56","53","0","0","0","0","","","","","75c976457d2dcfe9ae44cc326ade88dc","0.031","Wed, 08 Feb 2023 21:02:32 GMT","","","","en-us","1.1","","","","","","https://books.toscrape.com/catalogue/category/books/adult-fiction_29/index.html","2026-06-10 17:51:18"
"https://books.toscrape.com/media/cache/58/46/5846057e28022268153beff6d352b06c.jpg","image/jpeg","200","OK","Indexable","","","0","0","","0","0","","0","","0","","0","","0","","","","","","","","","","3915","3915","3915","0.580","","0","","","","","0.000","1","4","","0","0","0","0.000","0","0","0","0","0","0","","","","","","0.038","Wed, 08 Feb 2023 21:02:32 GMT","","","","","1.1","","","","","","https://books.toscrape.com/media/cache/58/46/5846057e28022268153beff6d352b06c.jpg","2026-06-10 17:51:18"
"https://books.toscrape.com/catalogue/category/books/sequential-art_5/index.html","text/html","200","OK","Indexable","","Sequential Art | 
     Books to Scrape - Sandbox","48","379","","0","0","","0","Sequential Art","14","","0","","0","NOARCHIVE,NOCACHE","","","","","","","","","51455","51455","51455","7.626","","399","195","2.046","100.000","Very Easy","3.694","1","4","","59","59","0","21.380","95","73","0","0","0","0","","","","","85160119556267c9e53915a152c87a2","0.033","Wed, 08 Feb 2023 21:02:32 GMT","","","","en-us","1.1","","","","","","https://books.toscrape.com/catalogue/category/books/sequential-art_5/index.html","2026-06-10 17:51:18"
"https://books.toscrape.com/catalogue/category/books/self-help_41/index.html","text/html","200","OK","Indexable","","Self Help | 
     Books to Scrape - Sandbox","43","333","","0","0","","0","Self Help","9","","0","","0","NOARCHIVE,NOCACHE","","","","","","","","","27997","27997","27997","4.149","","218","92","2.370","100.000","Very Easy","3.630","1","4","","58","58","0","21.010","64","57","0","0","0","0","","","","","d8621747e456aa0cdf7d5b894599e880","0.127","Wed, 08 Feb 2023 21:02:32 GMT","","","","en-us","1.1","","","","","","https://books.toscrape.com/catalogue/category/books/self-help_41/index.html","2026-06-10 17:51:18"
"https://books.toscrape.com/media/cache/3e/ef/3eef99c9d9adef34639f510662022830.jpg","image/jpeg","200","OK","Indexable","","","0","0","","0","0","","0","","0","","0","","0","","","","","","","","","","4062","4062","4062","0.602","","0","","","","","0.000","1","4","","0","0","0","0.000","0","0","0","0","0","0","","","","","","0.026","Wed, 08 Feb 2023 21:02:32 GMT","","","","","1.1","","","","","","https://books.toscrape.com/media/cache/3e/ef/3eef99c9d9adef34639f510662022830.jpg","2026-06-10 17:51:18"
"https://books.toscrape.com/catalogue/category/books/autobiography_27/index.html","text/html","200","OK","Indexable","","Autobiography | 
     Books to Scrape - Sandbox","47","381","","0","0","","0","Autobiography","13","","0","","0","NOARCHIVE,NOCACHE","","","","","","","","","33034","33034","33034","4.896","","250","116","2.155","100.000","Very Easy","3.597","1","4","","58","58","0","21.010","72","61","0","0","0","0","","","","","90f9e28e67a60d6ad45f23f7f8b9fcdb","0.107","Wed, 08 Feb 2023 21:02:32 GMT","","","","en-us","1.1","","","","","","https://books.toscrape.com/catalogue/category/books/autobiography_27/index.html","2026-06-10 17:51:18"
"https://books.toscrape.com/catalogue/starving-hearts-triangular-trade-trilogy-1_990/index.html","text/html","200","OK","Indexable","","Starving Hearts (Triangular Trade Trilogy, #1) | Books to Scrape - Sandbox","74","655","Since her assault, Miss Annette Chetwynd has been plagued by nightmares and worries about an arranged marriage. But she yearns to find her anonymous rescuer. Unfortunately, her health and intellect prevent it. Both repel suitors and cause Annette to doubt God's existence, at least until He answers her prayers in an unusual way ... Mr. Peter Adsley is joining the clergy, an Since her assault, Miss Annette Chetwynd has been plagued by nightmares and worries about an arranged marriage. But she yearns to find her anonymous rescuer. Unfortunately, her health and intellect prevent it. Both repel suitors and cause Annette to doubt God's existence, at least until He answers her prayers in an unusual way ... Mr. Peter Adsley is joining the clergy, and he desires a godly wife by his side. After his failed attempt to obtain one, he engages in a clandestine meeting with the bewitching young woman who keeps crossing his path. But she is so unsettling. Destined for disappointments, Peter and Annette endure disgraceful situations. Will Peter's faith sustain him through overwhelming setbacks? Can Annette overcome her doubts? Or will their starving hearts yield to the machinations of a mad man? ...more","1204","7406","","0","Starving Hearts (Triangular Trade Trilogy, #1)","46","Product Description","19","Product Information","19","NOARCHIVE,NOCACHE","","","","","","","","","19216","19216","19216","2.848","","350","93","3.763","85.784","Easy","10.721","1","2","","20","10","0","3.620","16","9","0","0","0","0","","","","","dea469a22f8b2d63e386d97e0d99cd23","0.116","Wed, 08 Feb 2023 21:02:32 GMT","","","","en-us","1.1","","","","","","https://books.toscrape.com/catalogue/starving-hearts-triangular-trade-trilogy-1_990/index.html","2026-06-10 17:51:18"
"https://books.toscrape.com/media/cache/be/a5/bea5697f2534a2f86a3ef27b5a8c12a6.jpg","image/jpeg","200","OK","Indexable","","","0","0","","0","0","","0","","0","","0","","0","","","","","","","","","","7986","7986","7986","1.184","","0","","","","","0.000","1","4","","0","0","0","0.000","0","0","0","0","0","0","","","","","","0.029","Wed, 08 Feb 2023 21:02:33 GMT","","","","","1.1","","","","","","https://books.toscrape.com/media/cache/be/a5/bea5697f2534a2f86a3ef27b5a8c12a6.jpg","2026-06-10 17:51:18"
"https://books.toscrape.com/static/oscar/js/bootstrap-datetimepicker/bootstrap-datetimepicker.js","application/javascript","200","OK","Indexable","","","0","0","","0","0","","0","","0","","0","","0","","","","","","","","","","55331","55331","55331","8.200","","0","","","","","0.000","1","4","","0","0","0","0.000","0","0","0","0","0","0","","","","","","0.034","Wed, 08 Feb 2023 21:02:33 GMT","","","","","1.1","","","","","","https://books.toscrape.com/static/oscar/js/bootstrap-datetimepicker/bootstrap-datetimepicker.js","2026-06-10 17:51:18"
"https://books.toscrape.com/catalogue/category/books/history_32/index.html","text/html","200","OK","Indexable","","History | 
     Books to Scrape - Sandbox","41","315","","0","0","","0","History","7","","0","","0","NOARCHIVE,NOCACHE","","","","","","","","","49302","49302","49302","7.307","","369","178","2.073","100.000","Very Easy","3.587","1","4","","59","59","0","21.380","90","70","0","0","0","0","","","","","255c7a78ff9139b64c177e7d955d2645","0.031","Wed, 08 Feb 2023 21:02:32 GMT","","","","en-us","1.1","","","","","","https://books.toscrape.com/catalogue/category/books/history_32/index.html","2026-06-10 17:51:18"
"https://books.toscrape.com/catalogue/soumission_998/index.html","text/html","200","OK","Indexable","","Soumission | Books to Scrape - Sandbox","38","356","Dans une France assez proche de la nôtre, un homme s’engage dans la carrière universitaire. Peu motivé par l’enseignement, il s’attend à une vie ennuyeuse mais calme, protégée des grands drames historiques. Cependant les forces en jeu dans le pays ont fissuré le système politique jusqu’à provoquer son effondrement. Cette implosion sans soubresauts, sans vraie révolution, s Dans une France assez proche de la nôtre, un homme s’engage dans la carrière universitaire. Peu motivé par l’enseignement, il s’attend à une vie ennuyeuse mais calme, protégée des grands drames historiques. Cependant les forces en jeu dans le pays ont fissuré le système politique jusqu’à provoquer son effondrement. Cette implosion sans soubresauts, sans vraie révolution, se développe comme un mauvais rêve.Le talent de l’auteur, sa force visionnaire nous entraînent sur un terrain ambigu et glissant ; son regard sur notre civilisation vieillissante fait coexister dans ce roman les intuitions poétiques, les effets comiques, une mélancolie fataliste.Ce livre est une saisissante fable politique et morale. ...more","1093","6681","","0","Soumission","10","Product Description","19","Product Information","19","NOARCHIVE,NOCACHE","","","","","","","","","12431","12431","12431","1.842","","261","63","4.143","76.540","Fairly Easy","13.453","1","2","","20","10","0","3.620","8","5","0","0","0","0","","","","","ead7d1cf5e0e0b008673bf2d3c0e69d4","0.111","Wed, 08 Feb 2023 21:02:32 GMT","","","","en-us","1.1","","","","","","https://books.toscrape.com/catalogue/soumission_998/index.html","2026-06-10 17:51:18"
"https://books.toscrape.com/catalogue/sapiens-a-brief-history-of-humankind_996/index.html","text/html","200","OK","Indexable","","Sapiens: A Brief History of Humankind | Books to Scrape - Sandbox","65","591","From a renowned historian comes a groundbreaking narrative of humanity’s creation and evolution—a #1 international bestseller—that explores the ways in which biology and history have defined us and enhanced our understanding of what it means to be “human.”One hundred thousand years ago, at least six different species of humans inhabited Earth. Yet today there is only one—h From a renowned historian comes a groundbreaking narrative of humanity’s creation and evolution—a #1 international bestseller—that explores the ways in which biology and history have defined us and enhanced our understanding of what it means to be “human.”One hundred thousand years ago, at least six different species of humans inhabited Earth. Yet today there is only one—homo sapiens. What happened to the others? And what may happen to us?Most books about the history of humanity pursue either a historical or a biological approach, but Dr. Yuval Noah Harari breaks the mold with this highly original book that begins about 70,000 years ago with the appearance of modern cognition. From examining the role evolving humans have played in the global ecosystem to charting the rise of empires, Sapiens integrates history and science to reconsider accepted narratives, connect past developments with contemporary concerns, and examine specific events within the context of larger ideas.Dr. Harari also compels us to look ahead, because over the last few decades humans have begun to bend laws of natural selection that have governed life for the past four billion years. We are acquiring the ability to design not only the world around us, but also ourselves. Where is this leading us, and what do we want to become?Featuring 27 photographs, 6 maps, and 25 illustrations/diagrams, this provocative and insightful work is sure to spark debate and is essential reading for aficionados of Jared Diamond, James Gleick, Matt Ridley, Robert Wright, and Sharon Moalem. ...more","1945","12165","","0","Sapiens: A Brief History of Humankind","37","Product Description","19","Product Information","19","NOARCHIVE,NOCACHE","","","","","","","","","17026","17026","17026","2.523","","429","90","4.767","68.688","Normal","15.622","1","2","","20","10","0","3.620","12","7","0","0","0","0","","","","","d8a87fa9c9bd530c0cde2748903438c5","0.109","Wed, 08 Feb 2023 21:02:32 GMT","","","","en-us","1.1","","","","","","https://books.toscrape.com/catalogue/sapiens-a-brief-history-of-humankind_996/index.html","2026-06-10 17:51:18"
"https://books.toscrape.com/catalogue/category/books/travel_2/index.html","text/html","200","OK","Indexable","","Travel | 
     Books to Scrape - Sandbox","40","308","","0","0","","0","Travel","6","","0","","0","NOARCHIVE,NOCACHE","","","","","","","","","37009","37009","37009","5.485","","284","129","2.202","100.000","Very Easy","3.620","1","4","","59","59","0","21.380","76","63","0","0","0","0","","","","","1b78b904a93a44deb24e607740435a2c","0.106","Wed, 08 Feb 2023 21:02:32 GMT","","","","en-us","1.1","","","","","","https://books.toscrape.com/catalogue/category/books/travel_2/index.html","2026-06-10 17:51:18"
"https://books.toscrape.com/catalogue/category/books/default_15/index.html","text/html","200","OK","Indexable","","Default | 
     Books to Scrape - Sandbox","41","317","","0","0","","0","Default","7","","0","","0","NOARCHIVE,NOCACHE","","","","","","","","","51474","51474","51474","7.628","","392","187","2.096","100.000","Very Easy","3.605","1","4","","61","61","0","22.100","95","73","0","0","0","0","","","","","fbd15e12f0521970751fe43c32c9e573","0.033","Wed, 08 Feb 2023 21:02:32 GMT","","","","en-us","1.1","","","","","","https://books.toscrape.com/catalogue/category/books/default_15/index.html","2026-06-10 17:51:18"
"https://books.toscrape.com/catalogue/category/books/historical-fiction_4/index.html","text/html","200","OK","Indexable","","Historical Fiction | 
     Books to Scrape - Sandbox","52","402","","0","0","","0","Historical Fiction","18","","0","","0","NOARCHIVE,NOCACHE","","","","","","","","","50109","50109","50109","7.426","","392","186","2.108","100.000","Very Easy","3.677","1","4","","59","59","0","21.380","95","73","0","0","0","0","","","","","6b7cfc857eed1c5a657a128360164a63","0.100","Wed, 08 Feb 2023 21:02:32 GMT","","","","en-us","1.1","","","","","","https://books.toscrape.com/catalogue/category/books/historical-fiction_4/index.html","2026-06-10 17:51:18"
"https://books.toscrape.com/catalogue/page-2.html","text/html","200","OK","Indexable","","All products | Books to Scrape - Sandbox","40","358","","0","0","","0","All products","12","","0","","0","NOARCHIVE,NOCACHE","","","","","","","","","50877","50877","50877","7.540","","391","188","2.080","100.000","Very Easy","3.638","1","1","","2","2","0","0.720","95","74","0","0","0","0","","","","","dde8a90c21f73d29af06562b5a1cf21a","0.034","Wed, 08 Feb 2023 21:02:32 GMT","","","","en-us","1.1","","","","","","https://books.toscrape.com/catalogue/page-2.html","2026-06-10 17:51:18"
"https://books.toscrape.com/catalogue/category/books/science_22/index.html","text/html","200","OK","Indexable","","Science | 
     Books to Scrape - Sandbox","41","322","","0","0","","0","Science","7","","0","","0","NOARCHIVE,NOCACHE","","","","","","","","","42547","42547","42547","6.305","","319","149","2.141","100.000","Very Easy","3.590","1","4","","58","58","0","21.010","82","66","0","0","0","0","","","","","9d723efd9be1a36aab2494133e2f1077","0.033","Wed, 08 Feb 2023 21:02:32 GMT","","","","en-us","1.1","","","","","","https://books.toscrape.com/catalogue/category/books/science_22/index.html","2026-06-10 17:51:18"
"https://books.toscrape.com/catalogue/category/books/new-adult_20/index.html","text/html","200","OK","Indexable","","New Adult | 
     Books to Scrape - Sandbox","43","344","","0","0","","0","New Adult","9","","0","","0","NOARCHIVE,NOCACHE","","","","","","","","","28732","28732","28732","4.258","","223","97","2.299","100.000","Very Easy","3.707","1","4","","58","58","0","21.010","66","58","0","0","0","0","","","","","298144b3b216212b4b6414127a79b5d5","0.031","Wed, 08 Feb 2023 21:02:32 GMT","","","","en-us","1.1","","","","","","https://books.toscrape.com/catalogue/category/books/new-adult_20/index.html","2026-06-10 17:51:19"
"https://books.toscrape.com/media/cache/0b/bc/0bbcd0a6f4bcd81ccb1049a52736406e.jpg","image/jpeg","200","OK","Indexable","","","0","0","","0","0","","0","","0","","0","","0","","","","","","","","","","10883","10883","10883","1.613","","0","","","","","0.000","1","4","","0","0","0","0.000","0","0","0","0","0","0","","","","","","0.026","Wed, 08 Feb 2023 21:02:32 GMT","","","","","1.1","","","","","","https://books.toscrape.com/media/cache/0b/bc/0bbcd0a6f4bcd81ccb1049a52736406e.jpg","2026-06-10 17:51:19"
"https://books.toscrape.com/catalogue/category/books/fantasy_19/index.html","text/html","200","OK","Indexable","","Fantasy | 
     Books to Scrape - Sandbox","41","322","","0","0","","0","Fantasy","7","","0","","0","NOARCHIVE,NOCACHE","","","","","","","","","51248","51248","51248","7.595","","399","185","2.157","100.000","Very Easy","3.727","1","4","","58","58","0","21.010","95","73","0","0","0","0","","","","","9196896d557db25725951458b0fdfcd4","0.027","Wed, 08 Feb 2023 21:02:32 GMT","","","","en-us","1.1","","","","","","https://books.toscrape.com/catalogue/category/books/fantasy_19/index.html","2026-06-10 17:51:19"
"https://books.toscrape.com/media/cache/09/a3/09a3aef48557576e1a85ba7efea8ecb7.jpg","image/jpeg","200","OK","Indexable","","","0","0","","0","0","","0","","0","","0","","0","","","","","","","","","","9581","9581","9581","1.420","","0","","","","","0.000","1","4","","0","0","0","0.000","0","0","0","0","0","0","","","","","","0.032","Wed, 08 Feb 2023 21:02:32 GMT","","","","","1.1","","","","","","https://books.toscrape.com/media/cache/09/a3/09a3aef48557576e1a85ba7efea8ecb7.jpg","2026-06-10 17:51:19"
"https://books.toscrape.com/catalogue/category/books/fiction_10/index.html","text/html","200","OK","Indexable","","Fiction | 
     Books to Scrape - Sandbox","41","312","","0","0","","0","Fiction","7","","0","","0","NOARCHIVE,NOCACHE","","","","","","","","","49677","49677","49677","7.362","","385","186","2.070","100.000","Very Easy","3.627","1","4","","59","59","0","21.380","95","73","0","0","0","0","","","","","aa03954739edcdd55cbb07dc74d882d0","0.065","Wed, 08 Feb 2023 21:02:32 GMT","","","","en-us","1.1","","","","","","https://books.toscrape.com/catalogue/category/books/fiction_10/index.html","2026-06-10 17:51:19"
"https://books.toscrape.com/static/oscar/js/bootstrap-datetimepicker/locales/bootstrap-datetimepicker.all.js","application/javascript","200","OK","Indexable","","","0","0","","0","0","","0","","0","","0","","0","","","","","","","","","","31995","31995","31995","4.742","","0","","","","","0.000","1","5","","0","0","0","0.000","0","0","0","0","0","0","","","","","","0.033","Wed, 08 Feb 2023 21:02:33 GMT","","","","","1.1","","","","","","https://books.toscrape.com/static/oscar/js/bootstrap-datetimepicker/locales/bootstrap-datetimepicker.all.js","2026-06-10 17:51:19"
"https://books.toscrape.com/static/oscar/css/styles.css","text/css","200","OK","Indexable","","","0","0","","0","0","","0","","0","","0","","0","","","","","","","","","","215100","215100","215100","31.878","","0","","","","","0.000","1","3","","0","0","0","0.000","0","0","0","0","0","0","","","","","","0.035","Wed, 08 Feb 2023 21:02:33 GMT","","","","","1.1","","","","","","https://books.toscrape.com/static/oscar/css/styles.css","2026-06-10 17:51:19"
"https://books.toscrape.com/catalogue/category/books/psychology_26/index.html","text/html","200","OK","Indexable","","Psychology | 
     Books to Scrape - Sandbox","44","352","","0","0","","0","Psychology","10","","0","","0","NOARCHIVE,NOCACHE","","","","","","","","","30968","30968","30968","4.589","","238","106","2.245","100.000","Very Easy","3.676","1","4","","58","58","0","21.010","68","59","0","0","0","0","","","","","4fa77b661d4b099aefa8c256a5ee939","0.030","Wed, 08 Feb 2023 21:02:32 GMT","","","","en-us","1.1","","","","","","https://books.toscrape.com/catalogue/category/books/psychology_26/index.html","2026-06-10 17:51:19"
"https://books.toscrape.com/media/cache/92/27/92274a95b7c251fea59a2b8a78275ab4.jpg","image/jpeg","200","OK","Indexable","","","0","0","","0","0","","0","","0","","0","","0","","","","","","","","","","10740","10740","10740","1.592","","0","","","","","0.000","1","4","","0","0","0","0.000","0","0","0","0","0","0","","","","","","0.115","Wed, 08 Feb 2023 21:02:33 GMT","","","","","1.1","","","","","","https://books.toscrape.com/media/cache/92/27/92274a95b7c251fea59a2b8a78275ab4.jpg","2026-06-10 17:51:19"
"https://books.toscrape.com/static/oscar/js/bootstrap3/bootstrap.min.js","application/javascript","200","OK","Indexable","","","0","0","","0","0","","0","","0","","0","","0","","","","","","","","","","31819","31819","31819","4.716","","0","","","","","0.000","1","4","","0","0","0","0.000","0","0","0","0","0","0","","","","","","0.107","Wed, 08 Feb 2023 21:02:33 GMT","","","","","1.1","","","","","","https://books.toscrape.com/static/oscar/js/bootstrap3/bootstrap.min.js","2026-06-10 17:51:19"
"https://books.toscrape.com/catalogue/category/books/womens-fiction_9/index.html","text/html","200","OK","Indexable","","Womens Fiction | 
     Books to Scrape - Sandbox","48","396","","0","0","","0","Womens Fiction","14","","0","","0","NOARCHIVE,NOCACHE","","","","","","","","","45308","45308","45308","6.715","","346","163","2.123","100.000","Very Easy","3.608","1","4","","58","58","0","21.010","88","69","0","0","0","0","","","","","601314a93c0da53985393b2282235bc2","0.119","Wed, 08 Feb 2023 21:02:32 GMT","","","","en-us","1.1","","","","","","https://books.toscrape.com/catalogue/category/books/womens-fiction_9/index.html","2026-06-10 17:51:19"
"https://books.toscrape.com/catalogue/shakespeares-sonnets_989/index.html","text/html","200","OK","Indexable","","Shakespeare's Sonnets | Books to Scrape - Sandbox","49","459","This book is an important and complete collection of the Sonnets of William Shakespeare. Most readers are aware of the great plays and manuscripts written for the stage, but are unaware of the magnificent Sonnets which were written around the same period. This is an excellent, complete collection of the Sonnets and poetry of William Shakespeare and should not be missed by This book is an important and complete collection of the Sonnets of William Shakespeare. Most readers are aware of the great plays and manuscripts written for the stage, but are unaware of the magnificent Sonnets which were written around the same period. This is an excellent, complete collection of the Sonnets and poetry of William Shakespeare and should not be missed by those interested in the completion of a collection of his writings and those interested in early poetic works. ...more","868","5364","","0","Shakespeare's Sonnets","21","Product Description","19","Product Information","19","NOARCHIVE,NOCACHE","","","","","","","","","18441","18441","18441","2.733","","289","76","3.803","89.395","Easy","9.121","1","2","","20","10","0","3.620","16","9","0","0","0","0","","","","","dca5fc659f971d052c6557cdae71fd60","0.105","Wed, 08 Feb 2023 21:02:32 GMT","","","","en-us","1.1","","","","","","https://books.toscrape.com/catalogue/shakespeares-sonnets_989/index.html","2026-06-10 17:51:19"
"https://books.toscrape.com/catalogue/category/books/historical_42/index.html","text/html","200","OK","Indexable","","Historical | 
     Books to Scrape - Sandbox","44","337","","0","0","","0","Historical","10","","0","","0","NOARCHIVE,NOCACHE","","","","","","","","","22924","22924","22924","3.397","","180","73","2.466","100.000","Very Easy","3.665","1","4","","58","58","0","21.010","58","54","0","0","0","0","","","","","f87ba606e9487d0bc436aa1064b18759","0.033","Wed, 08 Feb 2023 21:02:32 GMT","","","","en-us","1.1","","","","","","https://books.toscrape.com/catalogue/category/books/historical_42/index.html","2026-06-10 17:51:19"
"https://books.toscrape.com/media/cache/66/88/66883b91f6804b2323c8369331cb7dd1.jpg","image/jpeg","200","OK","Indexable","","","0","0","","0","0","","0","","0","","0","","0","","","","","","","","","","8783","8783","8783","1.302","","0","","","","","0.000","1","4","","0","0","0","0.000","0","0","0","0","0","0","","","","","","0.030","Wed, 08 Feb 2023 21:02:32 GMT","","","","","1.1","","","","","","https://books.toscrape.com/media/cache/66/88/66883b91f6804b2323c8369331cb7dd1.jpg","2026-06-10 17:51:19"
"https://books.toscrape.com/media/cache/08/e9/08e94f3731d7d6b760dfbfbc02ca5c62.jpg","image/jpeg","200","OK","Indexable","","","0","0","","0","0","","0","","0","","0","","0","","","","","","","","","","18504","18504","18504","2.742","","0","","","","","0.000","2","4","","0","0","0","0.000","0","0","0","0","0","0","","","","","","0.028","Wed, 08 Feb 2023 21:02:32 GMT","","","","","1.1","","","","","","https://books.toscrape.com/media/cache/08/e9/08e94f3731d7d6b760dfbfbc02ca5c62.jpg","2026-06-10 17:51:19"
"https://books.toscrape.com/catalogue/category/books/add-a-comment_18/index.html","text/html","200","OK","Indexable","","Add a comment | 
     Books to Scrape - Sandbox","47","394","","0","0","","0","Add a comment","13","","0","","0","NOARCHIVE,NOCACHE","","","","","","","","","50931","50931","50931","7.548","","394","185","2.130","100.000","Very Easy","3.610","1","4","","58","58","0","21.010","95","73","0","0","0","0","","","","","3e9af3b9f80ae25cd3c7785a811fa44d","0.030","Wed, 08 Feb 2023 21:02:32 GMT","","","","en-us","1.1","","","","","","https://books.toscrape.com/catalogue/category/books/add-a-comment_18/index.html","2026-06-10 17:51:19"
"https://books.toscrape.com/media/cache/b1/0e/b10eabab1e1c811a6d47969904fd5755.jpg","image/jpeg","200","OK","Indexable","","","0","0","","0","0","","0","","0","","0","","0","","","","","","","","","","8276","8276","8276","1.227","","0","","","","","0.000","2","4","","0","0","0","0.000","0","0","0","0","0","0","","","","","","0.107","Wed, 08 Feb 2023 21:02:33 GMT","","","","","1.1","","","","","","https://books.toscrape.com/media/cache/b1/0e/b10eabab1e1c811a6d47969904fd5755.jpg","2026-06-10 17:51:19"
"https://books.toscrape.com/media/cache/e8/1f/e81f850db9b9622c65619c9f15748de7.jpg","image/jpeg","200","OK","Indexable","","","0","0","","0","0","","0","","0","","0","","0","","","","","","","","","","50384","50384","50384","7.467","","0","","","","","0.000","2","4","","0","0","0","0.000","0","0","0","0","0","0","","","","","","0.110","Wed, 08 Feb 2023 21:02:33 GMT","","","","","1.1","","","","","","https://books.toscrape.com/media/cache/e8/1f/e81f850db9b9622c65619c9f15748de7.jpg","2026-06-10 17:51:19"
"https://books.toscrape.com/media/cache/7c/93/7c9302e392e128881e926d19f761da33.jpg","image/jpeg","200","OK","Indexable","","","0","0","","0","0","","0","","0","","0","","0","","","","","","","","","","8913","8913","8913","1.321","","0","","","","","0.000","2","4","","0","0","0","0.000","0","0","0","0","0","0","","","","","","0.104","Wed, 08 Feb 2023 21:02:33 GMT","","","","","1.1","","","","","","https://books.toscrape.com/media/cache/7c/93/7c9302e392e128881e926d19f761da33.jpg","2026-06-10 17:51:19"
"https://books.toscrape.com/catalogue/misery_332/index.html","text/html","200","OK","Indexable","","Misery | Books to Scrape - Sandbox","34","311","Alternate cover edition here.Paul Sheldon. He's a bestselling novelist who has finally met his biggest fan. Her name is Annie Wilkes and she is more than a rabid reader - she is Paul's nurse, tending his shattered body after an automobile accident. But she is also his captor, keeping him prisoner in her isolated house.","320","1920","","0","Misery","6","Product Description","19","Product Information","19","NOARCHIVE,NOCACHE","","","","","","","","","16709","16709","16709","2.476","","197","70","2.814","92.753","Very Easy","6.623","2","2","","12","6","0","2.170","16","9","0","0","0","0","","","","","11a2cfb5be576dee200dd13f6ff75216","0.104","Wed, 08 Feb 2023 21:02:32 GMT","","","","en-us","1.1","","","","","","https://books.toscrape.com/catalogue/misery_332/index.html","2026-06-10 17:51:19"
"https://books.toscrape.com/media/cache/14/25/142563ccee483bc07632f9c083a68326.jpg","image/jpeg","200","OK","Indexable","","","0","0","","0","0","","0","","0","","0","","0","","","","","","","","","","8568","8568","8568","1.270","","0","","","","","0.000","2","4","","0","0","0","0.000","0","0","0","0","0","0","","","","","","0.106","Wed, 08 Feb 2023 21:02:32 GMT","","","","","1.1","","","","","","https://books.toscrape.com/media/cache/14/25/142563ccee483bc07632f9c083a68326.jpg","2026-06-10 17:51:20"
"https://books.toscrape.com/catalogue/psycho-sanitarium-psycho-15_628/index.html","text/html","200","OK","Indexable","","Psycho: Sanitarium (Psycho #1.5) | Books to Scrape - Sandbox","60","551","The original Psycho novel by Robert Bloch was published in 1959 and became an instant hit, leading to the smash movie only a year later, which brought Norman Bates's terrifying story into the public consciousness, where it still remains (proven by the success of the tv series, Bates Motel). It took Bloch 23 years to write another Psycho novel, revealing that Norman had bee The original Psycho novel by Robert Bloch was published in 1959 and became an instant hit, leading to the smash movie only a year later, which brought Norman Bates's terrifying story into the public consciousness, where it still remains (proven by the success of the tv series, Bates Motel). It took Bloch 23 years to write another Psycho novel, revealing that Norman had been in a mental institution the entire time. In that sequel, Norman quickly escapes the sanitarium and goes on a killing spree in Hollywood.But what happened in that asylum during those two decades? Until now, no one has known.It's 1960. Norman Bates is in the State Hospital for the Criminally Insane and it's up to Dr. Felix Reed to bring him out of his catatonic state.But Norman and Dr. Reed have obstacles in twisted fellow patients and staff members who think of the institution as a prison rather than a place of healing. And the greatest obstacle is the building itself, once a private sanitarium, rumored to be haunted. A wild card appears in the persona of Robert Newman, Norman's twin brother, taken away at birth after the attending doctor pronounced him brain damaged. As Robert and Norman grow to know each other, Norman senses a darkness in Robert, even deeper than that which has lurked in Norman himself.Soon, murders begin to occur and a shocking chain of events plunge us even deeper into the deranged madness inside the walls of Psycho: Sanitarium. ...more","1825","11252","","0","Psycho: Sanitarium (Psycho #1.5)","32","Product Description","19","Product Information","19","NOARCHIVE,NOCACHE","","","","","","","","","19498","19498","19498","2.890","","451","103","4.379","84.588","Easy","13.398","2","2","","14","7","0","2.540","16","9","0","0","0","0","","","","","958eee00dc91bb62a65a9aa9743c8043","0.029","Wed, 08 Feb 2023 21:02:32 GMT","","","","en-us","1.1","","","","","","https://books.toscrape.com/catalogue/psycho-sanitarium-psycho-15_628/index.html","2026-06-10 17:51:20"
"https://books.toscrape.com/media/cache/55/bf/55bfc858c1cb19867e41415532ae43c6.jpg","image/jpeg","200","OK","Indexable","","","0","0","","0","0","","0","","0","","0","","0","","","","","","","","","","11269","11269","11269","1.670","","0","","","","","0.000","2","4","","0","0","0","0.000","0","0","0","0","0","0","","","","","","0.107","Wed, 08 Feb 2023 21:02:32 GMT","","","","","1.1","","","","","","https://books.toscrape.com/media/cache/55/bf/55bfc858c1cb19867e41415532ae43c6.jpg","2026-06-10 17:51:20"
"https://books.toscrape.com/media/cache/da/df/dadfac66a89774b46b10225362724c83.jpg","image/jpeg","200","OK","Indexable","","","0","0","","0","0","","0","","0","","0","","0","","","","","","","","","","7964","7964","7964","1.180","","0","","","","","0.000","2","4","","0","0","0","0.000","0","0","0","0","0","0","","","","","","0.033","Wed, 08 Feb 2023 21:02:33 GMT","","","","","1.1","","","","","","https://books.toscrape.com/media/cache/da/df/dadfac66a89774b46b10225362724c83.jpg","2026-06-10 17:51:20"
"https://books.toscrape.com/catalogue/can-you-keep-a-secret-fear-street-relaunch-4_614/index.html","text/html","200","OK","Indexable","","Can You Keep a Secret? (Fear Street Relaunch #4) | Books to Scrape - Sandbox","76","699","How many nightmares begin in the Fear Street Woods?Eddie and Emma are high school sweethearts from the wrong side of the tracks. Looking for an escape from their dreary lives, they embark on an overnight camping trip with four friends in the Fear Street Woods.As Eddie carves a heart in a tree, he and Emma make a shocking discovery. It’s a discovery that will lead to the en How many nightmares begin in the Fear Street Woods?Eddie and Emma are high school sweethearts from the wrong side of the tracks. Looking for an escape from their dreary lives, they embark on an overnight camping trip with four friends in the Fear Street Woods.As Eddie carves a heart in a tree, he and Emma make a shocking discovery. It’s a discovery that will lead to the end of friendships—and to murder.Meanwhile, Emmy is having strange, terrifying dreams about wolves. Are her dreams connected somehow to the real wolf attacks that plague the town of Shadyside?Emmy, it seems, is about to make a horrifying discovery about herself… ...more","1019","6361","","0","Can You Keep a Secret? (Fear Street Relaunch #4)","48","Product Description","19","Product Information","19","NOARCHIVE,NOCACHE","","","","","","","","","18055","18055","18055","2.676","","327","89","3.674","93.152","Very Easy","10.283","2","2","","14","7","0","2.540","16","9","0","0","0","0","","","","","794bd5c595a345006f5ebbb47fa29865","0.107","Wed, 08 Feb 2023 21:02:32 GMT","","","","en-us","1.1","","","","","","https://books.toscrape.com/catalogue/can-you-keep-a-secret-fear-street-relaunch-4_614/index.html","2026-06-10 17:51:20"
"https://books.toscrape.com/media/cache/2d/e0/2de0eff716ca13d12cf5420e88e1a8b3.jpg","image/jpeg","200","OK","Indexable","","","0","0","","0","0","","0","","0","","0","","0","","","","","","","","","","11337","11337","11337","1.680","","0","","","","","0.000","2","4","","0","0","0","0.000","0","0","0","0","0","0","","","","","","0.031","Wed, 08 Feb 2023 21:02:32 GMT","","","","","1.1","","","","","","https://books.toscrape.com/media/cache/2d/e0/2de0eff716ca13d12cf5420e88e1a8b3.jpg","2026-06-10 17:51:20"
"https://books.toscrape.com/media/cache/0b/2f/0b2f432cc27132f688fcdf29618521e0.jpg","image/jpeg","200","OK","Indexable","","","0","0","","0","0","","0","","0","","0","","0","","","","","","","","","","11601","11601","11601","1.719","","0","","","","","0.000","2","4","","0","0","0","0.000","0","0","0","0","0","0","","","","","","0.119","Wed, 08 Feb 2023 21:02:32 GMT","","","","","1.1","","","","","","https://books.toscrape.com/media/cache/0b/2f/0b2f432cc27132f688fcdf29618521e0.jpg","2026-06-10 17:51:20"
"https://books.toscrape.com/catalogue/it_330/index.html","text/html","200","OK","Indexable","","It | Books to Scrape - Sandbox","30","264","To the children, the town was their whole world. To the adults, knowing better, Derry, Maine was just their home town: familiar, well-ordered for the most part. A good place to live.It was the children who saw - and felt - what made Derry so horribly different. In the storm drains, in the sewers, IT lurked, taking on the shape of every nightmare, each one's deepest dread. To the children, the town was their whole world. To the adults, knowing better, Derry, Maine was just their home town: familiar, well-ordered for the most part. A good place to live.It was the children who saw - and felt - what made Derry so horribly different. In the storm drains, in the sewers, IT lurked, taking on the shape of every nightmare, each one's deepest dread. Sometimes IT reached up, seizing, tearing, killing . . .The adults, knowing better, knew nothing.Time passed and the children grew up, moved away. The horror of IT was deep-buried, wrapped in forgetfulness. Until they were called back, once more to confront IT as IT stirred and coiled in the sullen depths of their memories, reaching up again to make their past nightmares a terrible present reality. ...more","1159","6965","","0","It","2","Product Description","19","Product Information","19","NOARCHIVE,NOCACHE","","","","","","","","","18244","18244","18244","2.704","","340","91","3.736","96.795","Very Easy","10.480","2","2","","10","5","0","1.810","16","9","0","0","0","0","","","","","b3e936af3802bedd1e7281e7235cfa0d","0.112","Wed, 08 Feb 2023 21:02:32 GMT","","","","en-us","1.1","","","","","","https://books.toscrape.com/catalogue/it_330/index.html","2026-06-10 17:51:20"
"https://books.toscrape.com/media/cache/3a/7c/3a7c2393061031e7911d7b533b723391.jpg","image/jpeg","200","OK","Indexable","","","0","0","","0","0","","0","","0","","0","","0","","","","","","","","","","11415","11415","11415","1.692","","0","","","","","0.000","2","4","","0","0","0","0.000","0","0","0","0","0","0","","","","","","0.107","Wed, 08 Feb 2023 21:02:32 GMT","","","","","1.1","","","","","","https://books.toscrape.com/media/cache/3a/7c/3a7c2393061031e7911d7b533b723391.jpg","2026-06-10 17:51:20"
"https://books.toscrape.com/catalogue/follow-you-home_809/index.html","text/html","200","OK","Indexable","","Follow You Home | Books to Scrape - Sandbox","43","408","It was supposed to be the trip of a lifetime, a final adventure before settling down.After a perfect start, Daniel and Laura’s travels end abruptly when they are thrown off a night train in the middle of nowhere. To find their way back to civilisation, they must hike along the tracks through a forest…a haunting journey that ends in unimaginable terror.Back in London, Danie It was supposed to be the trip of a lifetime, a final adventure before settling down.After a perfect start, Daniel and Laura’s travels end abruptly when they are thrown off a night train in the middle of nowhere. To find their way back to civilisation, they must hike along the tracks through a forest…a haunting journey that ends in unimaginable terror.Back in London, Daniel and Laura vow never to talk about what they saw that night. But as they try to fit back into their old lives, it becomes clear that their nightmare is just beginning…Follow You Home is a chilling tale of secrets, lies and deadly consequences from the author of #1 bestsellers The Magpies and Because She Loves Me. ...more","1074","6481","","0","Follow You Home","15","Product Description","19","Product Information","19","NOARCHIVE,NOCACHE","","","","","","","","","18227","18227","18227","2.701","","328","83","3.952","87.531","Easy","10.178","2","2","","14","7","0","2.540","16","9","0","0","0","0","","","","","75e6f18f9c2023911b5c8397596c7692","0.110","Wed, 08 Feb 2023 21:02:32 GMT","","","","en-us","1.1","","","","","","https://books.toscrape.com/catalogue/follow-you-home_809/index.html","2026-06-10 17:51:20"
"https://books.toscrape.com/media/cache/f7/b7/f7b73392b12909a1e8261ef3f96c5fd1.jpg","image/jpeg","200","OK","Indexable","","","0","0","","0","0","","0","","0","","0","","0","","","","","","","","","","9505","9505","9505","1.409","","0","","","","","0.000","2","4","","0","0","0","0.000","0","0","0","0","0","0","","","","","","0.115","Wed, 08 Feb 2023 21:02:33 GMT","","","","","1.1","","","","","","https://books.toscrape.com/media/cache/f7/b7/f7b73392b12909a1e8261ef3f96c5fd1.jpg","2026-06-10 17:51:20"
"https://books.toscrape.com/media/cache/13/ff/13fffcde653948339d3427184b7bd0b5.jpg","image/jpeg","200","OK","Indexable","","","0","0","","0","0","","0","","0","","0","","0","","","","","","","","","","9149","9149","9149","1.356","","0","","","","","0.000","2","4","","0","0","0","0.000","0","0","0","0","0","0","","","","","","0.037","Wed, 08 Feb 2023 21:02:32 GMT","","","","","1.1","","","","","","https://books.toscrape.com/media/cache/13/ff/13fffcde653948339d3427184b7bd0b5.jpg","2026-06-10 17:51:20"
"https://books.toscrape.com/media/cache/6d/10/6d10387a0175701d4ff456a0c7eee67b.jpg","image/jpeg","200","OK","Indexable","","","0","0","","0","0","","0","","0","","0","","0","","","","","","","","","","5539","5539","5539","0.821","","0","","","","","0.000","2","4","","0","0","0","0.000","0","0","0","0","0","0","","","","","","0.032","Wed, 08 Feb 2023 21:02:32 GMT","","","","","1.1","","","","","","https://books.toscrape.com/media/cache/6d/10/6d10387a0175701d4ff456a0c7eee67b.jpg","2026-06-10 17:51:20"
"https://books.toscrape.com/catalogue/security_925/index.html","text/html","200","OK","Indexable","","Security | Books to Scrape - Sandbox","36","324","“Original and imaginative . . . Ripping suspense, sheer terror, and a wrenching love story.” —Sandra Brown, New York Times bestselling author of FrictionThe terrible truth about Manderley is that someone is always watching. Manderley Resort is a gleaming, new twenty-story hotel on the California coast. It’s about to open its doors, and the world--at least those with the me “Original and imaginative . . . Ripping suspense, sheer terror, and a wrenching love story.” —Sandra Brown, New York Times bestselling author of FrictionThe terrible truth about Manderley is that someone is always watching. Manderley Resort is a gleaming, new twenty-story hotel on the California coast. It’s about to open its doors, and the world--at least those with the means to afford it--will be welcomed into a palace of opulence and unparalleled security. But someone is determined that Manderley will never open. The staff has no idea that their every move is being watched, and over the next twelve hours they will be killed off, one by one. Writing in the tradition of Edgar Allan Poe and Stephen King, and with a deep bow to Daphne du Maurier, author Gina Wohlsdorf pairs narrative ingenuity and razor-wire prose with quick twists, sharp turns, and gasp-inducing terror. Security is grand guignol storytelling at its very best. A shocking thriller, a brilliant narrative puzzle, and a multifaceted love story unlike any other, Security marks the debut of a fearless and gifted writer. “Be surprised, be very surprised: Gina Wohlsdorf brings more than just plot twists and a terrifically tender love story to this thriller . . . It’s her playful homage to Hitchcock and du Maurier that had me reading, howling, and just plain loving this novel.” —Sara Gruen, author of At the Water’s Edge “Grand Hotel meets Psycho in the age of surveillance . . . Security is cinematically vivid, crisply written, and sharp enough to cut . . . Wohlsdorf brilliantly subverts our expectations of the action genre in this smart, shocking, poignant thriller.” —Emily Croy Barker, author of The Thinking Woman’s Guide to Real Magic “The thrill of this novel goes beyond its wickedly clever,  split-screen, high-tech wizardry—a kind of video gamer’s literary retake of Hitchcock’s Rear Window--and emanates  from its strange, disembodied narrator . . . The effect is terrifying, sexy, dizzying, and impossible to look away from.” —Tim Johnston, author of Descent “Shocking and filled with Tarantino-ish dark humor. . . Structurally reminiscent of the amazing Jennifer Egan,Wohlsdorf’s book is certainly a hybrid, like nothing else. Get ready.” —Ann Beattie, author of The State We’re In “Flawless . . . Security is perfectly tuned for blockbuster status . . . They don’t make a hotel big enough to house all the people who will want to read this, and soon, as in Manderley, all eyes will be on Wohlsdorf.” —Daniel Kraus, Booklist, starred review   ...more","2920","17508","","0","Security","8","Product Description","19","Product Information","19","NOARCHIVE,NOCACHE","","","","","","","","","22133","22133","22133","3.280","","619","128","4.836","79.058","Fairly Easy","16.808","2","2","","14","7","0","2.540","16","9","0","0","0","0","","","","","57a128eeba731c6074d56a90226e968c","0.112","Wed, 08 Feb 2023 21:02:32 GMT","","","","en-us","1.1","","","","","","https://books.toscrape.com/catalogue/security_925/index.html","2026-06-10 17:51:20"
"https://books.toscrape.com/catalogue/doctor-sleep-the-shining-2_686/index.html","text/html","200","OK","Indexable","","Doctor Sleep (The Shining #2) | Books to Scrape - Sandbox","57","518","Stephen King returns to the characters and territory of one of his most popular novels ever, The Shining, in this instantly riveting novel about the now middle-aged Dan Torrance (the boy protagonist of The Shining) and the very special twelve-year-old girl he must save from a tribe of murderous paranormals.On highways across America, a tribe of people called The True Knot Stephen King returns to the characters and territory of one of his most popular novels ever, The Shining, in this instantly riveting novel about the now middle-aged Dan Torrance (the boy protagonist of The Shining) and the very special twelve-year-old girl he must save from a tribe of murderous paranormals.On highways across America, a tribe of people called The True Knot travel in search of sustenance. They look harmless—mostly old, lots of polyester, and married to their RVs. But as Dan Torrance knows, and spunky twelve-year-old Abra Stone learns, The True Knot are quasi-immortal, living off the “steam” that children with the “shining” produce when they are slowly tortured to death.Haunted by the inhabitants of the Overlook Hotel where he spent one horrific childhood year, Dan has been drifting for decades, desperate to shed his father’s legacy of despair, alcoholism, and violence. Finally, he settles in a New Hampshire town, an AA community that sustains him, and a job at a nursing home where his remnant “shining” power provides the crucial final comfort to the dying. Aided by a prescient cat, he becomes “Doctor Sleep.”Then Dan meets the evanescent Abra Stone, and it is her spectacular gift, the brightest shining ever seen, that reignites Dan’s own demons and summons him to a battle for Abra’s soul and survival. This is an epic war between good and evil, a gory, glorious story that will thrill the millions of devoted readers of The Shining and satisfy anyone new to the territory of this icon in the King canon. ...more","1921","11730","","0","Doctor Sleep (The Shining #2)","29","Product Description","19","Product Information","19","NOARCHIVE,NOCACHE","","","","","","","","","19829","19829","19829","2.939","","460","96","4.792","82.244","Easy","13.666","2","2","","14","7","0","2.540","16","9","0","0","0","0","","","","","8f1a5cc60688bfb03058d5d20fee620d","0.033","Wed, 08 Feb 2023 21:02:32 GMT","","","","en-us","1.1","","","","","","https://books.toscrape.com/catalogue/doctor-sleep-the-shining-2_686/index.html","2026-06-10 17:51:20"
"https://books.toscrape.com/media/cache/7a/72/7a72465b21dbf998323e37b31f9a3f4a.jpg","image/jpeg","200","OK","Indexable","","","0","0","","0","0","","0","","0","","0","","0","","","","","","","","","","9422","9422","9422","1.396","","0","","","","","0.000","2","4","","0","0","0","0.000","0","0","0","0","0","0","","","","","","0.034","Wed, 08 Feb 2023 21:02:33 GMT","","","","","1.1","","","","","","https://books.toscrape.com/media/cache/7a/72/7a72465b21dbf998323e37b31f9a3f4a.jpg","2026-06-10 17:51:20"
"https://books.toscrape.com/media/cache/02/5c/025c30a378e2a4190e84f1429e81b803.jpg","image/jpeg","200","OK","Indexable","","","0","0","","0","0","","0","","0","","0","","0","","","","","","","","","","9096","9096","9096","1.348","","0","","","","","0.000","2","4","","0","0","0","0.000","0","0","0","0","0","0","","","","","","0.115","Wed, 08 Feb 2023 21:02:32 GMT","","","","","1.1","","","","","","https://books.toscrape.com/media/cache/02/5c/025c30a378e2a4190e84f1429e81b803.jpg","2026-06-10 17:51:20"
"https://books.toscrape.com/catalogue/red-dragon-hannibal-lecter-1_390/index.html","text/html","200","OK","Indexable","","Red Dragon (Hannibal Lecter #1) | Books to Scrape - Sandbox","59","543","Will Graham stands in a silent, empty house communing with a killer. An FBI instructor with a gift for hunting madmen, Graham knows what his murderer looks like, how he thinks, and what he did to his victims after they died. Now Graham must try to catch him. But to do it, he must feel the heat of a killer's brain, draw on the macabre advice of a dangerous mental patient, D Will Graham stands in a silent, empty house communing with a killer. An FBI instructor with a gift for hunting madmen, Graham knows what his murderer looks like, how he thinks, and what he did to his victims after they died. Now Graham must try to catch him. But to do it, he must feel the heat of a killer's brain, draw on the macabre advice of a dangerous mental patient, Dr. Hannibal Lecter, and follow a trail of microscopic clues to the place where another family has already been chosen to die--and where an innocent woman has found the Dragon first. ...more","940","5761","","0","Red Dragon (Hannibal Lecter #1)","31","Product Description","19","Product Information","19","NOARCHIVE,NOCACHE","","","","","","","","","17951","17951","17951","2.660","","322","81","3.975","96.130","Very Easy","9.749","2","2","","14","7","0","2.540","16","9","0","0","0","0","","","","","39cb3433654932e35343b7e31a2a8e5e","0.115","Wed, 08 Feb 2023 21:02:32 GMT","","","","en-us","1.1","","","","","","https://books.toscrape.com/catalogue/red-dragon-hannibal-lecter-1_390/index.html","2026-06-10 17:51:20"
"https://books.toscrape.com/catalogue/house-of-leaves_169/index.html","text/html","200","OK","Indexable","","House of Leaves | Books to Scrape - Sandbox","43","401","Years ago, when House of Leaves was first being passed around, it was nothing more than a badly bundled heap of paper, parts of which would occasionally surface on the Internet. No one could have anticipated the small but devoted following this terrifying story would soon command. Starting with an odd assortment of marginalized youth -- musicians, tattoo artists, programme Years ago, when House of Leaves was first being passed around, it was nothing more than a badly bundled heap of paper, parts of which would occasionally surface on the Internet. No one could have anticipated the small but devoted following this terrifying story would soon command. Starting with an odd assortment of marginalized youth -- musicians, tattoo artists, programmers, strippers, environmentalists, and adrenaline junkies -- the book eventually made its way into the hands of older generations, who not only found themselves in those strangely arranged pages but also discovered a way back into the lives of their estranged children.Now, for the first time, this astonishing novel is made available in book form, complete with the original colored words, vertical footnotes, and newly added second and third appendices.The story remains unchanged, focusing on a young family that moves into a small home on Ash Tree Lane where they discover something is terribly wrong: their house is bigger on the inside than it is on the outside.Of course, neither Pulitzer Prize-winning photojournalist Will Navidson nor his companion Karen Green was prepared to face the consequences of that impossibility, until the day their two little children wandered off and their voices eerily began to return another story -- of creature darkness, of an ever-growing abyss behind a closet door, and of that unholy growl which soon enough would tear through their walls and consume all their dreams. ...more","1871","11544","","0","House of Leaves","15","Product Description","19","Product Information","19","NOARCHIVE,NOCACHE","","","","","","","","","19409","19409","19409","2.876","","432","93","4.645","78.158","Fairly Easy","13.387","2","2","","2","1","0","0.360","16","9","0","0","0","0","","","","","301afcccf5044c3bec5f19c551a81721","0.119","Wed, 08 Feb 2023 21:02:32 GMT","","","","en-us","1.1","","","","","","https://books.toscrape.com/catalogue/house-of-leaves_169/index.html","2026-06-10 17:51:20"
"https://books.toscrape.com/catalogue/dracula-the-un-dead_370/index.html","text/html","200","OK","Indexable","","Dracula the Un-Dead | Books to Scrape - Sandbox","47","435","At last—the sequel to Bram Stoker's classic novel Dracula, written by his direct descendant and a Dracula historian Bram Stoker's Dracula is the prototypical horror novel, an inspiration for the world's seemingly limitless fascination with vampires. Though many have tried to replicate Stoker's horror classic—in books, television shows, and movies—only the 1931 Bela Lugosi At last—the sequel to Bram Stoker's classic novel Dracula, written by his direct descendant and a Dracula historian Bram Stoker's Dracula is the prototypical horror novel, an inspiration for the world's seemingly limitless fascination with vampires. Though many have tried to replicate Stoker's horror classic—in books, television shows, and movies—only the 1931 Bela Lugosi film bore the Stoker family's support. Until now. Dracula The Un-Dead is a bone-chilling sequel based on Bram Stoker's own handwritten notes for characters and plot threads excised from the original edition. Dracula The Un-Dead begins in 1912, twenty-five years after Dracula ""crumbled into dust."" Van Helsing's protégé, Dr. Jack Seward, is now a disgraced morphine addict obsessed with stamping out evil across Europe. Meanwhile, an unknowing Quincey Harker, the grown son of Jonathan and Mina, leaves law school for the London stage, only to stumble upon the troubled production of ""Dracula,"" directed and produced by Bram Stoker himself. The play plunges Quincey into the world of his parents' terrible secrets, but before he can confront them he experiences evil in a way he had never imagined. One by one, the band of heroes that defeated Dracula a quarter-century ago is being hunted down. Could it be that Dracula somehow survived their attack and is seeking revenge? Or is there another force at work whose relentless purpose is to destroy anything and anyone associated with Dracula? Dracula The Un-Dead is deeply researched, rich in character, thrills and scares, and lovingly crafted as both an extension and celebration of one of the most classic popular novels in literature. ...more","2046","12561","","0","Dracula the Un-Dead","19","Product Description","19","Product Information","19","NOARCHIVE,NOCACHE","","","","","","","","","20260","20260","20260","3.003","","461","102","4.520","71.769","Fairly Easy","14.079","2","2","","14","7","0","2.540","16","9","0","0","0","0","","","","","b3574e62b4f5c8d4451f639f42715733","0.031","Wed, 08 Feb 2023 21:02:32 GMT","","","","en-us","1.1","","","","","","https://books.toscrape.com/catalogue/dracula-the-un-dead_370/index.html","2026-06-10 17:51:20"
"https://books.toscrape.com/media/cache/41/c7/41c74d82b853606fe98182c417b4669c.jpg","image/jpeg","200","OK","Indexable","","","0","0","","0","0","","0","","0","","0","","0","","","","","","","","","","8092","8092","8092","1.199","","0","","","","","0.000","2","4","","0","0","0","0.000","0","0","0","0","0","0","","","","","","0.113","Wed, 08 Feb 2023 21:02:32 GMT","","","","","1.1","","","","","","https://books.toscrape.com/media/cache/41/c7/41c74d82b853606fe98182c417b4669c.jpg","2026-06-10 17:51:20"
"https://books.toscrape.com/media/cache/ee/d3/eed3afc5e444e3da5eec34e2b0036ec7.jpg","image/jpeg","200","OK","Indexable","","","0","0","","0","0","","0","","0","","0","","0","","","","","","","","","","9375","9375","9375","1.389","","0","","","","","0.000","2","4","","0","0","0","0.000","0","0","0","0","0","0","","","","","","0.030","Wed, 08 Feb 2023 21:02:33 GMT","","","","","1.1","","","","","","https://books.toscrape.com/media/cache/ee/d3/eed3afc5e444e3da5eec34e2b0036ec7.jpg","2026-06-10 17:51:20"
"https://books.toscrape.com/media/cache/a7/4b/a74b35375ce874153fd352e33bc7bac9.jpg","image/jpeg","200","OK","Indexable","","","0","0","","0","0","","0","","0","","0","","0","","","","","","","","","","11612","11612","11612","1.721","","0","","","","","0.000","2","4","","0","0","0","0.000","0","0","0","0","0","0","","","","","","0.112","Wed, 08 Feb 2023 21:02:33 GMT","","","","","1.1","","","","","","https://books.toscrape.com/media/cache/a7/4b/a74b35375ce874153fd352e33bc7bac9.jpg","2026-06-10 17:51:20"
"https://books.toscrape.com/catalogue/night-shift-night-shift-1-20_335/index.html","text/html","200","OK","Indexable","","Night Shift (Night Shift #1-20) | Books to Scrape - Sandbox","59","517","Never trust your heart to the New York Times bestselling master of suspense, Stephen King. Especially with an anthology that features the classic stories ""Children of the Corn,"" ""The Lawnmower Man,"" ""Graveyard Shift,"" ""The Mangler,"" and ""Sometimes They Come Back""-which were all made into hit horror films.""Unbearable suspense."" (Dallas Morning News)From the depths of darkne Never trust your heart to the New York Times bestselling master of suspense, Stephen King. Especially with an anthology that features the classic stories ""Children of the Corn,"" ""The Lawnmower Man,"" ""Graveyard Shift,"" ""The Mangler,"" and ""Sometimes They Come Back""-which were all made into hit horror films.""Unbearable suspense."" (Dallas Morning News)From the depths of darkness, where hideous rats defend their empire, to dizzying heights, where a beautiful girl hangs by a hair above a hellish fate, this chilling collection of twenty short stories will plunge readers into the subterranean labyrinth of the most spine-tingling, eerie imagination of our time.Contents:· Introduction · John D. MacDonald · in · Foreword · fw · Jerusalem’s Lot · nv Night Shift, Garden City, NY: Doubleday, 1978 · Graveyard Shift · ss Cavalier Oct ’70 · Night Surf · ss Cavalier Aug ’74 · I Am the Doorway · ss Cavalier Mar ’71 · The Mangler · nv Cavalier Dec ’72 · The Boogeyman · ss Cavalier Mar ’73 · Gray Matter · ss Cavalier Oct ’73 · Battleground · ss Cavalier Sep ’72 · Trucks · ss Cavalier Jun ’73 · Sometimes They Come Back · nv Cavalier Mar ’74 · Strawberry Spring · ss Ubris Fll ’68; Cavalier Nov ’75 · The Ledge · ss Penthouse Jul ’76 · The Lawnmower Man · ss Cavalier May ’75 · Quitters, Inc. · ss Night Shift, Garden City, NY: Doubleday, 1978 · I Know What You Need · nv Cosmopolitan Sep ’76 · Children of the Corn · nv Penthouse Mar ’77 · The Last Rung on the Ladder · ss Night Shift, Garden City, NY: Doubleday, 1978 · The Man Who Loved Flowers · ss Gallery Aug ’77 · One for the Road · ss Maine Mar ’77 · The Woman in the Room · ss Night Shift, Garden City, NY: Doubleday, 1978 ...more","2060","12574","","0","Night Shift (Night Shift #1-20)","31","Product Description","19","Product Information","19","NOARCHIVE,NOCACHE","","","","","","","","","20591","20591","20591","3.052","","515","102","5.049","100.000","Very Easy","14.178","2","2","","14","7","0","2.540","16","9","0","0","0","0","","","","","c0f6e49c3b7b45e6e8925de46b177e7b","0.031","Wed, 08 Feb 2023 21:02:32 GMT","","","","en-us","1.1","","","","","","https://books.toscrape.com/catalogue/night-shift-night-shift-1-20_335/index.html","2026-06-10 17:51:20"
"https://books.toscrape.com/catalogue/the-loney_756/index.html","text/html","200","OK","Indexable","","The Loney | Books to Scrape - Sandbox","37","344","If it had another name, I never knew, but the locals called it the Loney - that strange nowhere between the Wyre and the Lune where Hanny and I went every Easter time with Mummer, Farther, Mr and Mrs Belderboss and Father Wilfred, the parish priest.It was impossible to truly know the place. It changed with each influx and retreat, and the neap tides would reveal the skelet If it had another name, I never knew, but the locals called it the Loney - that strange nowhere between the Wyre and the Lune where Hanny and I went every Easter time with Mummer, Farther, Mr and Mrs Belderboss and Father Wilfred, the parish priest.It was impossible to truly know the place. It changed with each influx and retreat, and the neap tides would reveal the skeletons of those who thought they could escape its insidious currents. No one ever went near the water. No one apart from us, that is.I suppose I always knew that what happened there wouldn't stay hidden for ever, no matter how much I wanted it to. No matter how hard I tried to forget... ...more","1043","6405","","0","The Loney","9","Product Description","19","Product Information","19","NOARCHIVE,NOCACHE","","","","","","","","","17985","17985","17985","2.665","","328","83","3.952","97.848","Very Easy","9.975","2","2","","14","7","0","2.540","16","9","0","0","0","0","","","","","739451c6bb294a0776d612f88d793e16","0.028","Wed, 08 Feb 2023 21:02:32 GMT","","","","en-us","1.1","","","","","","https://books.toscrape.com/catalogue/the-loney_756/index.html","2026-06-10 17:51:20"
"https://books.toscrape.com/media/cache/30/66/3066f8bcd2e2ed6b45084355ff084a61.jpg","image/jpeg","200","OK","Indexable","","","0","0","","0","0","","0","","0","","0","","0","","","","","","","","","","8995","8995","8995","1.333","","0","","","","","0.000","2","4","","0","0","0","0.000","0","0","0","0","0","0","","","","","","0.124","Wed, 08 Feb 2023 21:02:32 GMT","","","","","1.1","","","","","","https://books.toscrape.com/media/cache/30/66/3066f8bcd2e2ed6b45084355ff084a61.jpg","2026-06-10 17:51:20"
"https://books.toscrape.com/media/cache/c0/02/c0029d48c2588e6d2a6a31c9f96088ba.jpg","image/jpeg","200","OK","Indexable","","","0","0","","0","0","","0","","0","","0","","0","","","","","","","","","","9525","9525","9525","1.412","","0","","","","","0.000","2","4","","0","0","0","0.000","0","0","0","0","0","0","","","","","","0.030","Wed, 08 Feb 2023 21:02:33 GMT","","","","","1.1","","","","","","https://books.toscrape.com/media/cache/c0/02/c0029d48c2588e6d2a6a31c9f96088ba.jpg","2026-06-10 17:51:21"
"https://books.toscrape.com/catalogue/pet-sematary_726/index.html","text/html","200","OK","Indexable","","Pet Sematary | Books to Scrape - Sandbox","40","374","Sometimes dead is better....When the Creeds move into a beautiful old house in rural Maine, it all seems too good to be true: physician father, beautiful wife, charming little daughter, adorable infant son -- and now an idyllic home. As a family, they've got it all...right down to the friendly cat.But the nearby woods hide a blood-chilling truth -- more terrifying than dea Sometimes dead is better....When the Creeds move into a beautiful old house in rural Maine, it all seems too good to be true: physician father, beautiful wife, charming little daughter, adorable infant son -- and now an idyllic home. As a family, they've got it all...right down to the friendly cat.But the nearby woods hide a blood-chilling truth -- more terrifying than death itself...and hideously more powerful. ...more","799","4733","","0","Pet Sematary","12","Product Description","19","Product Information","19","NOARCHIVE,NOCACHE","","","","","","","","","17416","17416","17416","2.581","","266","82","3.244","85.866","Easy","8.842","2","2","","14","7","0","2.540","16","9","0","0","0","0","","","","","35eae21461d95ec7d03dd038dce75e52","0.031","Wed, 08 Feb 2023 21:02:32 GMT","","","","en-us","1.1","","","","","","https://books.toscrape.com/catalogue/pet-sematary_726/index.html","2026-06-10 17:51:20"
"https://books.toscrape.com/catalogue/the-girl-with-all-the-gifts_250/index.html","text/html","200","OK","Indexable","","The Girl with All the Gifts | Books to Scrape - Sandbox","55","475","Melanie is a very special girl. Dr. Caldwell calls her ""our little genius.""Every morning, Melanie waits in her cell to be collected for class. When they come for her, Sergeant Parks keeps his gun pointing at her while two of his people strap her into the wheelchair. She thinks they don't like her. She jokes that she won't bite, but they don't laugh.Melanie loves school. Sh Melanie is a very special girl. Dr. Caldwell calls her ""our little genius.""Every morning, Melanie waits in her cell to be collected for class. When they come for her, Sergeant Parks keeps his gun pointing at her while two of his people strap her into the wheelchair. She thinks they don't like her. She jokes that she won't bite, but they don't laugh.Melanie loves school. She loves learning about spelling and sums and the world outside the classroom and the children's cells. She tells her favorite teacher all the things she'll do when she grows up. Melanie doesn't know why this makes Miss Justineau look sad. ...more","997","5906","","0","The Girl with All the Gifts","27","Product Description","19","Product Information","19","NOARCHIVE,NOCACHE","","","","","","","","","17807","17807","17807","2.639","","314","87","3.609","100.000","Very Easy","9.856","2","2","","4","2","0","0.720","16","9","0","0","0","0","","","","","902281e09c4b015c1ed8479415366693","0.140","Wed, 08 Feb 2023 21:02:32 GMT","","","","en-us","1.1","","","","","","https://books.toscrape.com/catalogue/the-girl-with-all-the-gifts_250/index.html","2026-06-10 17:51:20"
"https://books.toscrape.com/catalogue/the-stand_282/index.html","text/html","200","OK","Indexable","","The Stand | Books to Scrape - Sandbox","37","343","This is the way the world ends: with a nanosecond of computer error in a Defense Department laboratory and a million casual contacts that form the links in a chain letter of death.And here is the bleak new world of the day after: a world stripped of its institutions and emptied of 99 percent of its people. A world in which a handful of panicky survivors choose sides -- or This is the way the world ends: with a nanosecond of computer error in a Defense Department laboratory and a million casual contacts that form the links in a chain letter of death.And here is the bleak new world of the day after: a world stripped of its institutions and emptied of 99 percent of its people. A world in which a handful of panicky survivors choose sides -- or are chosen. A world in which good rides on the frail shoulders of the 108-year-old Mother Abagail -- and the worst nightmares of evil are embodied in a man with a lethal smile and unspeakable powers: Randall Flagg, the dark man.In 1978 Stephen King published The Stand, the novel that is now considered to be one of his finest works. But as it was first published, The Stand was incomplete, since more than 150,000 words had been cut from the original manuscript.Now Stephen King's apocalyptic vision of a world blasted by plague and embroiled in an elemental struggle between good and evil has been restored to its entirety. The Stand : The Complete And Uncut Edition includes more than five hundred pages of material previously deleted, along with new material that King added as he reworked the manuscript for a new generation. It gives us new characters and endows familiar ones with new depths. It has a new beginning and a new ending. What emerges is a gripping work with the scope and moral complexity of a true epic.For hundreds of thousands of fans who read The Stand in its original version and wanted more, this new edition is Stephen King's gift. And those who are reading The Stand for the first time will discover a triumphant and eerily plausible work of the imagination that takes on the issues that will determine our survival. ...more","2102","12855","","0","The Stand","9","Product Description","19","Product Information","19","NOARCHIVE,NOCACHE","","","","","","","","","19910","19910","19910","2.951","","509","107","4.757","89.317","Easy","14.236","2","2","","6","3","0","1.090","16","9","0","0","0","0","","","","","a4a749d04f536f819234e22db00a2190","0.115","Wed, 08 Feb 2023 21:02:32 GMT","","","","en-us","1.1","","","","","","https://books.toscrape.com/catalogue/the-stand_282/index.html","2026-06-10 17:51:20"
"https://books.toscrape.com/catalogue/salems-lot_309/index.html","text/html","200","OK","Indexable","","'Salem's Lot | Books to Scrape - Sandbox","40","359","Thousands of miles away from the small township of 'Salem's Lot, two terrified people, a man and a boy, still share the secrets of those clapboard houses and tree-lined streets. They must return to 'Salem's Lot for a final confrontation with the unspeakable evil that lives on in the town.","289","1742","","0","'Salem's Lot","12","Product Description","19","Product Information","19","NOARCHIVE,NOCACHE","","","","","","","","","16409","16409","16409","2.432","","187","64","2.922","98.459","Very Easy","6.372","2","2","","8","4","0","1.450","16","9","0","0","0","0","","","","","ce32607b3ad579ba245f0cf42202051b","0.037","Wed, 08 Feb 2023 21:02:32 GMT","","","","en-us","1.1","","","","","","https://books.toscrape.com/catalogue/salems-lot_309/index.html","2026-06-10 17:51:21"
"https://books.toscrape.com/media/cache/20/f2/20f28657b49f8cb24ed2ec6448bb6df3.jpg","image/jpeg","200","OK","Indexable","","","0","0","","0","0","","0","","0","","0","","0","","","","","","","","","","10763","10763","10763","1.595","","0","","","","","0.000","2","4","","0","0","0","0.000","0","0","0","0","0","0","","","","","","0.028","Wed, 08 Feb 2023 21:02:32 GMT","","","","","1.1","","","","","","https://books.toscrape.com/media/cache/20/f2/20f28657b49f8cb24ed2ec6448bb6df3.jpg","2026-06-10 17:51:21"
"https://books.toscrape.com/catalogue/needful-things_334/index.html","text/html","200","OK","Indexable","","Needful Things | Books to Scrape - Sandbox","42","387","Leland Gaunt opens a new shop in Castle Rock called Needful Things. Anyone who enters his store finds the object of his or her lifelong dreams and desires: a prized baseball card, a healing amulet. In addition to a token payment, Gaunt requests that each person perform a little ""deed,"" usually a seemingly innocent prank played on someone else from town. These practical jok Leland Gaunt opens a new shop in Castle Rock called Needful Things. Anyone who enters his store finds the object of his or her lifelong dreams and desires: a prized baseball card, a healing amulet. In addition to a token payment, Gaunt requests that each person perform a little ""deed,"" usually a seemingly innocent prank played on someone else from town. These practical jokes cascade out of control and soon the entire town is doing battle with itself. Only Sheriff Alan Pangborn suspects that Gaunt is behind the population's increasingly violent behavior. ...more","943","5769","","0","Needful Things","14","Product Description","19","Product Information","19","NOARCHIVE,NOCACHE","","","","","","","","","18088","18088","18088","2.681","","304","83","3.663","88.740","Easy","9.736","2","2","","14","7","0","2.540","16","9","0","0","0","0","","","","","c88b86e94bc7234e0c309733897d2cb1","0.108","Wed, 08 Feb 2023 21:02:32 GMT","","","","en-us","1.1","","","","","","https://books.toscrape.com/catalogue/needful-things_334/index.html","2026-06-10 17:51:21"
"https://books.toscrape.com/catalogue/category/books/food-and-drink_33/page-2.html","text/html","200","OK","Indexable","","Food and Drink | 
     Books to Scrape - Sandbox","48","385","","0","0","","0","Food and Drink","14","","0","","0","NOARCHIVE,NOCACHE","","","","","","","","","36510","36510","36510","5.411","","290","125","2.320","100.000","Very Easy","3.726","2","4","","1","1","0","0.360","75","63","0","0","0","0","","","","","24d2c17fb52a441900ccdb4e68af761a","0.032","Wed, 08 Feb 2023 21:02:32 GMT","","","","en-us","1.1","","","","","","https://books.toscrape.com/catalogue/category/books/food-and-drink_33/page-2.html","2026-06-10 17:51:21"
"https://books.toscrape.com/media/cache/74/aa/74aa29b1ba4147eaf5b46671bf235861.jpg","image/jpeg","200","OK","Indexable","","","0","0","","0","0","","0","","0","","0","","0","","","","","","","","","","12177","12177","12177","1.805","","0","","","","","0.000","2","4","","0","0","0","0.000","0","0","0","0","0","0","","","","","","0.034","Wed, 08 Feb 2023 21:02:33 GMT","","","","","1.1","","","","","","https://books.toscrape.com/media/cache/74/aa/74aa29b1ba4147eaf5b46671bf235861.jpg","2026-06-10 17:51:21"
"https://books.toscrape.com/catalogue/the-love-and-lemons-cookbook-an-apple-to-zucchini-celebration-of-impromptu-cooking_849/index.html","text/html","200","OK","Indexable","","The Love and Lemons Cookbook: An Apple-to-Zucchini Celebration of Impromptu Cooking | Books to Scrape - Sandbox","111","1049","Sometimes all you need is a little spark of inspiration to change up your regular cooking routine. TheLove & Lemons Cookbookfeatures more than one hundred simple recipes that help you turn your farmers market finds into delicious meals. The belovedLove & Lemonsblog has attracted buzz from everyone from bestselling author Heidi Swanson toSaveurMagazine, who awarded Sometimes all you need is a little spark of inspiration to change up your regular cooking routine. The Love & Lemons Cookbook features more than one hundred simple recipes that help you turn your farmers market finds into delicious meals.    The beloved Love & Lemons blog has attracted buzz from everyone from bestselling author Heidi Swanson to Saveur Magazine, who awarded the blog Best Cooking Blog of 2014.    Organized by ingredient, The Love & Lemons Cookbook teaches readers how to make beautiful food with what’s on hand, whether it’s a bunch of rainbow-colored heirloom carrots from the farmers market or a four-pound cauliflower that just shows up in a CSA box. The book also features resources to show readers how to stock their pantry, gluten-free and vegan options for many of the recipes, as well as ideas on mixing and matching ingredients, so that readers always have something new to try.Stunningly designed and efficiently organized, The Love & Lemons Cookbook is a resource that you will use again and again. ...more","1403","8800","","0","The Love and Lemons Cookbook: An Apple-to-Zucchini Celebration of Impromptu Cooking","83","Product Description","19","Product Information","19","NOARCHIVE,NOCACHE","","","","","","","","","20907","20907","20907","3.098","","396","94","4.213","78.436","Fairly Easy","11.481","2","2","","14","7","0","2.540","16","9","0","0","0","0","","","","","6431194a7160a40bccbb0ccabaf974fd","0.031","Wed, 08 Feb 2023 21:02:32 GMT","","","","en-us","1.1","","","","","","https://books.toscrape.com/catalogue/the-love-and-lemons-cookbook-an-apple-to-zucchini-celebration-of-impromptu-cooking_849/index.html","2026-06-10 17:51:21"
"https://books.toscrape.com/media/cache/0d/1f/0d1f3f934460f5a50aaa8c366641234c.jpg","image/jpeg","200","OK","Indexable","","","0","0","","0","0","","0","","0","","0","","0","","","","","","","","","","14404","14404","14404","2.135","","0","","","","","0.000","2","4","","0","0","0","0.000","0","0","0","0","0","0","","","","","","0.034","Wed, 08 Feb 2023 21:02:32 GMT","","","","","1.1","","","","","","https://books.toscrape.com/media/cache/0d/1f/0d1f3f934460f5a50aaa8c366641234c.jpg","2026-06-10 17:51:21"
"https://books.toscrape.com/catalogue/the-help-yourself-cookbook-for-kids-60-easy-plant-based-recipes-kids-can-make-to-stay-healthy-and-save-the-earth_751/index.html","text/html","200","OK","Indexable","","The Help Yourself Cookbook for Kids: 60 Easy Plant-Based Recipes Kids Can Make to Stay Healthy and Save the Earth | Books to Scrape - Sandbox","141","1295","Struggling to get your kids to eat their fruits and vegetables? Try letting them help themselves!Experts tell us the best way to teach kids healthy eating habits is to involve them in the process. This irresistibe cookbook presents 60 appealing recipes kids will beg to make themselves, in fun and charming illustrations they will love. Bursting with color, humor, cute anima Struggling to get your kids to eat their fruits and vegetables? Try letting them help themselves!Experts tell us the best way to teach kids healthy eating habits is to involve them in the process. This irresistibe cookbook presents 60 appealing recipes kids will beg to make themselves, in fun and charming illustrations they will love. Bursting with color, humor, cute animal characters, and cool facts (Did you know your brain actually shrinks when you’re dehydrated? Drink water, quick!), Help Yourself empowers children to take charge of their own nutrition — for now and for life! Recipes include: fun-to-munch hand-held snacks like Life Boatsbright fruit-flavored drinks like Tickled Pinkthe always-popular things on toast like Leprechaun Trackssalads they will actually eat like Tiger Stripescozy small meals like Tomato Tornadoand sweets like chocolatey Disappearing Dots, because everybody likes candy!Excerpt from the Intro: Since the day you were born, someone has been making you food and serving you meals (that’s the life!). But wait a minute...what’s that on the end of your arm? Why, it’s a hand! And it turns out you need little more than your own two hands and a few ingredients to help yourself to healthy foods...and help the world, while you’re at it! Because from the tip of your nose to the tip of an iceberg, the food we eat affects our bodies, our environment, and even strangers on the other side of the planet. It's amazing but true. ...more","1844","11134","","0","The Help Yourself Cookbook for Kids: 60 Easy Plant-Based Recipes Kids Can Make to Stay Healthy and Save the Earth","113","Product Description","19","Product Information","19","NOARCHIVE,NOCACHE","","","","","","","","","21755","21755","21755","3.224","","489","113","4.327","87.567","Easy","13.296","2","2","","14","7","0","2.540","16","9","0","0","0","0","","","","","bd94fcfd6acb7ceb1b3c201ac9dfae4d","0.035","Wed, 08 Feb 2023 21:02:32 GMT","","","","en-us","1.1","","","","","","https://books.toscrape.com/catalogue/the-help-yourself-cookbook-for-kids-60-easy-plant-based-recipes-kids-can-make-to-stay-healthy-and-save-the-earth_751/index.html","2026-06-10 17:51:21"
"https://books.toscrape.com/media/cache/e6/b6/e6b66353f9325518994dd8b564290fd7.jpg","image/jpeg","200","OK","Indexable","","","0","0","","0","0","","0","","0","","0","","0","","","","","","","","","","11936","11936","11936","1.769","","0","","","","","0.000","2","4","","0","0","0","0.000","0","0","0","0","0","0","","","","","","0.107","Wed, 08 Feb 2023 21:02:33 GMT","","","","","1.1","","","","","","https://books.toscrape.com/media/cache/e6/b6/e6b66353f9325518994dd8b564290fd7.jpg","2026-06-10 17:51:21"
"https://books.toscrape.com/media/cache/c4/dc/c4dcec6f513eaca3f0f3c748d834c46d.jpg","image/jpeg","200","OK","Indexable","","","0","0","","0","0","","0","","0","","0","","0","","","","","","","","","","14416","14416","14416","2.136","","0","","","","","0.000","2","4","","0","0","0","0.000","0","0","0","0","0","0","","","","","","0.033","Wed, 08 Feb 2023 21:02:33 GMT","","","","","1.1","","","","","","https://books.toscrape.com/media/cache/c4/dc/c4dcec6f513eaca3f0f3c748d834c46d.jpg","2026-06-10 17:51:21"
"https://books.toscrape.com/catalogue/everyday-italian-125-simple-and-delicious-recipes_618/index.html","text/html","200","OK","Indexable","","Everyday Italian: 125 Simple and Delicious Recipes | Books to Scrape - Sandbox","78","700","In her hit Food Network show Everyday Italian, Giada De Laurentiis shows you how to cook delicious, beautiful food in a flash. And here, in her long-awaited first book, she does the same—helps you put a fabulous dinner on the table tonight, for friends or just for the kids, with a minimum of fuss and a maximum of flavor. She makes it all look easy, because it is. Everyday In her hit Food Network show Everyday Italian, Giada De Laurentiis shows you how to cook delicious, beautiful food in a flash. And here, in her long-awaited first book, she does the same—helps you put a fabulous dinner on the table tonight, for friends or just for the kids, with a minimum of fuss and a maximum of flavor. She makes it all look easy, because it is. Everyday Italian is true to its title: the fresh, simple recipes are incredibly quick and accessible, and also utterly mouth-watering—perfect for everyday cooking. And the book is focused on the real-life considerations of what you actually have in your refrigerator and pantry (no mail-order ingredients here) and what you’re in the mood for—whether a simply sauced pasta or a hearty family-friendly roast, these great recipes cover every contingency. So, for example, you’ll find dishes that you can make solely from pantry ingredients, or those that transform lowly leftovers into exquisite entrées (including brilliant ideas for leftover pasta), and those that satisfy your yearning to have something sweet baking in the oven. There are 7 ways to make red sauce more interesting, 6 different preparations of the classic cutlet, 5 perfect pestos, 4 creative uses for prosciutto, 3 variations on basic polenta, 2 great steaks, and 1 sublime chocolate tiramisù—plus 100 other recipes that turn everyday ingredients into speedy but special dinners.What’s more, Everyday Italian is organized according to what type of food you want tonight—whether a soul-warming stew for Sunday supper, a quick sauté for a weeknight, or a baked pasta for potluck. These categories will help you figure out what to cook in an instant, with such choices as fresh-from-the-pantry appetizers, sauceless pastas, everyday roasts, and stuffed vegetables—whatever you’re in the mood for, you’ll be able to find a simple, delicious recipe for it here. That’s the beauty of Italian home cooking, and that’s what Giada De Laurentiis offers here—the essential recipes to make a great Italian dinner. Tonight. ...more","2428","14692","","0","Everyday Italian: 125 Simple and Delicious Recipes","50","Product Description","19","Product Information","19","NOARCHIVE,NOCACHE","","","","","","","","","22394","22394","22394","3.319","","560","109","5.138","72.303","Fairly Easy","14.970","2","2","","14","7","0","2.540","16","9","0","0","0","0","","","","","c25b9b0eb65254f1061ad22fe617db7d","0.099","Wed, 08 Feb 2023 21:02:32 GMT","","","","en-us","1.1","","","","","","https://books.toscrape.com/catalogue/everyday-italian-125-simple-and-delicious-recipes_618/index.html","2026-06-10 17:51:21"
"https://books.toscrape.com/media/cache/f5/65/f565af3d9dd20a1ad72a1e7c4157387d.jpg","image/jpeg","200","OK","Indexable","","","0","0","","0","0","","0","","0","","0","","0","","","","","","","","","","11626","11626","11626","1.723","","0","","","","","0.000","2","4","","0","0","0","0.000","0","0","0","0","0","0","","","","","","0.119","Wed, 08 Feb 2023 21:02:33 GMT","","","","","1.1","","","","","","https://books.toscrape.com/media/cache/f5/65/f565af3d9dd20a1ad72a1e7c4157387d.jpg","2026-06-10 17:51:21"
"https://books.toscrape.com/media/cache/d4/53/d453cfb6c08dbf76d200ffa858bc9979.jpg","image/jpeg","200","OK","Indexable","","","0","0","","0","0","","0","","0","","0","","0","","","","","","","","","","6406","6406","6406","0.949","","0","","","","","0.000","2","4","","0","0","0","0.000","0","0","0","0","0","0","","","","","","0.113","Wed, 08 Feb 2023 21:02:33 GMT","","","","","1.1","","","","","","https://books.toscrape.com/media/cache/d4/53/d453cfb6c08dbf76d200ffa858bc9979.jpg","2026-06-10 17:51:21"
"https://books.toscrape.com/catalogue/naturally-lean-125-nourishing-gluten-free-plant-based-recipes-all-under-300-calories_479/index.html","text/html","200","OK","Indexable","","Naturally Lean: 125 Nourishing Gluten-Free, Plant-Based Recipes--All Under 300 Calories | Books to Scrape - Sandbox","115","1036","When you're hungry for a filling meal, it's easy to go for the unhealthy stuff. Many times, even gluten-free and vegan cuisines can be loaded with sneaky fillers and not-so-good-for-you ingredients. Allyson Kramer proves that low-cal doesn't have to mean low-satisfaction; these gluten-free, plant-based recipes are high in nutrients, have less than 300 calories per serving— When you're hungry for a filling meal, it's easy to go for the unhealthy stuff. Many times, even gluten-free and vegan cuisines can be loaded with sneaky fillers and not-so-good-for-you ingredients. Allyson Kramer proves that low-cal doesn't have to mean low-satisfaction; these gluten-free, plant-based recipes are high in nutrients, have less than 300 calories per serving—and they taste amazing. Dig into Cheesy BBQ Kale Chips, Cinnamon Plum Streusel, Avocado Chick'n Salad, and so much more. There are no fillers, no added or refined sugars, and no processed ingredients you can't pronounce. Whether it's breakfast, lunch, snacks, small plates, entrees, or beverages, you'll find a hearty, healthy recipe for every craving.   ...more","1113","6735","","0","Naturally Lean: 125 Nourishing Gluten-Free, Plant-Based Recipes--All Under 300 Calories","87","Product Description","19","Product Information","19","NOARCHIVE,NOCACHE","","","","","","","","","19549","19549","19549","2.897","","332","89","3.730","78.952","Fairly Easy","10.610","2","2","","14","7","0","2.540","16","9","0","0","0","0","","","","","f4f86f15a19b569c23792453b75a8088","0.122","Wed, 08 Feb 2023 21:02:32 GMT","","","","en-us","1.1","","","","","","https://books.toscrape.com/catalogue/naturally-lean-125-nourishing-gluten-free-plant-based-recipes-all-under-300-calories_479/index.html","2026-06-10 17:51:21"
"https://books.toscrape.com/media/cache/ae/5c/ae5ca435fb095e374d2c2aa9f7b6f380.jpg","image/jpeg","200","OK","Indexable","","","0","0","","0","0","","0","","0","","0","","0","","","","","","","","","","11686","11686","11686","1.732","","0","","","","","0.000","2","4","","0","0","0","0.000","0","0","0","0","0","0","","","","","","0.101","Wed, 08 Feb 2023 21:02:33 GMT","","","","","1.1","","","","","","https://books.toscrape.com/media/cache/ae/5c/ae5ca435fb095e374d2c2aa9f7b6f380.jpg","2026-06-10 17:51:21"
"https://books.toscrape.com/catalogue/the-pioneer-woman-cooks-dinnertime-comfort-classics-freezer-food-16-minute-meals-and-other-delicious-ways-to-solve-supper_943/index.html","text/html","200","OK","Indexable","","The Pioneer Woman Cooks: Dinnertime: Comfort Classics, Freezer Food, 16-Minute Meals, and Other Delicious Ways to Solve Supper! | Books to Scrape - Sandbox","155","1436","THERE’S NO TIME LIKE DINNERTIME!Oh, don’t get me wrong. I adore breakfast. I love lunch! But dinnertime definitely tops them all. It’s the time of day when we reunite with our sweeties, our kids, our friends, our parents . . . and catch up on the events of the day over something mouthwatering and delicious. Dinnertime anchors us, nourishes us, and reassures us. It’s the gr THERE’S NO TIME LIKE DINNERTIME!Oh, don’t get me wrong. I adore breakfast. I love lunch! But dinnertime definitely tops them all. It’s the time of day when we reunite with our sweeties, our kids, our friends, our parents . . . and catch up on the events of the day over something mouthwatering and delicious. Dinnertime anchors us, nourishes us, and reassures us. It’s the greatest meal of the day! The Pioneer Woman Cooks: Dinnertime is a beloved collection of all the scrumptious supper recipes that make their way through my kitchen in regular rotation, from main dish salads to satisfying soups to hearty casseroles to comfort food classics . . . and everything in between. I lay out all the different ways I tackle dinner in my house, from super-quick 16-Minute Meals to make-ahead Freezer Food to irresistible pastas and a bundle of brand-new favorites of my crew.You’ll want to immediately dive into surefire hits like Tomato Soup with Parmesan Croutons, Buffalo Chicken Salad, Baked Ziti, and Shrimp Scampi. But just wait till you try the Cashew Chicken, French Dip Sandwiches, Chicken Marsala, and Beef Stroganoff. And don’t even get me started on the Tomato Tart, Chicken with Mustard Cream Sauce, and Pan-Fried Pork Chops. You’ll have a very tough time deciding on a favorite!To take away the guesswork, I made sure to include all the step-by-step recipe photos I love to share, and I packed as much deliciousness into each chapter as possible. My hope is that you will turn to this book regularly to solve your dinnertime dilemmas, and that you will use these recipes to feed your family time and time again. The more stains, smudges, and smears on the pages, the better!Enjoy dinnertime in your household, friends! ...more","2111","12939","","0","The Pioneer Woman Cooks: Dinnertime: Comfort Classics, Freezer Food, 16-Minute Meals, and Other Delicious Ways to Solve Supper!","127","Product Description","19","Product Information","19","NOARCHIVE,NOCACHE","","","","","","","","","22024","22024","22024","3.264","","540","120","4.500","85.708","Easy","14.339","2","2","","14","7","0","2.540","16","9","0","0","0","0","","","","","3981cdde73dcc00aa3ee5a27dad586a7","0.030","Wed, 08 Feb 2023 21:02:32 GMT","","","","en-us","1.1","","","","","","https://books.toscrape.com/catalogue/the-pioneer-woman-cooks-dinnertime-comfort-classics-freezer-food-16-minute-meals-and-other-delicious-ways-to-solve-supper_943/index.html","2026-06-10 17:51:21"
"https://books.toscrape.com/media/cache/76/a1/76a1516c8d9c3e620626f30840013a85.jpg","image/jpeg","200","OK","Indexable","","","0","0","","0","0","","0","","0","","0","","0","","","","","","","","","","11121","11121","11121","1.648","","0","","","","","0.000","2","4","","0","0","0","0.000","0","0","0","0","0","0","","","","","","0.132","Wed, 08 Feb 2023 21:02:33 GMT","","","","","1.1","","","","","","https://books.toscrape.com/media/cache/76/a1/76a1516c8d9c3e620626f30840013a85.jpg","2026-06-10 17:51:21"
"https://books.toscrape.com/media/cache/5a/64/5a6499d41ccaad4c4f7eeaa90e16345a.jpg","image/jpeg","200","OK","Indexable","","","0","0","","0","0","","0","","0","","0","","0","","","","","","","","","","10610","10610","10610","1.572","","0","","","","","0.000","2","4","","0","0","0","0.000","0","0","0","0","0","0","","","","","","0.116","Wed, 08 Feb 2023 21:02:32 GMT","","","","","1.1","","","","","","https://books.toscrape.com/media/cache/5a/64/5a6499d41ccaad4c4f7eeaa90e16345a.jpg","2026-06-10 17:51:21"
"https://books.toscrape.com/catalogue/cravings-recipes-for-what-you-want-to-eat_589/index.html","text/html","200","OK","Indexable","","Cravings: Recipes for What You Want to Eat | Books to Scrape - Sandbox","70","640","Though she is best known as a supermodel and Sports Illustrated swimsuit covergirl, all Chrissy Teigen really wants to do is talk about dinner—the good, the greasy, the good-for-you, and the goof-ups. Stylish but brash, witty and big-hearted, Chrissy cooks beautifully, but with the spirit of the amateur. In this book, she shows us how to make cooking part of a stylish life Though she is best known as a supermodel and Sports Illustrated swimsuit covergirl, all Chrissy Teigen really wants to do is talk about dinner—the good, the greasy, the good-for-you, and the goof-ups. Stylish but brash, witty and big-hearted, Chrissy cooks beautifully, but with the spirit of the amateur. In this book, she shows us how to make cooking part of a stylish lifestyle and how to look good doing it…or at least how to laugh at ourselves if we don’t.“The thing that makes me happiest isn’t when people stop me in the street to say they saw me in a magazine, but when they say they were inspired to cook because of what I posted on Instagram,” Chrissy Teigen says. Despite being a professional Beautiful Person, Teigen took cooking classes, runs a popular food blog, and loves connecting her fans with food through her widely followed Twitter and Instagram accounts. In this book, she brings her passion for cooking to the forefront. Through 100 recipes that range from her mom’s Thai classics to her own creations and dishes taught to her by her chef friends, Chrissy will show us how easy it can be to make cooking accessible and fun. ...more","1530","9337","","0","Cravings: Recipes for What You Want to Eat","42","Product Description","19","Product Information","19","NOARCHIVE,NOCACHE","","","","","","","","","20335","20335","20335","3.014","","428","94","4.553","92.510","Very Easy","11.906","2","2","","14","7","0","2.540","16","9","0","0","0","0","","","","","e52ef6dfe5e5d9ad51a6b8d0beaebef5","0.056","Wed, 08 Feb 2023 21:02:32 GMT","","","","en-us","1.1","","","","","","https://books.toscrape.com/catalogue/cravings-recipes-for-what-you-want-to-eat_589/index.html","2026-06-10 17:51:21"
"https://books.toscrape.com/media/cache/10/c6/10c61093002db1fec4089d8076678624.jpg","image/jpeg","200","OK","Indexable","","","0","0","","0","0","","0","","0","","0","","0","","","","","","","","","","11329","11329","11329","1.679","","0","","","","","0.000","2","4","","0","0","0","0.000","0","0","0","0","0","0","","","","","","0.123","Wed, 08 Feb 2023 21:02:32 GMT","","","","","1.1","","","","","","https://books.toscrape.com/media/cache/10/c6/10c61093002db1fec4089d8076678624.jpg","2026-06-10 17:51:21"
"https://books.toscrape.com/media/cache/61/bd/61bdfe3950643c47d70c37c4123530f3.jpg","image/jpeg","200","OK","Indexable","","","0","0","","0","0","","0","","0","","0","","0","","","","","","","","","","11693","11693","11693","1.733","","0","","","","","0.000","2","4","","0","0","0","0.000","0","0","0","0","0","0","","","","","","0.033","Wed, 08 Feb 2023 21:02:32 GMT","","","","","1.1","","","","","","https://books.toscrape.com/media/cache/61/bd/61bdfe3950643c47d70c37c4123530f3.jpg","2026-06-10 17:51:21"
"https://books.toscrape.com/media/cache/1d/1f/1d1fbd89f0290275b9166877663ee9f5.jpg","image/jpeg","200","OK","Indexable","","","0","0","","0","0","","0","","0","","0","","0","","","","","","","","","","6727","6727","6727","0.997","","0","","","","","0.000","2","4","","0","0","0","0.000","0","0","0","0","0","0","","","","","","0.115","Wed, 08 Feb 2023 21:02:32 GMT","","","","","1.1","","","","","","https://books.toscrape.com/media/cache/1d/1f/1d1fbd89f0290275b9166877663ee9f5.jpg","2026-06-10 17:51:21"
"https://books.toscrape.com/media/cache/98/d1/98d1c979c4bac9e147a6718946578b0f.jpg","image/jpeg","200","OK","Indexable","","","0","0","","0","0","","0","","0","","0","","0","","","","","","","","","","10727","10727","10727","1.590","","0","","","","","0.000","2","4","","0","0","0","0.000","0","0","0","0","0","0","","","","","","0.105","Wed, 08 Feb 2023 21:02:33 GMT","","","","","1.1","","","","","","https://books.toscrape.com/media/cache/98/d1/98d1c979c4bac9e147a6718946578b0f.jpg","2026-06-10 17:51:21"
"https://books.toscrape.com/media/cache/b8/38/b838b65e0e1ac3a9b498dfb1bf004420.jpg","image/jpeg","200","OK","Indexable","","","0","0","","0","0","","0","","0","","0","","0","","","","","","","","","","10889","10889","10889","1.614","","0","","","","","0.000","2","4","","0","0","0","0.000","0","0","0","0","0","0","","","","","","0.115","Wed, 08 Feb 2023 21:02:33 GMT","","","","","1.1","","","","","","https://books.toscrape.com/media/cache/b8/38/b838b65e0e1ac3a9b498dfb1bf004420.jpg","2026-06-10 17:51:21"
"https://books.toscrape.com/catalogue/the-moosewood-cookbook-recipes-from-moosewood-restaurant-ithaca-new-york_574/index.html","text/html","200","OK","Indexable","","The Moosewood Cookbook: Recipes from Moosewood Restaurant, Ithaca, New York | Books to Scrape - Sandbox","103","994","Among the most influential cookbooks of our time, the Moosewood Cookbook is such a powerful symbol that the publishers were tempted not to tamper with it. But times have changed, and knowledge about the foods we eat and their nutritional value has increased. So, after many inquiries and requests, the author has revised many of her recipes to be lighter and healthier. Illus Among the most influential cookbooks of our time, the Moosewood Cookbook is such a powerful symbol that the publishers were tempted not to tamper with it. But times have changed, and knowledge about the foods we eat and their nutritional value has increased. So, after many inquiries and requests, the author has revised many of her recipes to be lighter and healthier. Illustrated. ...more","766","4746","","0","The Moosewood Cookbook: Recipes from Moosewood Restaurant, Ithaca, New York","75","Product Description","19","Product Information","19","NOARCHIVE,NOCACHE","","","","","","","","","18855","18855","18855","2.794","","295","82","3.598","87.038","Easy","9.122","2","2","","14","7","0","2.540","16","9","0","0","0","0","","","","","a94a72f73574e956b2fec4733857b723","0.115","Wed, 08 Feb 2023 21:02:32 GMT","","","","en-us","1.1","","","","","","https://books.toscrape.com/catalogue/the-moosewood-cookbook-recipes-from-moosewood-restaurant-ithaca-new-york_574/index.html","2026-06-10 17:51:21"
"https://books.toscrape.com/catalogue/mama-tried-traditional-italian-cooking-for-the-screwed-crude-vegan-and-tattooed_908/index.html","text/html","200","OK","Indexable","","Mama Tried: Traditional Italian Cooking for the Screwed, Crude, Vegan, and Tattooed | Books to Scrape - Sandbox","111","1005","Cecilia Granata grew up cooking with her family in Italy. As a vegan, she learned to adapt her favorite recipes from around the country to be animal free while retaining the flavor and feeling of true Italian home cooking. She shares her commitment to ethical and artful eating in this alphabetically-arranged volume with over 100 recipes, ranging from traditional favorites Cecilia Granata grew up cooking with her family in Italy. As a vegan, she learned to adapt her favorite recipes from around the country to be animal free while retaining the flavor and feeling of true Italian home cooking. She shares her commitment to ethical and artful eating in this alphabetically-arranged volume with over 100 recipes, ranging from traditional favorites to homemade liqueurs to aphrodisiacs—all ""senza sofferenza,"" without suffering. The recipes are lushly illustrated with Granata's food-inspired tattoo art. ...more","913","5516","","0","Mama Tried: Traditional Italian Cooking for the Screwed, Crude, Vegan, and Tattooed","83","Product Description","19","Product Information","19","NOARCHIVE,NOCACHE","","","","","","","","","19656","19656","19656","2.913","","311","83","3.747","74.636","Fairly Easy","9.566","2","2","","14","7","0","2.540","16","9","0","0","0","0","","","","","547c167b5801196b2caf36e23c350ca4","0.034","Wed, 08 Feb 2023 21:02:32 GMT","","","","en-us","1.1","","","","","","https://books.toscrape.com/catalogue/mama-tried-traditional-italian-cooking-for-the-screwed-crude-vegan-and-tattooed_908/index.html","2026-06-10 17:51:22"
"https://books.toscrape.com/catalogue/barefoot-contessa-back-to-basics_667/index.html","text/html","200","OK","Indexable","","Barefoot Contessa Back to Basics | Books to Scrape - Sandbox","60","552","#1 NEW YORK TIMES BESTSELLERBarefoot Contessa Back to Basics is the essential Ina Garten cookbook, focusing on the techniques behind her elegant food and easy entertaining style, and offering nearly a hundred brand-new recipes that will become trusted favorites. Ina Garten’ s bestselling cookbooks have con-sistently provided accessible, subtly sophisticated recipes ranging #1 NEW YORK TIMES BESTSELLERBarefoot Contessa Back to Basics is the essential Ina Garten cookbook, focusing on the techniques behind her elegant food and easy entertaining style, and offering nearly a hundred brand-new recipes that will become trusted favorites. Ina Garten’ s bestselling cookbooks have con-sistently provided accessible, subtly sophisticated recipes ranging from French classics made easy to delicious, simple home cooking. In Barefoot Contessa Back to Basics, Ina truly breaks down her ideas on flavor, examining the ingredients and techniques that are the foundation of her easy, refined style. Here Ina covers the essentials, from ten ways to boost the flavors of your ingredients to ten things not to serve at a party, as well as professional tips that make successful baking, cooking, and entertaining a breeze. The recipes—crowd-pleasers like Lobster Corn Chowder, Tuscan Lemon Chicken, and Easy Sticky Buns—demonstrate Ina’s talent for transforming fresh, easy-to-find ingredients into elegant meals you can make without stress. For longtime fans, Ina delivers new insights into her simple techniques; for newcomers she provides a thorough master class on the basics of Barefoot Contessa cooking plus a Q&A section with answers to the questions people ask her all the time. With full-color photographs and invaluable cooking tips, Barefoot Contessa Back to Basics is an essential addition to the cherished library of Barefoot Contessa cookbooks. ...more","1854","11510","","0","Barefoot Contessa Back to Basics","32","Product Description","19","Product Information","19","NOARCHIVE,NOCACHE","","","","","","","","","21464","21464","21464","3.181","","432","92","4.696","68.315","Normal","12.709","2","2","","14","7","0","2.540","16","9","0","0","0","0","","","","","2d490eee10e20b9b51eb2b1e06b7b320","0.107","Wed, 08 Feb 2023 21:02:32 GMT","","","","en-us","1.1","","","","","","https://books.toscrape.com/catalogue/barefoot-contessa-back-to-basics_667/index.html","2026-06-10 17:51:21"
"https://books.toscrape.com/media/cache/9f/59/9f59f01fa916a7bb8f0b28a4012179a4.jpg","image/jpeg","200","OK","Indexable","","","0","0","","0","0","","0","","0","","0","","0","","","","","","","","","","12209","12209","12209","1.809","","0","","","","","0.000","2","4","","0","0","0","0.000","0","0","0","0","0","0","","","","","","0.038","Wed, 08 Feb 2023 21:02:33 GMT","","","","","1.1","","","","","","https://books.toscrape.com/media/cache/9f/59/9f59f01fa916a7bb8f0b28a4012179a4.jpg","2026-06-10 17:51:22"
"https://books.toscrape.com/catalogue/foolproof-preserving-a-guide-to-small-batch-jams-jellies-pickles-condiments-and-more-a-foolproof-guide-to-making-small-batch-jams-jellies-pickles-condiments-and-more_978/index.html","text/html","200","OK","Indexable","","Foolproof Preserving: A Guide to Small Batch Jams, Jellies, Pickles, Condiments, and More: A Foolproof Guide to Making Small Batch Jams, Jellies, Pickles, Condiments, and More | Books to Scrape - Sandbox","203","1838","Canning perfected the America’s Test Kitchen way. The art of preserving produce by canning and preserving has come full circle from grandmother's kitchen to a whole new generation now eager to learn it. This detailed guide to home preserving is perfect for novice canners and experts alike and offers more than 100 foolproof recipes across a wide range of categories, from sw Canning perfected the America’s Test Kitchen way. The art of preserving produce by canning and preserving has come full circle from grandmother's kitchen to a whole new generation now eager to learn it. This detailed guide to home preserving is perfect for novice canners and experts alike and offers more than 100 foolproof recipes across a wide range of categories, from sweet jams and jellies to savory jams, vegetables, condiments, pickles, whole fruits, and more. Let the experts at America's Test Kitchen show you how to do it right with detailed tutorials, troubleshooting tips, equipment information, and insight into the science behind canning. ...more","1037","6364","","0","Foolproof Preserving: A Guide to Small Batch Jams, Jellies, Pickles, Condiments, and More: A Foolproof Guide to Making Small Batch Jams, Jellies, Pickles, Condiments, and More","175","Product Description","19","Product Information","19","NOARCHIVE,NOCACHE","","","","","","","","","19609","19609","19609","2.906","","363","89","4.079","84.069","Easy","11.087","2","2","","16","8","0","2.900","16","9","0","0","0","0","","","","","33f62695ad7629509a8cbeca1f68576d","0.113","Wed, 08 Feb 2023 21:02:32 GMT","","","","en-us","1.1","","","","","","https://books.toscrape.com/catalogue/foolproof-preserving-a-guide-to-small-batch-jams-jellies-pickles-condiments-and-more-a-foolproof-guide-to-making-small-batch-jams-jellies-pickles-condiments-and-more_978/index.html","2026-06-10 17:51:22"
"https://books.toscrape.com/catalogue/32-yolks_510/index.html","text/html","200","OK","Indexable","","32 Yolks | Books to Scrape - Sandbox","36","327","For readers of Jacques Pépin’s The Apprentice and Marcus Samuelsson’s Yes, Chef, here is the coming-of-age story of a true French chef and international culinary icon. Before he earned three Michelin stars at Le Bernardin, won the James Beard Foundation Award for Outstanding Chef, or became a regular guest judge on Bravo’s Top Chef, and even before he knew how to make a pr For readers of Jacques Pépin’s The Apprentice and Marcus Samuelsson’s Yes, Chef, here is the coming-of-age story of a true French chef and international culinary icon. Before he earned three Michelin stars at Le Bernardin, won the James Beard Foundation Award for Outstanding Chef, or became a regular guest judge on Bravo’s Top Chef, and even before he knew how to make a proper omelet, Eric Ripert was a young boy in the South of France who felt that his world had come to an end. The only place Eric felt at home was in the kitchen. His desire to not only cook, but to become the best would lead him into some of the most celebrated and demanding restaurants in Paris. ...more","1055","6585","","0","32 Yolks","8","Product Description","19","Product Information","19","NOARCHIVE,NOCACHE","","","","","","","","","19237","19237","19237","2.851","","339","82","4.134","92.834","Very Easy","9.792","2","2","","14","7","0","2.540","16","9","0","0","0","0","","","","","2ff79164d116bf5df59e5c20658291f","0.110","Wed, 08 Feb 2023 21:02:32 GMT","","","","en-us","1.1","","","","","","https://books.toscrape.com/catalogue/32-yolks_510/index.html","2026-06-10 17:51:22"
"https://books.toscrape.com/catalogue/deliciously-ella-every-day-quick-and-easy-recipes-for-gluten-free-snacks-packed-lunches-and-simple-meals_801/index.html","text/html","200","OK","Indexable","","Deliciously Ella Every Day: Quick and Easy Recipes for Gluten-Free Snacks, Packed Lunches, and Simple Meals | Books to Scrape - Sandbox","135","1226","Delicious plant-based, gluten-free recipes and lifestyle tips for packed lunches, snacks, and simple meals that are easy and accessible to everyone—from the author of the international bestseller Deliciously Ella.It’s easy to be healthy until you get hungry. Making healthy eating sustainable is about two things. One: it’s got to be doable in the context of a time starved l Delicious plant-based, gluten-free recipes and lifestyle tips for packed lunches, snacks, and simple meals that are easy and accessible to everyone—from the author of the international bestseller Deliciously Ella.It’s easy to be healthy until you get hungry. Making healthy eating sustainable is about two things. One: it’s got to be doable in the context of a time starved life. Two: it’s got to be delicious. Ella Woodward’s newest cookbook Deliciously Ella Every Day offers fantastically appealing and quick recipes for breakfasts, packed lunches, snacks on the go, and stress-free meals.The book is packed with more than 100 simple yet irresistible plant-based, dairy-free, and gluten-free recipes. Be inspired by Ella’s quick weekday dinners, amazingly colorful salads, and incredible ideas for meals and snacks on the go. Favorites include the insanely delicious roasted cinnamon and maple trail mix, a super-rich chocolate ganache cake, a lovely roasted potato, hazelnut and pomegranate salad with a maple dressing. The book includes a section of big-batch cooking, recipes that can be made on the weekend so you can pack satisfying lunches or prepare quick, easy dinners during the week—a lovely cauliflower pizza or a stunning mushroom risotto.Featuring the top ten rules for living the Deliciously Ella way, tips for eating well without breaking the bank, and shopping lists to help you get organized, this is the cookbook you’ve been waiting for. ...more","1841","11117","","0","Deliciously Ella Every Day: Quick and Easy Recipes for Gluten-Free Snacks, Packed Lunches, and Simple Meals","107","Product Description","19","Product Information","19","NOARCHIVE,NOCACHE","","","","","","","","","21445","21445","21445","3.178","","465","107","4.346","72.704","Fairly Easy","13.422","2","2","","14","7","0","2.540","16","9","0","0","0","0","","","","","55799133a179fbe32af010861137b8d3","0.033","Wed, 08 Feb 2023 21:02:32 GMT","","","","en-us","1.1","","","","","","https://books.toscrape.com/catalogue/deliciously-ella-every-day-quick-and-easy-recipes-for-gluten-free-snacks-packed-lunches-and-simple-meals_801/index.html","2026-06-10 17:51:22"
"https://books.toscrape.com/media/cache/98/19/9819ff3a8290dc6ab8797d00de5ec554.jpg","image/jpeg","200","OK","Indexable","","","0","0","","0","0","","0","","0","","0","","0","","","","","","","","","","14060","14060","14060","2.084","","0","","","","","0.000","2","4","","0","0","0","0.000","0","0","0","0","0","0","","","","","","0.034","Wed, 08 Feb 2023 21:02:33 GMT","","","","","1.1","","","","","","https://books.toscrape.com/media/cache/98/19/9819ff3a8290dc6ab8797d00de5ec554.jpg","2026-06-10 17:51:22"
"https://books.toscrape.com/catalogue/barefoot-contessa-at-home-everyday-recipes-youll-make-over-and-over-again_666/index.html","text/html","200","OK","Indexable","","Barefoot Contessa at Home: Everyday Recipes You'll Make Over and Over Again | Books to Scrape - Sandbox","103","958","#1 NEW YORK TIMES BESTSELLERThroughout the years that she has lived and worked in East Hampton, Ina Garten has catered and attended countless parties and dinners. She will be the first to tell you, though, that nothing beats a cozy dinner, surrounded by the people you love most, in the comfort that only your own home can provide. In Barefoot Contessa at Home, Ina shares he #1 NEW YORK TIMES BESTSELLERThroughout the years that she has lived and worked in East Hampton, Ina Garten has catered and attended countless parties and dinners. She will be the first to tell you, though, that nothing beats a cozy dinner, surrounded by the people you love most, in the comfort that only your own home can provide. In Barefoot Contessa at Home, Ina shares her life in East Hampton, the recipes she loves, and her secrets to making guests feel welcome and comfortable. For Ina, it’s friends and family–gathered around the dinner table or cooking with her in the kitchen–that really make her house feel like home. Here Ina offers the tried-and-true recipes that she makes over and over again because they’re easy, they work, and they’re universally loved. For a leisurely Sunday breakfast, she has Easy Cheese Danishes or Breakfast Fruit Crunch to serve with the perfect Spicy Bloody Mary. For lunch, she has classics with a twist, such as Tomato, Mozzarella, and Pesto Paninis and Old-Fashioned Potato Salad, which are simply delicious. Then there are Ina’s homey dinners–from her own version of loin of pork stuffed with sautéed fennel to the exotic flavors of Eli’s Asian Salmon. And since Ina knows no one ever forgets what you serve for dessert, she includes recipes for outrageously luscious sweets like Peach and Blueberry Crumble, Pumpkin Mousse Parfait, and Chocolate Cupcakes with Peanut Butter Icing. Ina also lets readers in on her time-tested secrets for cooking and entertaining. Get the inside scoop on everything from what Ina considers when she’s designing a kitchen to menu-planning basics and how to make a dinner party fun (here’s a hint: it doesn’ t involve making complicated food!). Along with beautiful photographs of Ina’s dishes, her home, and the East Hampton she loves, this book is filled with signature recipes that strike the perfect balance between elegance and casual comfort. With her most indispensable collection yet, Ina Garten proves beyond a shadow of doubt that there truly is no place like home. ...more","2435","15060","","0","Barefoot Contessa at Home: Everyday Recipes You'll Make Over and Over Again","75","Product Description","19","Product Information","19","NOARCHIVE,NOCACHE","","","","","","","","","22786","22786","22786","3.377","","577","111","5.198","80.597","Easy","14.912","2","2","","14","7","0","2.540","16","9","0","0","0","0","","","","","d5f496b3a0a6f1be3e6e53a4d6ce37de","0.043","Wed, 08 Feb 2023 21:02:32 GMT","","","","en-us","1.1","","","","","","https://books.toscrape.com/catalogue/barefoot-contessa-at-home-everyday-recipes-youll-make-over-and-over-again_666/index.html","2026-06-10 17:51:22"
"https://books.toscrape.com/catalogue/layered-baking-building-and-styling-spectacular-cakes_904/index.html","text/html","200","OK","Indexable","","Layered: Baking, Building, and Styling Spectacular Cakes | Books to Scrape - Sandbox","84","751","It’s time to venture beyond vanilla and chocolate and take your baking skills up a notch. We’re talking layers—two, three, four, or more! Create sky-high, bakery-quality treats at home with Tessa Huff’s 150 innovative recipes, which combine new and exciting flavors of cake, fillings, and frostings—everything from pink peppercorn cherry to bourbon butterscotch, and pumpkin It’s time to venture beyond vanilla and chocolate and take your baking skills up a notch. We’re talking layers—two, three, four, or more!   Create sky-high, bakery-quality treats at home with Tessa Huff’s 150 innovative recipes, which combine new and exciting flavors of cake, fillings, and frostings—everything from pink peppercorn cherry to bourbon butterscotch, and pumpkin vanilla chai to riesling rhubarb and raspberry chocolate stout. Including contemporary baking methods and industry tips and tricks, Layered covers every decorating technique you’ll ever need with simple instructions and gorgeous step-by-step photos that speak to bakers of every skill level—and to anyone who wants to transform dessert into layer upon layer of edible art. ...more","1132","6923","","0","Layered: Baking, Building, and Styling Spectacular Cakes","56","Product Description","19","Product Information","19","NOARCHIVE,NOCACHE","","","","","","","","","20048","20048","20048","2.971","","327","84","3.893","76.113","Fairly Easy","10.266","2","2","","14","7","0","2.540","16","9","0","0","0","0","","","","","d2921523ed0977cfc90d49079a6ff5e4","0.032","Wed, 08 Feb 2023 21:02:32 GMT","","","","en-us","1.1","","","","","","https://books.toscrape.com/catalogue/layered-baking-building-and-styling-spectacular-cakes_904/index.html","2026-06-10 17:51:22"
"https://books.toscrape.com/media/cache/b7/f4/b7f4843dbe062d44be1ffcfa16b2faa4.jpg","image/jpeg","200","OK","Indexable","","","0","0","","0","0","","0","","0","","0","","0","","","","","","","","","","15504","15504","15504","2.298","","0","","","","","0.000","2","4","","0","0","0","0.000","0","0","0","0","0","0","","","","","","0.032","Wed, 08 Feb 2023 21:02:33 GMT","","","","","1.1","","","","","","https://books.toscrape.com/media/cache/b7/f4/b7f4843dbe062d44be1ffcfa16b2faa4.jpg","2026-06-10 17:51:22"
"https://books.toscrape.com/catalogue/my-kitchen-year-136-recipes-that-saved-my-life_646/index.html","text/html","200","OK","Indexable","","My Kitchen Year: 136 Recipes That Saved My Life | Books to Scrape - Sandbox","75","691","NEW YORK TIMES BESTSELLERIn the fall of 2009, the food world was rocked when Gourmet magazine was abruptly shuttered by its parent company. No one was more stunned by this unexpected turn of events than its beloved editor in chief, Ruth Reichl, who suddenly faced an uncertain professional future. As she struggled to process what had seemed unthinkable, Reichl turned to the NEW YORK TIMES BESTSELLERIn the fall of 2009, the food world was rocked when Gourmet magazine was abruptly shuttered by its parent company. No one was more stunned by this unexpected turn of events than its beloved editor in chief, Ruth Reichl, who suddenly faced an uncertain professional future. As she struggled to process what had seemed unthinkable, Reichl turned to the one place that had always provided sanctuary. “I did what I always do when I’m confused, lonely, or frightened,” she writes. “I disappeared into the kitchen.”My Kitchen Year follows the change of seasons—and Reichl’s emotions—as she slowly heals through the simple pleasures of cooking. While working 24/7, Reichl would “throw quick meals together” for her family and friends. Now she has the time to rediscover what cooking meant to her. Imagine kale, leaves dark and inviting, sautéed with chiles and garlic; summer peaches baked into a simple cobbler; fresh oysters chilling in a box of snow; plump chickens and earthy mushrooms, fricasseed with cream. Over the course of this challenging year, each dish Reichl prepares becomes a kind of stepping stone to finding joy again in ordinary things. The 136 recipes collected here represent a life’s passion for food: a blistering ma po tofu that shakes Reichl out of the blues; a decadent grilled cheese sandwich that accompanies a rare sighting in the woods around her home; a rhubarb sundae that signals the arrival of spring. Here, too, is Reichl’s enlivening dialogue with her Twitter followers, who become her culinary supporters and lively confidants. Part cookbook, part memoir, part paean to the household gods, My Kitchen Year may be Ruth Reichl’s most stirring book yet—one that reveals a refreshingly vulnerable side of the world's most famous food editor as she shares treasured recipes to be returned to again and again and again. ...more","2252","13982","","0","My Kitchen Year: 136 Recipes That Saved My Life","47","Product Description","19","Product Information","19","NOARCHIVE,NOCACHE","","","","","","","","","22231","22231","22231","3.295","","533","107","4.981","84.323","Easy","14.244","2","2","","14","7","0","2.540","16","9","0","0","0","0","","","","","59ad20703c3ebcd7753565cdfb3d3ee4","0.033","Wed, 08 Feb 2023 21:02:32 GMT","","","","en-us","1.1","","","","","","https://books.toscrape.com/catalogue/my-kitchen-year-136-recipes-that-saved-my-life_646/index.html","2026-06-10 17:51:22"
"https://books.toscrape.com/catalogue/the-nerdy-nummies-cookbook-sweet-treats-for-the-geek-in-all-of-us_853/index.html","text/html","200","OK","Indexable","","The Nerdy Nummies Cookbook: Sweet Treats for the Geek in All of Us | Books to Scrape - Sandbox","94","872","The long-awaited first cookbook from the creator and host of the Internet’s most popular baking show, Nerdy Nummies: a collection of Rosanna Pansino’s all-time favorite geeky recipes as well as sensational new recipes exclusive to this book.The Nerdy Nummies Cookbook is quirky, charming, and fun, featuring the recipes behind Rosanna Pansino’s celebrated, one-of-a-kind crea The long-awaited first cookbook from the creator and host of the Internet’s most popular baking show, Nerdy Nummies: a collection of Rosanna Pansino’s all-time favorite geeky recipes as well as sensational new recipes exclusive to this book.The Nerdy Nummies Cookbook is quirky, charming, and fun, featuring the recipes behind Rosanna Pansino’s celebrated, one-of-a-kind creations, as well as beautiful, mouthwatering photographs throughout. It is the perfect companion that you’ll turn to whenever you want to whip up a delicious treat and be entertained all at once. And best of all, these treats are as simple as they are fun to make! No need for costly tools or baking classes to create these marvelous delights yourself.The Nerdy Nummies Cookbook combines two things Rosanna loves: geek culture and baking. Her fondness for video games, science fiction, math, comics, and lots of other things considered “nerdy” have inspired every recipe in this book. You’ll find the recipes for many beloved fan favorites from the show, such as Apple Pi Pie, the Chocolate Chip Smart Cookie, and Volcano Cake; as well as many new geeky recipes, such as Dinosaur Fossil Cake, Moon Phase Macarons, and the Periodic Table of Cupcakes. The Nerdy Nummies Cookbook showcases Rosanna’s most original and popular creations, and each recipe includes easy-to-follow photo instructions and a stunning shot of the finished treat in all its geeky glory: a delicious confection sure to please the geek in all of us! ...more","1876","11603","","0","The Nerdy Nummies Cookbook: Sweet Treats for the Geek in All of Us","66","Product Description","19","Product Information","19","NOARCHIVE,NOCACHE","","","","","","","","","21757","21757","21757","3.224","","467","104","4.490","76.555","Fairly Easy","13.058","2","2","","14","7","0","2.540","16","9","0","0","0","0","","","","","911cb4f531567f01cf4e9478798b4ef4","0.029","Wed, 08 Feb 2023 21:02:32 GMT","","","","en-us","1.1","","","","","","https://books.toscrape.com/catalogue/the-nerdy-nummies-cookbook-sweet-treats-for-the-geek-in-all-of-us_853/index.html","2026-06-10 17:51:22"
"https://books.toscrape.com/catalogue/its-all-easy-healthy-delicious-weeknight-meals-in-under-30-minutes_706/index.html","text/html","200","OK","Indexable","","It's All Easy: Healthy, Delicious Weeknight Meals in under 30 Minutes | Books to Scrape - Sandbox","97","859","For fans of It's All Good-or just delicious food-here is the cookbook that will help anyone make delectable, healthy meals in no time! Gwyneth Paltrow is back to share more than 125 of her favorite recipes that can be made in the time it would take to order takeout (which often contains high quantities of fat, sugar, and processed ingredients). All the dishes are surprisin For fans of It's All Good-or just delicious food-here is the cookbook that will help anyone make delectable, healthy meals in no time! Gwyneth Paltrow is back to share more than 125 of her favorite recipes that can be made in the time it would take to order takeout (which often contains high quantities of fat, sugar, and processed ingredients). All the dishes are surprisingly tasty, with little or no sugar, fat, or gluten. From easy breakfasts to lazy suppers, this book has something for everybody. Yummy recipes include Chocolate Cinnamon Overnight Oats, Soft Polenta with Cherry Tomatoes, Chicken Enchiladas, Pita Bread Pizzas, Quick Sesame Noodles, and more! Plus, an innovative chapter for ""on-the-go"" meals (Moroccan Chicken Salad Wrap, Chopped Salad with Grilled Shrimp, and others) that you can take for lunch to work or school, to a picnic, or to eat while watching soccer practice! ...more","1279","7782","","0","It's All Easy: Healthy, Delicious Weeknight Meals in under 30 Minutes","69","Product Description","19","Product Information","19","NOARCHIVE,NOCACHE","","","","","","","","","20483","20483","20483","3.036","","382","87","4.391","85.887","Easy","10.892","2","2","","14","7","0","2.540","16","9","0","0","0","0","","","","","f498a5fa1ef32f554bab4ebfb1cdb7e1","0.030","Wed, 08 Feb 2023 21:02:32 GMT","","","","en-us","1.1","","","","","","https://books.toscrape.com/catalogue/its-all-easy-healthy-delicious-weeknight-meals-in-under-30-minutes_706/index.html","2026-06-10 17:51:22"
"https://books.toscrape.com/catalogue/the-cookies-cups-cookbook-125-sweet-savory-recipes-reminding-you-to-always-eat-dessert-first_841/index.html","text/html","200","OK","Indexable","","The Cookies & Cups Cookbook: 125+ sweet & savory recipes reminding you to Always Eat Dessert First | Books to Scrape - Sandbox","126","1160","Wildly popular Cookies & Cups blogger Shelly Jaronsky’s eagerly anticipated cookbook features all-new, mouth-watering, delectable sweet treats 100% guaranteed to make you want to eat dessert first.Shelly Jaronsky has a problem. She’s an addict. Of the buttercream variety.“Chronicling my life in sugar” has been Shelly’s motto since the inception of her insanely frequent Wildly popular Cookies & Cups blogger Shelly Jaronsky’s eagerly anticipated cookbook features all-new, mouth-watering, delectable sweet treats 100% guaranteed to make you want to eat dessert first.Shelly Jaronsky has a problem. She’s an addict. Of the buttercream variety.“Chronicling my life in sugar” has been Shelly’s motto since the inception of her insanely frequented dessert blog, Cookies & Cups. With recipes ranging from the deliciously decadent (her S’mores Fudge Bars will make you seriously reconsider everything you thought you knew about baked goods) to the deceptively simple (her Favorite Chocolate Chip Cookie will become an instant staple in your baking repertoire), The Cookies & Cups Cookbook truly has something for everyone, from the cooking novice to the seasoned chef.Now you can bring Shelly’s signature style into your own kitchen with more than 125 no-fail recipes, including some reader-approved favorites and a special bonus section dedicated to the quick and savory side of cooking. Authored in the witty, intimate style of the blog that draws more than three million monthly page views and a social following of more than seven hundred thousand fans, The Cookies & Cups Cookbook is the go-to source for all things flavorful, accessible, and irresistibly tasty. ...more","1671","10300","","0","The Cookies & Cups Cookbook: 125+ sweet & savory recipes reminding you to Always Eat Dessert First","98","Product Description","19","Product Information","19","NOARCHIVE,NOCACHE","","","","","","","","","21201","21201","21201","3.142","","434","97","4.474","75.978","Fairly Easy","12.718","2","2","","14","7","0","2.540","16","9","0","0","0","0","","","","","9976813c6b3389fd757cd9f1b38be5a1","0.034","Wed, 08 Feb 2023 21:02:32 GMT","","","","en-us","1.1","","","","","","https://books.toscrape.com/catalogue/the-cookies-cups-cookbook-125-sweet-savory-recipes-reminding-you-to-always-eat-dessert-first_841/index.html","2026-06-10 17:51:22"
"https://books.toscrape.com/media/cache/fe/67/fe67c381d6a0c4c00a7c191d16939554.jpg","image/jpeg","200","OK","Indexable","","","0","0","","0","0","","0","","0","","0","","0","","","","","","","","","","11652","11652","11652","1.727","","0","","","","","0.000","2","4","","0","0","0","0.000","0","0","0","0","0","0","","","","","","0.110","Wed, 08 Feb 2023 21:02:33 GMT","","","","","1.1","","","","","","https://books.toscrape.com/media/cache/fe/67/fe67c381d6a0c4c00a7c191d16939554.jpg","2026-06-10 17:51:22"
"https://books.toscrape.com/media/cache/54/89/54899b4584e941ceced511d81092c88a.jpg","image/jpeg","200","OK","Indexable","","","0","0","","0","0","","0","","0","","0","","0","","","","","","","","","","11835","11835","11835","1.754","","0","","","","","0.000","2","4","","0","0","0","0.000","0","0","0","0","0","0","","","","","","0.030","Wed, 08 Feb 2023 21:02:32 GMT","","","","","1.1","","","","","","https://books.toscrape.com/media/cache/54/89/54899b4584e941ceced511d81092c88a.jpg","2026-06-10 17:51:22"
"https://books.toscrape.com/catalogue/my-paris-kitchen-recipes-and-stories_910/index.html","text/html","200","OK","Indexable","","My Paris Kitchen: Recipes and Stories | Books to Scrape - Sandbox","65","588","A collection of stories and 100 sweet and savory French-inspired recipes from popular food blogger David Lebovitz, reflecting the way Parisians eat today and featuring lush photography taken around Paris and in David's Parisian kitchen.It’s been ten years since David Lebovitz packed up his most treasured cookbooks, a well-worn cast-iron skillet, and his laptop and moved to A collection of stories and 100 sweet and savory French-inspired recipes from popular food blogger David Lebovitz, reflecting the way Parisians eat today and featuring lush photography taken around Paris and in David's Parisian kitchen.It’s been ten years since David Lebovitz packed up his most treasured cookbooks, a well-worn cast-iron skillet, and his laptop and moved to Paris. In that time, the culinary culture of France has shifted as a new generation of chefs and home cooks—most notably in Paris—incorporates ingredients and techniques from around the world into traditional French dishes.      In My Paris Kitchen, David remasters the classics, introduces lesser-known fare, and presents 100 sweet and savory recipes that reflect the way modern Parisians eat today. You’ll find Soupe à l’oignon, Cassoulet, Coq au vin, and Croque-monsieur, as well as Smoky barbecue-style pork, Lamb shank tagine, Dukkah-roasted cauliflower, Salt cod fritters with tartar sauce, and Wheat berry salad with radicchio, root vegetables, and pomegranate. And of course, there’s dessert: Warm chocolate cake with salted butter caramel sauce, Duck fat cookies, Bay leaf poundcake with orange glaze, French cheesecake...and the list goes on. David also shares stories told with his trademark wit and humor, and lush photography taken on location around Paris and in David’s kitchen reveals the quirks, trials, beauty, and joys of life in the culinary capital of the world. ...more","1843","11290","","0","My Paris Kitchen: Recipes and Stories","37","Product Description","19","Product Information","19","NOARCHIVE,NOCACHE","","","","","","","","","21185","21185","21185","3.140","","437","97","4.505","72.942","Fairly Easy","12.773","2","2","","14","7","0","2.540","16","9","0","0","0","0","","","","","e791308b4e2fc5c4a8d8a8721f69b9f6","0.032","Wed, 08 Feb 2023 21:02:32 GMT","","","","en-us","1.1","","","","","","https://books.toscrape.com/catalogue/my-paris-kitchen-recipes-and-stories_910/index.html","2026-06-10 17:51:22"
"https://books.toscrape.com/media/cache/d1/7a/d17a3e313e52e1be5651719e4fba1d16.jpg","image/jpeg","200","OK","Indexable","","","0","0","","0","0","","0","","0","","0","","0","","","","","","","","","","19032","19032","19032","2.821","","0","","","","","0.000","2","4","","0","0","0","0.000","0","0","0","0","0","0","","","","","","0.124","Wed, 08 Feb 2023 21:02:33 GMT","","","","","1.1","","","","","","https://books.toscrape.com/media/cache/d1/7a/d17a3e313e52e1be5651719e4fba1d16.jpg","2026-06-10 17:51:22"
"https://books.toscrape.com/catalogue/a-la-mode-120-recipes-in-60-pairings-pies-tarts-cakes-crisps-and-more-topped-with-ice-cream-gelato-frozen-custard-and-more_611/index.html","text/html","200","OK","Indexable","","A la Mode: 120 Recipes in 60 Pairings: Pies, Tarts, Cakes, Crisps, and More Topped with Ice Cream, Gelato, Frozen Custard, and More | Books to Scrape - Sandbox","159","1429","Are you ready to take your baking over the top? Here are sixty decadent and delightful ice creams and the sixty desserts that are their vehicles. A la Mode offers not just solid dessert recipes, from raspberry oat bars to bear claws, from chocolate pecan pie to a white chocolate pavlova, but also gives you the unforgettable pairings that make these desserts smash hits: app Are you ready to take your baking over the top? Here are sixty decadent and delightful ice creams and the sixty desserts that are their vehicles. A la Mode offers not just solid dessert recipes, from raspberry oat bars to bear claws, from chocolate pecan pie to a white chocolate pavlova, but also gives you the unforgettable pairings that make these desserts smash hits: apple cranberry pie with Camembert ice cream, chocolate sheet cake with salt caramel frozen custard, and espresso cream jelly roll with mascarpone ice cream.Let's face it: vanilla can sometimes be so... vanilla. A great a-la-mode pairing should be as decadent as finding the perfect wine to go with your cheese plate. With A la Mode, IACP winners and cookbook dynamos Bruce Weinstein and Mark Scarbrough show you how to create innovative delights such as creamy hazelnut gelato atop coffee-poached pears, or maple frozen custard with a mouthwatering cinnamon roll cake, alongside simpler classics like confetti ice cream with layered vanilla birthday cake. You haven't lived until you've had peanut brittle pie with popcorn ice cream, a Cracker Jack fantasy!Because what's a warm pie without ice cream? With A la Mode, you'll have to answer that question! ...more","1611","9880","","0","A la Mode: 120 Recipes in 60 Pairings: Pies, Tarts, Cakes, Crisps, and More Topped with Ice Cream, Gelato, Frozen Custard, and More","131","Product Description","19","Product Information","19","NOARCHIVE,NOCACHE","","","","","","","","","20959","20959","20959","3.106","","460","103","4.466","83.678","Easy","12.826","2","2","","14","7","0","2.540","16","9","0","0","0","0","","","","","651f16ca4a29cbce72127ff763fb5c29","0.120","Wed, 08 Feb 2023 21:02:32 GMT","","","","en-us","1.1","","","","","","https://books.toscrape.com/catalogue/a-la-mode-120-recipes-in-60-pairings-pies-tarts-cakes-crisps-and-more-topped-with-ice-cream-gelato-frozen-custard-and-more_611/index.html","2026-06-10 17:51:22"
"https://books.toscrape.com/media/cache/5d/7e/5d7ecde8e81513eba8a64c9fe000744b.jpg","image/jpeg","200","OK","Indexable","","","0","0","","0","0","","0","","0","","0","","0","","","","","","","","","","9173","9173","9173","1.359","","0","","","","","0.000","2","4","","0","0","0","0.000","0","0","0","0","0","0","","","","","","0.106","Wed, 08 Feb 2023 21:02:32 GMT","","","","","1.1","","","","","","https://books.toscrape.com/media/cache/5d/7e/5d7ecde8e81513eba8a64c9fe000744b.jpg","2026-06-10 17:51:22"
"https://books.toscrape.com/media/cache/2a/a8/2aa8afd15f97617ab75f616766161cda.jpg","image/jpeg","200","OK","Indexable","","","0","0","","0","0","","0","","0","","0","","0","","","","","","","","","","11615","11615","11615","1.721","","0","","","","","0.000","2","4","","0","0","0","0.000","0","0","0","0","0","0","","","","","","0.108","Wed, 08 Feb 2023 21:02:32 GMT","","","","","1.1","","","","","","https://books.toscrape.com/media/cache/2a/a8/2aa8afd15f97617ab75f616766161cda.jpg","2026-06-10 17:51:22"
"https://books.toscrape.com/catalogue/far-from-true-promise-falls-trilogy-2_320/index.html","text/html","200","OK","Indexable","","Far From True (Promise Falls Trilogy #2) | Books to Scrape - Sandbox","68","613","New York Times and #1 international bestselling author Linwood Barclay delivers the second spine-chilling thriller set in the troubled town of Promise Falls, following the electrifying cliffhanger ending of Broken Promise... After the screen of a run-down drive-in movie theater collapses and kills fourpeople, the daughter of one of the victims asks private investigator Ca New York Times and #1 international bestselling author Linwood Barclay delivers the second spine-chilling thriller set in the troubled town of Promise Falls, following the electrifying cliffhanger ending of Broken Promise...   After the screen of a run-down drive-in movie theater collapses and kills four people, the daughter of one of the victims asks private investigator Cal Weaver to look into a recent break-in at her father’s house. Cal discovers a hidden basement room where it’s clear that salacious activities have taken place—as well as evidence of missing DVDs. But his investigation soon becomes more complicated when he realizes it may not be discs the thief was actually interested in....   Meanwhile, Detective Barry Duckworth is still trying to solve two murders—one of which is three years old—he believes are connected, since each featured a similar distinctive wound.   As the lies begin to unravel, Cal is headed straight into the heart of a dark secret as his search uncovers more startling truths about Promise Falls. And when yet another murder happens, Cal and Barry are both driven to pursue their investigations, no matter where they lead. Evil deeds long thought buried are about to haunt the residents of this town—as the sins of the past and present collide with terrifying results. ...more","1695","10197","","0","Far From True (Promise Falls Trilogy #2)","40","Product Description","19","Product Information","19","NOARCHIVE,NOCACHE","","","","","","","","","19657","19657","19657","2.913","","421","89","4.730","82.870","Easy","12.938","2","2","","10","5","0","1.810","16","9","0","0","0","0","","","","","c3d6dd1c51120eafa55515d93a9263c","0.030","Wed, 08 Feb 2023 21:02:32 GMT","","","","en-us","1.1","","","","","","https://books.toscrape.com/catalogue/far-from-true-promise-falls-trilogy-2_320/index.html","2026-06-10 17:51:23"
"https://books.toscrape.com/catalogue/the-bone-hunters-lexy-vaughan-steven-macaulay-2_343/index.html","text/html","200","OK","Indexable","","The Bone Hunters (Lexy Vaughan & Steven Macaulay #2) | Books to Scrape - Sandbox","80","758","The award-winning author of Valhalla brings back archaeologist Lexy Vaughan and retired Air Force officer Steve Macaulay, as they race to save a priceless discovery from disappearing forever.… One of the greatest archaeological finds of all time, Peking Man, the 780,000-year-old remains of our earliest known human ancestor, disappeared during World War II from a cargo shi The award-winning author of Valhalla brings back archaeologist Lexy Vaughan and retired Air Force officer Steve Macaulay, as they race to save a priceless discovery from disappearing forever.…   One of the greatest archaeological finds of all time, Peking Man, the 780,000-year-old remains of our earliest known human ancestor, disappeared during World War II from a cargo ship bound for America.   Now the Chinese government is fighting to keep a new religion from taking hold—a faith based on the belief that Peking Man is God. And they dispatch ruthless operatives to find and destroy the world’s most priceless fossil.   But the U.S. government has its own team on the hunt. From the mountains of Bavaria to the jungles of Central America and across the vast Pacific, Professor Barnaby Finchem, his brilliant protégé, Lexy Vaughan, and pilot Steve Macaulay will brave the wrath of nature and of man to win a race against unbridled tyranny.… ...more","1327","8177","","0","The Bone Hunters (Lexy Vaughan & Steven Macaulay #2)","52","Product Description","19","Product Information","19","NOARCHIVE,NOCACHE","","","","","","","","","18861","18861","18861","2.795","","369","87","4.241","83.310","Easy","11.615","2","2","","12","6","0","2.170","16","9","0","0","0","0","","","","","46cc04245a45afc9d4b74376c554e5bd","0.029","Wed, 08 Feb 2023 21:02:32 GMT","","","","en-us","1.1","","","","","","https://books.toscrape.com/catalogue/the-bone-hunters-lexy-vaughan-steven-macaulay-2_343/index.html","2026-06-10 17:51:23"
"https://books.toscrape.com/catalogue/in-her-wake_980/index.html","text/html","200","OK","Indexable","","In Her Wake | Books to Scrape - Sandbox","39","360","A perfect life … until she discovered it wasn’t her own.A tragic family event reveals devastating news that rips apart Bella’s comfortable existence. Embarking on a personal journey to uncover the truth, she faces a series of traumatic discoveries that take her to the ruggedly beautiful Cornish coast, where hidden truths, past betrayals and a 25-year-old mystery threaten n A perfect life … until she discovered it wasn’t her own.A tragic family event reveals devastating news that rips apart Bella’s comfortable existence. Embarking on a personal journey to uncover the truth, she faces a series of traumatic discoveries that take her to the ruggedly beautiful Cornish coast, where hidden truths, past betrayals and a 25-year-old mystery threaten not just her identity, but also her life.Chilling, complex and profoundly moving, In Her Wake is a gripping psychological thriller that questions the nature of family – and reminds us that sometimes the most shocking crimes are committed closest to home. ...more","1012","6133","","0","In Her Wake","11","Product Description","19","Product Information","19","NOARCHIVE,NOCACHE","","","","","","","","","18707","18707","18707","2.772","","307","79","3.886","81.640","Easy","9.749","2","2","","16","8","0","2.900","16","9","0","0","0","0","","","","","df0976184e2b1ade37b320984cbe75e8","0.104","Wed, 08 Feb 2023 21:02:32 GMT","","","","en-us","1.1","","","","","","https://books.toscrape.com/catalogue/in-her-wake_980/index.html","2026-06-10 17:51:23"
"https://books.toscrape.com/media/cache/87/54/8754267f27581996f93e8d94d3c04bf9.jpg","image/jpeg","200","OK","Indexable","","","0","0","","0","0","","0","","0","","0","","0","","","","","","","","","","12126","12126","12126","1.797","","0","","","","","0.000","2","4","","0","0","0","0.000","0","0","0","0","0","0","","","","","","0.036","Wed, 08 Feb 2023 21:02:33 GMT","","","","","1.1","","","","","","https://books.toscrape.com/media/cache/87/54/8754267f27581996f93e8d94d3c04bf9.jpg","2026-06-10 17:51:23"
"https://books.toscrape.com/catalogue/the-elephant-tree_968/index.html","text/html","200","OK","Indexable","","The Elephant Tree | Books to Scrape - Sandbox","45","415","Mark Fallon is an overworked detective investigating a spate of attacks at a string of high profile city centre nightclubs. Scott is a dejected 24 year old struggling to make ends meet working for his brother and supplementing his income with a small-scale drug dealing operation. Angela is an attractive 23 year old, raised by her father, a career criminal and small time dr Mark Fallon is an overworked detective investigating a spate of attacks at a string of high profile city centre nightclubs. Scott is a dejected 24 year old struggling to make ends meet working for his brother and supplementing his income with a small-scale drug dealing operation. Angela is an attractive 23 year old, raised by her father, a career criminal and small time drug dealer who supplies Scott with cannabis. This is a chilling tale spanning a few months in the lives of Scott and Angela, where realizations about the present combine with shocking revelations from the past leading to an apocalyptic climax where they no longer know whom they can trust. ...more","1047","6333","","0","The Elephant Tree","17","Product Description","19","Product Information","19","NOARCHIVE,NOCACHE","","","","","","","","","18811","18811","18811","2.788","","327","81","4.037","87.092","Easy","9.957","2","2","","16","8","0","2.900","16","9","0","0","0","0","","","","","350bb816d583d402d997f97c2d5583b3","0.030","Wed, 08 Feb 2023 21:02:32 GMT","","","","en-us","1.1","","","","","","https://books.toscrape.com/catalogue/the-elephant-tree_968/index.html","2026-06-10 17:51:23"
"https://books.toscrape.com/catalogue/give-it-back_430/index.html","text/html","200","OK","Indexable","","Give It Back | Books to Scrape - Sandbox","40","357","This novel follows three characters: Lorraine, Lexy, and Ella.Lorraine:Not long ago, Lorraine lost her husband to another woman. She thought that was the worst thing that could happen to her, but soon she realizes it’s just the beginning of an everlasting nightmare. Lexy:Lexy, an au pair from London, moves to Seattle to help Lorraine with her infant son. But she didn’t com This novel follows three characters: Lorraine, Lexy, and Ella.Lorraine:Not long ago, Lorraine lost her husband to another woman. She thought that was the worst thing that could happen to her, but soon she realizes it’s just the beginning of an everlasting nightmare. Lexy:Lexy, an au pair from London, moves to Seattle to help Lorraine with her infant son. But she didn’t come for the child…she came for something else. Ella:When Ella receives a call from her sister, Lorraine, who begs her to leave San Diego to spend time with her, she decides to take a few days off from work to visit her. Frightened to see how much Lorraine has weakened since her diagnosis eight months ago, she packs a bag and heads to Seattle with a foreboding feeling that this might be the last time she sees Lorraine. But on her way to the airport, she learns that something shocking has happened since she last spoke with Lorraine and now. To make matters worse, once Ella arrives in Seattle, Lorraine’s story keeps changing, making Ella question how reliable her sister really is. Soon Ella is entangled in a mysterious investigation, and more so, in the lives of everyone involved. She realizes not only that she won’t go home anytime soon but also that she’ll never look at others the same way she did before. ...more","1674","10189","","0","Give It Back","12","Product Description","19","Product Information","19","NOARCHIVE,NOCACHE","","","","","","","","","19240","19240","19240","2.851","","432","103","4.194","89.582","Easy","12.730","2","2","","14","7","0","2.540","16","9","0","0","0","0","","","","","c7dd9307ac4e17bdda9a1d5513200ec8","0.107","Wed, 08 Feb 2023 21:02:32 GMT","","","","en-us","1.1","","","","","","https://books.toscrape.com/catalogue/give-it-back_430/index.html","2026-06-10 17:51:23"
"https://books.toscrape.com/catalogue/the-travelers_285/index.html","text/html","200","OK","Indexable","","The Travelers | Books to Scrape - Sandbox","41","375","A pulse-racing international thriller from the New York Times bestselling author of The Expats and The AccidentIt’s 3:00am. Do you know where your husband is?Meet Will Rhodes: travel writer, recently married, barely solvent, his idealism rapidly giving way to disillusionment and the worry that he’s living the wrong life. Then one night, on assignment for the award-winning A pulse-racing international thriller from the New York Times bestselling author of The Expats and The AccidentIt’s 3:00am. Do you know where your husband is?Meet Will Rhodes: travel writer, recently married, barely solvent, his idealism rapidly giving way to disillusionment and the worry that he’s living the wrong life. Then one night, on assignment for the award-winning Travelers magazine in the wine region of Argentina, a beautiful woman makes him an offer he can’t refuse. Soon Will’s bad choices—and dark secrets—take him across Europe, from a chateau in Bordeaux to a midnight raid on a Paris mansion, from a dive bar in Dublin to a mega-yacht in the Mediterranean and an isolated cabin perched on the rugged cliffs of Iceland. As he’s drawn further into a tangled web of international intrigue, it becomes clear that nothing about Will Rhodes was ever ordinary, that the network of deception ensnaring him is part of an immense and deadly conspiracy with terrifying global implications—and that the people closest to him may pose the greatest threat of all.It’s 3:00am. Your husband has just become a spy. ...more","1499","9189","","0","The Travelers","13","Product Description","19","Product Information","19","NOARCHIVE,NOCACHE","","","","","","","","","19240","19240","19240","2.851","","388","95","4.084","81.677","Easy","12.024","2","2","","8","4","0","1.450","16","9","0","0","0","0","","","","","ca135610554fc5d4bdf1f4724efdedcb","0.115","Wed, 08 Feb 2023 21:02:32 GMT","","","","en-us","1.1","","","","","","https://books.toscrape.com/catalogue/the-travelers_285/index.html","2026-06-10 17:51:23"
"https://books.toscrape.com/media/cache/d9/1a/d91aae72af6c1cb2c63163acabe7895c.jpg","image/jpeg","200","OK","Indexable","","","0","0","","0","0","","0","","0","","0","","0","","","","","","","","","","12740","12740","12740","1.888","","0","","","","","0.000","2","4","","0","0","0","0.000","0","0","0","0","0","0","","","","","","0.037","Wed, 08 Feb 2023 21:02:33 GMT","","","","","1.1","","","","","","https://books.toscrape.com/media/cache/d9/1a/d91aae72af6c1cb2c63163acabe7895c.jpg","2026-06-10 17:51:23"
"https://books.toscrape.com/catalogue/you-you-1_784/index.html","text/html","200","OK","Indexable","","You (You #1) | Books to Scrape - Sandbox","40","367","When a beautiful, aspiring writer strides into the East Village bookstore where Joe Goldberg works, he does what anyone would do: he Googles the name on her credit card.There is only one Guinevere Beck in New York City. She has a public Facebook account and Tweets incessantly, telling Joe everything he needs to know: she is simply Beck to her friends, she went to Brown Uni When a beautiful, aspiring writer strides into the East Village bookstore where Joe Goldberg works, he does what anyone would do: he Googles the name on her credit card.There is only one Guinevere Beck in New York City. She has a public Facebook account and Tweets incessantly, telling Joe everything he needs to know: she is simply Beck to her friends, she went to Brown University, she lives on Bank Street, and she’ll be at a bar in Brooklyn tonight—the perfect place for a “chance” meeting.As Joe invisibly and obsessively takes control of Beck’s life, he orchestrates a series of events to ensure Beck finds herself in his waiting arms. Moving from stalker to boyfriend, Joe transforms himself into Beck’s perfect man, all while quietly removing the obstacles that stand in their way—even if it means murder. ...more","1197","7323","","0","You (You #1)","12","Product Description","19","Product Information","19","NOARCHIVE,NOCACHE","","","","","","","","","18741","18741","18741","2.777","","350","87","4.023","93.013","Very Easy","10.640","2","2","","14","7","0","2.540","16","9","0","0","0","0","","","","","1824b9c122efb3df897112214efcc320","0.030","Wed, 08 Feb 2023 21:02:32 GMT","","","","en-us","1.1","","","","","","https://books.toscrape.com/catalogue/you-you-1_784/index.html","2026-06-10 17:51:23"
"https://books.toscrape.com/catalogue/the-guilty-will-robie-4_750/index.html","text/html","200","OK","Indexable","","The Guilty (Will Robie #4) | Books to Scrape - Sandbox","54","477","Will Robie is the government's most professional, disciplined, and lethal assassin. He infiltrates the most hostile countries in the world, defeats our enemies' advanced security measures, and eliminates threats before they ever reach our shores. But now, his skills have left him. Sent overseas on a critical assignment, he fails, unable to pull the trigger. Absent his tale Will Robie is the government's most professional, disciplined, and lethal assassin. He infiltrates the most hostile countries in the world, defeats our enemies' advanced security measures, and eliminates threats before they ever reach our shores. But now, his skills have left him. Sent overseas on a critical assignment, he fails, unable to pull the trigger. Absent his talents, Robie is a man without a mission, and without a purpose.To recover what he has lost, Robie must confront what he has tried to forget for over twenty years: his own past. THE GUILTY Will Robie escaped his small Gulf Coast hometown of Cantrell, Mississippi after high school, severing all personal ties, and never looked back. Not once. Not until the unimaginable occurs. His father, Dan Robie, has been arrested and charged with murder.Father and son haven't spoken or seen each other since the day Robie left town. In that time, Dan Robie - a local attorney and pillar of the community-has been elected town judge. Despite this, most of Cantrell is aligned against Dan. His guilt is assumed.To make matters worse, Dan has refused to do anything to defend himself. When Robie tries to help, his father responds only with anger and defiance. Could Dan really be guilty?With the equally formidable Jessica Reel at his side, Robie ignores his father's wishes and begins his own desperate investigation into the case. But Robie is now a stranger to his hometown, an outsider, a man who has forsaken his past and his family. His attempts to save his father are met with distrust and skepticism . . . and violence.Unlike the missions Robie undertook in the service of his country, where his target was clearly defined, digging into his father's case only reveals more questions. Robie is drawn into the hidden underside of Cantrell, where he must face the unexpected and possibly deadly consequences of the long-ago choices made by father and son. And this time, there may be no escape for either of them. ...more","2362","14306","","0","The Guilty (Will Robie #4)","26","Product Description","19","Product Information","19","NOARCHIVE,NOCACHE","","","","","","","","","20817","20817","20817","3.085","","539","119","4.529","81.851","Easy","15.221","2","2","","14","7","0","2.540","16","9","0","0","0","0","","","","","f64d9cefccb6e35efe4d4e21aa1f6d02","0.029","Wed, 08 Feb 2023 21:02:32 GMT","","","","en-us","1.1","","","","","","https://books.toscrape.com/catalogue/the-guilty-will-robie-4_750/index.html","2026-06-10 17:51:23"
"https://books.toscrape.com/media/cache/ee/d4/eed4d5d63d13f0aa86575c90f8ccacb7.jpg","image/jpeg","200","OK","Indexable","","","0","0","","0","0","","0","","0","","0","","0","","","","","","","","","","9848","9848","9848","1.459","","0","","","","","0.000","2","4","","0","0","0","0.000","0","0","0","0","0","0","","","","","","0.030","Wed, 08 Feb 2023 21:02:33 GMT","","","","","1.1","","","","","","https://books.toscrape.com/media/cache/ee/d4/eed4d5d63d13f0aa86575c90f8ccacb7.jpg","2026-06-10 17:51:23"
"https://books.toscrape.com/catalogue/the-14th-colony-cotton-malone-11_744/index.html","text/html","200","OK","Indexable","","The 14th Colony (Cotton Malone #11) | Books to Scrape - Sandbox","63","585","Shot down over Siberia in what was to be a simple meet-and-greet-mission, ex-Justice Department agent Cotton Malone is forced into a fight for survival against Aleksandr Zorin, whose loyalty to the former Soviet Union has festered for decades into an intense hatred of the United States.Before escaping, Malone learns that Zorin and another ex-KGB officer, this one a sleeper Shot down over Siberia in what was to be a simple meet-and-greet-mission, ex-Justice Department agent Cotton Malone is forced into a fight for survival against Aleksandr Zorin, whose loyalty to the former Soviet Union has festered for decades into an intense hatred of the United States.Before escaping, Malone learns that Zorin and another ex-KGB officer, this one a sleeper still imbedded in the West, are headed overseas to Washington D.C. Inauguration Day-noon on January 20th-is only hours away. A flaw in the Constitution, and an even more flawed presidential succession act, have opened the door to political chaos and Zorin intends to exploit both weaknesses to their fullest.Armed with a weapon leftover from the Cold War, one long thought to be just a myth, Zorin plans to attack. He's aided by a shocking secret hidden in the archives of America's oldest fraternal organization-the Society of Cincinnati-a group that once lent out its military savvy to presidents, including helping to formulate three covert invasion plans of Canada.In a race against the clock that starts in the frozen extremes of Russia and ultimately ends at the White House itself, Malone must not only battle Zorin, he must also confront his deepest fear, a crippling weakness that he's long denied but one that now jeopardizes everything. Steve Berry's trademark mix of fact, fiction, history and speculation, is all here, front and center, in this provocative new thriller. ...more","1843","11212","","0","The 14th Colony (Cotton Malone #11)","35","Product Description","19","Product Information","19","NOARCHIVE,NOCACHE","","","","","","","","","19771","19771","19771","2.930","","444","93","4.774","76.995","Fairly Easy","13.451","2","2","","14","7","0","2.540","16","9","0","0","0","0","","","","","b693d97e74dcf4b77bbe8bef5fa8a3ed","0.029","Wed, 08 Feb 2023 21:02:32 GMT","","","","en-us","1.1","","","","","","https://books.toscrape.com/catalogue/the-14th-colony-cotton-malone-11_744/index.html","2026-06-10 17:51:23"
"https://books.toscrape.com/media/cache/5d/72/5d72709c6a7a9584a4d1cf07648bfce1.jpg","image/jpeg","200","OK","Indexable","","","0","0","","0","0","","0","","0","","0","","0","","","","","","","","","","9826","9826","9826","1.456","","0","","","","","0.000","2","4","","0","0","0","0.000","0","0","0","0","0","0","","","","","","0.034","Wed, 08 Feb 2023 21:02:32 GMT","","","","","1.1","","","","","","https://books.toscrape.com/media/cache/5d/72/5d72709c6a7a9584a4d1cf07648bfce1.jpg","2026-06-10 17:51:23"
"https://books.toscrape.com/media/cache/d6/97/d697268540fa982f4dce39f61ed3a342.jpg","image/jpeg","200","OK","Indexable","","","0","0","","0","0","","0","","0","","0","","0","","","","","","","","","","8082","8082","8082","1.198","","0","","","","","0.000","2","4","","0","0","0","0.000","0","0","0","0","0","0","","","","","","0.114","Wed, 08 Feb 2023 21:02:33 GMT","","","","","1.1","","","","","","https://books.toscrape.com/media/cache/d6/97/d697268540fa982f4dce39f61ed3a342.jpg","2026-06-10 17:51:23"
"https://books.toscrape.com/media/cache/8b/7c/8b7c73e075cc687b6890dc0dca9fcbcc.jpg","image/jpeg","200","OK","Indexable","","","0","0","","0","0","","0","","0","","0","","0","","","","","","","","","","8791","8791","8791","1.303","","0","","","","","0.000","2","4","","0","0","0","0.000","0","0","0","0","0","0","","","","","","0.111","Wed, 08 Feb 2023 21:02:33 GMT","","","","","1.1","","","","","","https://books.toscrape.com/media/cache/8b/7c/8b7c73e075cc687b6890dc0dca9fcbcc.jpg","2026-06-10 17:51:23"
"https://books.toscrape.com/media/cache/76/de/76deee06ffe45e646c0113af01f4f401.jpg","image/jpeg","200","OK","Indexable","","","0","0","","0","0","","0","","0","","0","","0","","","","","","","","","","12385","12385","12385","1.835","","0","","","","","0.000","2","4","","0","0","0","0.000","0","0","0","0","0","0","","","","","","0.120","Wed, 08 Feb 2023 21:02:33 GMT","","","","","1.1","","","","","","https://books.toscrape.com/media/cache/76/de/76deee06ffe45e646c0113af01f4f401.jpg","2026-06-10 17:51:23"
"https://books.toscrape.com/media/cache/eb/e9/ebe9f06ccebf83d9853a846052b58fff.jpg","image/jpeg","200","OK","Indexable","","","0","0","","0","0","","0","","0","","0","","0","","","","","","","","","","9774","9774","9774","1.449","","0","","","","","0.000","2","4","","0","0","0","0.000","0","0","0","0","0","0","","","","","","0.103","Wed, 08 Feb 2023 21:02:33 GMT","","","","","1.1","","","","","","https://books.toscrape.com/media/cache/eb/e9/ebe9f06ccebf83d9853a846052b58fff.jpg","2026-06-10 17:51:23"
"https://books.toscrape.com/media/cache/e1/5c/e15c289ba58cea38519e1281e859f0c1.jpg","image/jpeg","200","OK","Indexable","","","0","0","","0","0","","0","","0","","0","","0","","","","","","","","","","10679","10679","10679","1.583","","0","","","","","0.000","2","4","","0","0","0","0.000","0","0","0","0","0","0","","","","","","0.113","Wed, 08 Feb 2023 21:02:33 GMT","","","","","1.1","","","","","","https://books.toscrape.com/media/cache/e1/5c/e15c289ba58cea38519e1281e859f0c1.jpg","2026-06-10 17:51:23"
"https://books.toscrape.com/catalogue/killing-floor-jack-reacher-1_382/index.html","text/html","200","OK","Indexable","","Killing Floor (Jack Reacher #1) | Books to Scrape - Sandbox","59","524","Ex-military policeman Jack Reacher is a drifter. He's just passing through Margrave, Georgia, and in less than an hour, he's arrested for murder. Not much of a welcome. All Jack knows is that he didn't kill anybody. At least not here. Not lately. But he doesn't stand a chance of convincing anyone. not in Margrave, Georgia. Not a chance in hell.","346","2092","","0","Killing Floor (Jack Reacher #1)","31","Product Description","19","Product Information","19","NOARCHIVE,NOCACHE","","","","","","","","","16682","16682","16682","2.472","","209","71","2.944","98.198","Very Easy","6.928","2","2","","14","7","0","2.540","16","9","0","0","0","0","","","","","3e090a01f3ee7ee080613c0e8ba3120b","0.116","Wed, 08 Feb 2023 21:02:32 GMT","","","","en-us","1.1","","","","","","https://books.toscrape.com/catalogue/killing-floor-jack-reacher-1_382/index.html","2026-06-10 17:51:23"
"https://books.toscrape.com/media/cache/10/db/10db56354b4550d92270c6f097d9bebc.jpg","image/jpeg","200","OK","Indexable","","","0","0","","0","0","","0","","0","","0","","0","","","","","","","","","","9172","9172","9172","1.359","","0","","","","","0.000","2","4","","0","0","0","0.000","0","0","0","0","0","0","","","","","","0.104","Wed, 08 Feb 2023 21:02:32 GMT","","","","","1.1","","","","","","https://books.toscrape.com/media/cache/10/db/10db56354b4550d92270c6f097d9bebc.jpg","2026-06-10 17:51:23"
"https://books.toscrape.com/catalogue/behind-closed-doors_962/index.html","text/html","200","OK","Indexable","","Behind Closed Doors | Books to Scrape - Sandbox","47","436","The 2016 debut bloggers can't stop raving about. Perfect for fans of The Girl on the Train and The Ice Twins Everyone knows a couple like Jack and Grace.He has looks and wealth, she has charm and elegance. You might not want to like them, but you do. Though, you’d like to get to know Grace better.But it’s difficult, because you realise Jack and Grace are never apart.Some The 2016 debut bloggers can't stop raving about. Perfect for fans of The Girl on the Train and The Ice Twins Everyone knows a couple like Jack and Grace.He has looks and wealth, she has charm and elegance. You might not want to like them, but you do. Though, you’d like to get to know Grace better.But it’s difficult, because you realise Jack and Grace are never apart.Some might call this true love. Others might ask why Grace never answers the phone. Or how she can never meet for coffee, even though she doesn’t work. How she can cook such elaborate meals but remain so slim. And why there are bars on one of the bedroom windows.Sometimes, the perfect marriage is the perfect lie. ...more","1065","6604","","0","Behind Closed Doors","19","Product Description","19","Product Information","19","NOARCHIVE,NOCACHE","","","","","","","","","18767","18767","18767","2.781","","341","92","3.707","100.000","Very Easy","10.018","2","2","","16","8","0","2.900","16","9","0","0","0","0","","","","","f67a6dac65be41aae01f2b3110955b5d","0.112","Wed, 08 Feb 2023 21:02:32 GMT","","","","en-us","1.1","","","","","","https://books.toscrape.com/catalogue/behind-closed-doors_962/index.html","2026-06-10 17:51:23"
"https://books.toscrape.com/catalogue/the-picture-of-dorian-gray_270/index.html","text/html","200","OK","Indexable","","The Picture of Dorian Gray | Books to Scrape - Sandbox","54","487","Introduction by Jeffrey Eugenides Written in his distinctively dazzling manner, Oscar Wilde’s story of a fashionable young man who sells his soul for eternal youth and beauty is the author’s most popular work. The tale of Dorian Gray’s moral disintegration caused a scandal when it ﬁrst appeared in 1890, but though Wilde was attacked for the novel’s corrupting inﬂuence, he ﻿Introduction by Jeffrey Eugenides  ﻿Written in his distinctively dazzling manner, Oscar Wilde’s story of a fashionable young man who sells his soul for eternal youth and beauty is the author’s most popular work. The tale of Dorian Gray’s moral disintegration caused a scandal when it ﬁrst appeared in 1890, but though Wilde was attacked for the novel’s corrupting inﬂuence, he responded that there is, in fact, “a terrible moral in Dorian Gray.” Just a few years later, the book and the aesthetic/moral dilemma it presented became issues in the trials occasioned by Wilde’s homosexual liaisons, which resulted in his imprisonment. Of Dorian Gray’s relationship to autobiography, Wilde noted in a letter, “Basil Hallward is what I think I am: Lord Henry what the world thinks me: Dorian what I would like to be—in other ages, perhaps.” ...more","1218","7398","","0","The Picture of Dorian Gray","26","Product Description","19","Product Information","19","NOARCHIVE,NOCACHE","","","","","","","","","18520","18520","18520","2.745","","342","82","4.171","82.381","Easy","10.888","2","2","","14","7","0","2.540","16","9","0","0","0","0","","","","","6a753fba4205955d71d895cf6ea77a1d","0.113","Wed, 08 Feb 2023 21:02:32 GMT","","","","en-us","1.1","","","","","","https://books.toscrape.com/catalogue/the-picture-of-dorian-gray_270/index.html","2026-06-10 17:51:23"
"https://books.toscrape.com/media/cache/21/bf/21bf2eb0bff3134837def8bd40845ba0.jpg","image/jpeg","200","OK","Indexable","","","0","0","","0","0","","0","","0","","0","","0","","","","","","","","","","6941","6941","6941","1.029","","0","","","","","0.000","2","4","","0","0","0","0.000","0","0","0","0","0","0","","","","","","0.035","Wed, 08 Feb 2023 21:02:32 GMT","","","","","1.1","","","","","","https://books.toscrape.com/media/cache/21/bf/21bf2eb0bff3134837def8bd40845ba0.jpg","2026-06-10 17:51:23"
"https://books.toscrape.com/media/cache/e3/c4/e3c4aba2409bb769a6488805e3fc4709.jpg","image/jpeg","200","OK","Indexable","","","0","0","","0","0","","0","","0","","0","","0","","","","","","","","","","8060","8060","8060","1.194","","0","","","","","0.000","2","4","","0","0","0","0.000","0","0","0","0","0","0","","","","","","0.031","Wed, 08 Feb 2023 21:02:33 GMT","","","","","1.1","","","","","","https://books.toscrape.com/media/cache/e3/c4/e3c4aba2409bb769a6488805e3fc4709.jpg","2026-06-10 17:51:23"
"https://books.toscrape.com/catalogue/candide_316/index.html","text/html","200","OK","Indexable","","Candide | Books to Scrape - Sandbox","35","325","Brought up in the household of a powerful Baron, Candide is an open-minded young man, whose tutor, Pangloss, has instilled in him the belief that 'all is for the best'. But when his love for the Baron's rosy-cheeked daughter is discovered, Candide is cast out to make his own way in the world. And so he and his various companions begin a breathless tour of Europe, South Ame Brought up in the household of a powerful Baron, Candide is an open-minded young man, whose tutor, Pangloss, has instilled in him the belief that 'all is for the best'. But when his love for the Baron's rosy-cheeked daughter is discovered, Candide is cast out to make his own way in the world. And so he and his various companions begin a breathless tour of Europe, South America and Asia, as an outrageous series of disasters befall them - earthquakes, syphilis, a brush with the Inquisition, murder - sorely testing the young hero's optimism. ...more","928","5666","","0","Candide","7","Product Description","19","Product Information","19","NOARCHIVE,NOCACHE","","","","","","","","","17880","17880","17880","2.650","","303","76","3.987","93.060","Very Easy","9.513","2","2","","14","7","0","2.540","16","9","0","0","0","0","","","","","d32d7256ec39cd3fdf2b890f55a49010","0.110","Wed, 08 Feb 2023 21:02:32 GMT","","","","en-us","1.1","","","","","","https://books.toscrape.com/catalogue/candide_316/index.html","2026-06-10 17:51:23"
"https://books.toscrape.com/catalogue/the-story-of-hong-gildong_84/index.html","text/html","200","OK","Indexable","","The Story of Hong Gildong | Books to Scrape - Sandbox","53","485","The Story of Hong Gildong is arguably the single most important work of classic Korean fiction. Like its English counterpart, Robin Hood, it has been adapted into countless movies, television shows, novels and comics. Its memorable lines are known to virtually every Korean by heart. Until now, this incredible 19th century fable has been all but inaccessible to English read The Story of Hong Gildong is arguably the single most important work of classic Korean fiction. Like its English counterpart, Robin Hood, it has been adapted into countless movies, television shows, novels and comics. Its memorable lines are known to virtually every Korean by heart. Until now, this incredible 19th century fable has been all but inaccessible to English readers.Hong Gildong, the brilliant but illegitimate son of a government minister, cannot advance in society due to his secondary status, so he leaves home to become the leader of a band of outlaws who rob the rich to give to the poor. On the way to building his own empire and gaining acceptance from his family, Hong Gildong vanquishes assassins, battles monsters, and conquers kingdoms. Minsoo Kang's expressive and animated new translation finally makes the original text of this classic available in English, re-introducing a noble and righteous outlaw and sharing a beloved hallmark of Korean culture. ...more","1362","8314","","0","The Story of Hong Gildong","25","Product Description","19","Product Information","19","NOARCHIVE,NOCACHE","","","","","","","","","18843","18843","18843","2.793","","363","86","4.221","77.865","Fairly Easy","11.453","2","2","","14","7","0","2.540","16","9","0","0","0","0","","","","","ac05fe5bd194393923052700bd74fa7","0.032","Wed, 08 Feb 2023 21:02:32 GMT","","","","en-us","1.1","","","","","","https://books.toscrape.com/catalogue/the-story-of-hong-gildong_84/index.html","2026-06-10 17:51:23"
"https://books.toscrape.com/catalogue/animal-farm_313/index.html","text/html","200","OK","Indexable","","Animal Farm | Books to Scrape - Sandbox","39","367","Tired of their servitude to man, a group of farm animals revolt and establish their own society, only to be betrayed into worse servitude by their leaders, the pigs, whose slogan becomes: ""All animals are equal, but some animals are more equal than others."" This 1945 satire addresses the socialist/communist philosophy of Stalin in the Soviet Union.","350","2126","","0","Animal Farm","11","Product Description","19","Product Information","19","NOARCHIVE,NOCACHE","","","","","","","","","16681","16681","16681","2.472","","197","66","2.985","92.580","Very Easy","6.718","2","2","","14","7","0","2.540","16","9","0","0","0","0","","","","","7fcce751a796a7bd0e00e5c992fbb217","0.034","Wed, 08 Feb 2023 21:02:32 GMT","","","","en-us","1.1","","","","","","https://books.toscrape.com/catalogue/animal-farm_313/index.html","2026-06-10 17:51:24"
"https://books.toscrape.com/media/cache/96/ee/96ee77d71a31b7694dac6855f6affe4e.jpg","image/jpeg","200","OK","Indexable","","","0","0","","0","0","","0","","0","","0","","0","","","","","","","","","","14261","14261","14261","2.113","","0","","","","","0.000","2","4","","0","0","0","0.000","0","0","0","0","0","0","","","","","","0.034","Wed, 08 Feb 2023 21:02:33 GMT","","","","","1.1","","","","","","https://books.toscrape.com/media/cache/96/ee/96ee77d71a31b7694dac6855f6affe4e.jpg","2026-06-10 17:51:24"
"https://books.toscrape.com/catalogue/of-mice-and-men_37/index.html","text/html","200","OK","Indexable","","Of Mice and Men | Books to Scrape - Sandbox","43","403","The compelling story of two outsiders striving to find their place in an unforgiving world. Drifters in search of work, George and his simple-minded friend Lennie have nothing in the world except each other and a dream--a dream that one day they will have some land of their own. Eventually they find work on a ranch in California’s Salinas Valley, but their hopes are doomed The compelling story of two outsiders striving to find their place in an unforgiving world. Drifters in search of work, George and his simple-minded friend Lennie have nothing in the world except each other and a dream--a dream that one day they will have some land of their own. Eventually they find work on a ranch in California’s Salinas Valley, but their hopes are doomed as Lennie, struggling against extreme cruelty, misunderstanding and feelings of jealousy, becomes a victim of his own strength. Tackling universal themes such as the friendship of a shared vision, and giving voice to America’s lonely and dispossessed, Of Mice and Men has proved one of Steinbeck’s most popular works, achieving success as a novel, a Broadway play and three acclaimed films. ...more","1150","7026","","0","Of Mice and Men","15","Product Description","19","Product Information","19","NOARCHIVE,NOCACHE","","","","","","","","","18403","18403","18403","2.727","","338","80","4.225","90.164","Very Easy","10.508","2","2","","14","7","0","2.540","16","9","0","0","0","0","","","","","2cb80a166cfde3f93963e86fec9bd1dd","0.033","Wed, 08 Feb 2023 21:02:32 GMT","","","","en-us","1.1","","","","","","https://books.toscrape.com/catalogue/of-mice-and-men_37/index.html","2026-06-10 17:51:24"
"https://books.toscrape.com/media/cache/09/63/09638baaef52f03827c215029c632a13.jpg","image/jpeg","200","OK","Indexable","","","0","0","","0","0","","0","","0","","0","","0","","","","","","","","","","6722","6722","6722","0.996","","0","","","","","0.000","2","4","","0","0","0","0.000","0","0","0","0","0","0","","","","","","0.030","Wed, 08 Feb 2023 21:02:32 GMT","","","","","1.1","","","","","","https://books.toscrape.com/media/cache/09/63/09638baaef52f03827c215029c632a13.jpg","2026-06-10 17:51:24"
"https://books.toscrape.com/catalogue/and-then-there-were-none_119/index.html","text/html","200","OK","Indexable","","And Then There Were None | Books to Scrape - Sandbox","52","498","First, there were ten - a curious assortment of strangers summoned as weekend guests to a private island off the coast of Devon. Their host, an eccentric millionaire unknown to all of them, is nowhere to be found. All that the guests have in common is a wicked past they're unwilling to reveal - and a secret that will seal their fate. For each has been marked for murder. On First, there were ten - a curious assortment of strangers summoned as weekend guests to a private island off the coast of Devon. Their host, an eccentric millionaire unknown to all of them, is nowhere to be found. All that the guests have in common is a wicked past they're unwilling to reveal - and a secret that will seal their fate. For each has been marked for murder. One by one they fall prey. Before the weekend is out, there will be none. And only the dead are above suspicion. ...more","869","5250","","0","And Then There Were None","24","Product Description","19","Product Information","19","NOARCHIVE,NOCACHE","","","","","","","","","17774","17774","17774","2.634","","304","81","3.753","100.000","Very Easy","9.266","2","2","","14","7","0","2.540","16","9","0","0","0","0","","","","","dfaa7ce80bc5ab17b6519356dbc0c7ad","0.036","Wed, 08 Feb 2023 21:02:32 GMT","","","","en-us","1.1","","","","","","https://books.toscrape.com/catalogue/and-then-there-were-none_119/index.html","2026-06-10 17:51:24"
"https://books.toscrape.com/catalogue/the-complete-stories-and-poems-the-works-of-edgar-allan-poe-cameo-edition_238/index.html","text/html","200","OK","Indexable","","The Complete Stories and Poems (The Works of Edgar Allan Poe [Cameo Edition]) | Books to Scrape - Sandbox","105","980","This single volume brings together all of Poe's stories and poems, and illuminates the diverse and multifaceted genius of one of the greatest and most influential figures in American literary history.","200","1199","","0","The Complete Stories and Poems (The Works of Edgar Allan Poe [Cameo Edition])","77","Product Description","19","Product Information","19","NOARCHIVE,NOCACHE","","","","","","","","","16616","16616","16616","2.462","","192","63","3.048","92.704","Very Easy","6.600","2","2","","14","7","0","2.540","16","9","0","0","0","0","","","","","5d3beb1179275ea6a561adff3d57efb8","0.112","Wed, 08 Feb 2023 21:02:32 GMT","","","","en-us","1.1","","","","","","https://books.toscrape.com/catalogue/the-complete-stories-and-poems-the-works-of-edgar-allan-poe-cameo-edition_238/index.html","2026-06-10 17:51:24"
"https://books.toscrape.com/media/cache/c0/78/c078355608dd81c7c5e4f5e1c5f73d23.jpg","image/jpeg","200","OK","Indexable","","","0","0","","0","0","","0","","0","","0","","0","","","","","","","","","","9081","9081","9081","1.346","","0","","","","","0.000","2","4","","0","0","0","0.000","0","0","0","0","0","0","","","","","","0.111","Wed, 08 Feb 2023 21:02:33 GMT","","","","","1.1","","","","","","https://books.toscrape.com/media/cache/c0/78/c078355608dd81c7c5e4f5e1c5f73d23.jpg","2026-06-10 17:51:24"
"https://books.toscrape.com/catalogue/the-secret-garden_413/index.html","text/html","200","OK","Indexable","","The Secret Garden | Books to Scrape - Sandbox","45","419","When orphaned Mary Lennox comes to live at her uncle's great house on the Yorkshire Moors, she finds it full of secrets. The mansion has nearly one hundred rooms, and her uncle keeps himself locked up. And at night, she hears the sound of crying down one of the long corridors.The gardens surrounding the large property are Mary's only escape. Then, Mary discovers a secret g When orphaned Mary Lennox comes to live at her uncle's great house on the Yorkshire Moors, she finds it full of secrets. The mansion has nearly one hundred rooms, and her uncle keeps himself locked up. And at night, she hears the sound of crying down one of the long corridors.The gardens surrounding the large property are Mary's only escape. Then, Mary discovers a secret garden, surrounded by walls and locked with a missing key. One day, with the help of two unexpected companions, she discovers a way in. Is everything in the garden dead, or can Mary bring it back to life? ...more","962","5949","","0","The Secret Garden","17","Product Description","19","Product Information","19","NOARCHIVE,NOCACHE","","","","","","","","","18273","18273","18273","2.708","","317","84","3.774","97.855","Very Easy","9.631","2","2","","14","7","0","2.540","16","9","0","0","0","0","","","","","990947b868476bf2a27ddef83b913ff","0.033","Wed, 08 Feb 2023 21:02:32 GMT","","","","en-us","1.1","","","","","","https://books.toscrape.com/catalogue/the-secret-garden_413/index.html","2026-06-10 17:51:24"
"https://books.toscrape.com/media/cache/45/bb/45bb59d19eb3aa868293d44809078418.jpg","image/jpeg","200","OK","Indexable","","","0","0","","0","0","","0","","0","","0","","0","","","","","","","","","","10080","10080","10080","1.494","","0","","","","","0.000","2","4","","0","0","0","0.000","0","0","0","0","0","0","","","","","","0.031","Wed, 08 Feb 2023 21:02:32 GMT","","","","","1.1","","","","","","https://books.toscrape.com/media/cache/45/bb/45bb59d19eb3aa868293d44809078418.jpg","2026-06-10 17:51:24"
"https://books.toscrape.com/media/cache/81/f5/81f559ebe403317226fa8b611e35ce8a.jpg","image/jpeg","200","OK","Indexable","","","0","0","","0","0","","0","","0","","0","","0","","","","","","","","","","7195","7195","7195","1.066","","0","","","","","0.000","2","4","","0","0","0","0.000","0","0","0","0","0","0","","","","","","0.100","Wed, 08 Feb 2023 21:02:33 GMT","","","","","1.1","","","","","","https://books.toscrape.com/media/cache/81/f5/81f559ebe403317226fa8b611e35ce8a.jpg","2026-06-10 17:51:24"
"https://books.toscrape.com/media/cache/27/82/2782701b5c877cb063065b9fc14c5b13.jpg","image/jpeg","200","OK","Indexable","","","0","0","","0","0","","0","","0","","0","","0","","","","","","","","","","10994","10994","10994","1.629","","0","","","","","0.000","2","4","","0","0","0","0.000","0","0","0","0","0","0","","","","","","0.111","Wed, 08 Feb 2023 21:02:32 GMT","","","","","1.1","","","","","","https://books.toscrape.com/media/cache/27/82/2782701b5c877cb063065b9fc14c5b13.jpg","2026-06-10 17:51:24"
"https://books.toscrape.com/media/cache/42/c4/42c48f11b7e70a0f76c5ba9cb5c5018a.jpg","image/jpeg","200","OK","Indexable","","","0","0","","0","0","","0","","0","","0","","0","","","","","","","","","","10067","10067","10067","1.492","","0","","","","","0.000","2","4","","0","0","0","0.000","0","0","0","0","0","0","","","","","","0.107","Wed, 08 Feb 2023 21:02:32 GMT","","","","","1.1","","","","","","https://books.toscrape.com/media/cache/42/c4/42c48f11b7e70a0f76c5ba9cb5c5018a.jpg","2026-06-10 17:51:24"
"https://books.toscrape.com/media/cache/c5/46/c5465a06182ed6ebfa40d049258a2f58.jpg","image/jpeg","200","OK","Indexable","","","0","0","","0","0","","0","","0","","0","","0","","","","","","","","","","8965","8965","8965","1.329","","0","","","","","0.000","2","4","","0","0","0","0.000","0","0","0","0","0","0","","","","","","0.109","Wed, 08 Feb 2023 21:02:33 GMT","","","","","1.1","","","","","","https://books.toscrape.com/media/cache/c5/46/c5465a06182ed6ebfa40d049258a2f58.jpg","2026-06-10 17:51:24"
"https://books.toscrape.com/media/cache/a6/72/a67245346daa38c2b23a4fc64c6e7115.jpg","image/jpeg","200","OK","Indexable","","","0","0","","0","0","","0","","0","","0","","0","","","","","","","","","","6712","6712","6712","0.995","","0","","","","","0.000","2","4","","0","0","0","0.000","0","0","0","0","0","0","","","","","","0.105","Wed, 08 Feb 2023 21:02:33 GMT","","","","","1.1","","","","","","https://books.toscrape.com/media/cache/a6/72/a67245346daa38c2b23a4fc64c6e7115.jpg","2026-06-10 17:51:24"
"https://books.toscrape.com/media/cache/93/4e/934e966c1ddf559d3ac2b5c1407aaf1e.jpg","image/jpeg","200","OK","Indexable","","","0","0","","0","0","","0","","0","","0","","0","","","","","","","","","","8211","8211","8211","1.217","","0","","","","","0.000","2","4","","0","0","0","0.000","0","0","0","0","0","0","","","","","","0.114","Wed, 08 Feb 2023 21:02:33 GMT","","","","","1.1","","","","","","https://books.toscrape.com/media/cache/93/4e/934e966c1ddf559d3ac2b5c1407aaf1e.jpg","2026-06-10 17:51:24"
"https://books.toscrape.com/media/cache/4a/1b/4a1b6e9c1af75db0dc34ae63344f6883.jpg","image/jpeg","200","OK","Indexable","","","0","0","","0","0","","0","","0","","0","","0","","","","","","","","","","11309","11309","11309","1.676","","0","","","","","0.000","2","4","","0","0","0","0.000","0","0","0","0","0","0","","","","","","0.033","Wed, 08 Feb 2023 21:02:32 GMT","","","","","1.1","","","","","","https://books.toscrape.com/media/cache/4a/1b/4a1b6e9c1af75db0dc34ae63344f6883.jpg","2026-06-10 17:51:24"
"https://books.toscrape.com/catalogue/beowulf_126/index.html","text/html","200","OK","Indexable","","Beowulf | Books to Scrape - Sandbox","35","324","The national bestseller and winner of the Whitbread Award. Composed toward the end of the first millennium, Beowulf is the classic Northern epic of a hero’s triumphs as a young warrior and his fated death as a defender of his people. The poem is about encountering the monstrous, defeating it, and then having to live on, physically and psychically exposed in the exhausted a The national bestseller and winner of the Whitbread Award. Composed toward the end of the first millennium, Beowulf is the classic Northern epic of a hero’s triumphs as a young warrior and his fated death as a defender of his people. The poem is about encountering the monstrous, defeating it, and then having to live on, physically and psychically exposed in the exhausted aftermath. It is not hard to draw parallels in this story to the historical curve of consciousness in the twentieth century, but the poem also transcends such considerations, telling us psychological and spiritual truths that are permanent and liberating.Beowulf is considered to have been composed between the 8th and the early 11th century. According to Wikipedia, it was first PUBLISHED in 1814 in a version by John Josias Conybeare. ...more","1194","7326","","0","Beowulf","7","Product Description","19","Product Information","19","NOARCHIVE,NOCACHE","","","","","","","","","18379","18379","18379","2.724","","334","81","4.123","85.881","Easy","10.609","2","2","","14","7","0","2.540","16","9","0","0","0","0","","","","","7d95ca725061640b18d2cbc8fad0f6c5","0.104","Wed, 08 Feb 2023 21:02:32 GMT","","","","en-us","1.1","","","","","","https://books.toscrape.com/catalogue/beowulf_126/index.html","2026-06-10 17:51:24"
"https://books.toscrape.com/catalogue/the-hound-of-the-baskervilles-sherlock-holmes-5_348/index.html","text/html","200","OK","Indexable","","The Hound of the Baskervilles (Sherlock Holmes #5) | Books to Scrape - Sandbox","78","716","Holmes and Watson are faced with their most terrifying case yet. The legend of the devil-beast that haunts the moors around the Baskerville family's home warns the descendants of that ancient clan never to venture out in those dark hours when the power of evil is exalted. Now, the most recent Baskerville, Sir Charles, is dead and the footprints of a giant hound have been f Holmes and Watson are faced with their most terrifying case yet. The legend of the devil-beast that haunts the moors around the Baskerville family's home warns the descendants of that ancient clan never to venture out in those dark hours when the power of evil is exalted. Now, the most recent Baskerville, Sir Charles, is dead and the footprints of a giant hound have been found near his body. Will the new heir meet the same fate? ...more","816","4991","","0","The Hound of the Baskervilles (Sherlock Holmes #5)","50","Product Description","19","Product Information","19","NOARCHIVE,NOCACHE","","","","","","","","","17836","17836","17836","2.643","","294","76","3.868","96.727","Very Easy","9.380","2","2","","14","7","0","2.540","16","9","0","0","0","0","","","","","43efd4c3bb3d29bd6a294f9c47704e39","0.103","Wed, 08 Feb 2023 21:02:32 GMT","","","","en-us","1.1","","","","","","https://books.toscrape.com/catalogue/the-hound-of-the-baskervilles-sherlock-holmes-5_348/index.html","2026-06-10 17:51:24"
"https://books.toscrape.com/media/cache/0f/ca/0fca4597765ffacdb7bd529fc5eb88fa.jpg","image/jpeg","200","OK","Indexable","","","0","0","","0","0","","0","","0","","0","","0","","","","","","","","","","9777","9777","9777","1.449","","0","","","","","0.000","2","4","","0","0","0","0.000","0","0","0","0","0","0","","","","","","0.097","Wed, 08 Feb 2023 21:02:32 GMT","","","","","1.1","","","","","","https://books.toscrape.com/media/cache/0f/ca/0fca4597765ffacdb7bd529fc5eb88fa.jpg","2026-06-10 17:51:24"
"https://books.toscrape.com/catalogue/emma_17/index.html","text/html","200","OK","Indexable","","Emma | Books to Scrape - Sandbox","32","310","'I never have been in love; it is not my way, or my nature; and I do not think I ever shall.'Beautiful, clever, rich - and single - Emma Woodhouse is perfectly content with her life and sees no need for either love or marriage. Nothing, however, delights her more than interfering in the romantic lives of others. But when she ignores the warnings of her good friend Mr. Knig 'I never have been in love; it is not my way, or my nature; and I do not think I ever shall.'Beautiful, clever, rich - and single - Emma Woodhouse is perfectly content with her life and sees no need for either love or marriage. Nothing, however, delights her more than interfering in the romantic lives of others. But when she ignores the warnings of her good friend Mr. Knightley and attempts to arrange a suitable match for her protegee Harriet Smith, her carefully laid plans soon unravel and have consequences that she never expected. With its imperfect but charming heroine and its witty and subtle exploration of relationships, Emma is often seen as Jane Austen's most flawless work.This edition includes a new chronology and additional suggestions for further reading. ...more","1159","6968","","0","Emma","4","Product Description","19","Product Information","19","NOARCHIVE,NOCACHE","","","","","","","","","18103","18103","18103","2.683","","340","84","4.048","86.526","Easy","10.529","2","2","","14","7","0","2.540","16","9","0","0","0","0","","","","","a5aa58fc81fb156bf07f8d7749557a2c","0.034","Wed, 08 Feb 2023 21:02:32 GMT","","","","en-us","1.1","","","","","","https://books.toscrape.com/catalogue/emma_17/index.html","2026-06-10 17:51:24"
"https://books.toscrape.com/catalogue/little-women-little-women-1_331/index.html","text/html","200","OK","Indexable","","Little Women (Little Women #1) | Books to Scrape - Sandbox","58","539","Little Women is the heartwarming story of the March family that has thrilled generations of readers. It is the story of four sisters--Jo, Meg, Amy and Beth-- and of the courage, humor and ingenuity they display to survive poverty and the absence of their father during the Civil War.","283","1706","","0","Little Women (Little Women #1)","30","Product Description","19","Product Information","19","NOARCHIVE,NOCACHE","","","","","","","","","16756","16756","16756","2.483","","195","64","3.047","94.847","Very Easy","6.563","2","2","","14","7","0","2.540","16","9","0","0","0","0","","","","","76e63cda3bedeee7c0e042179c7e55df","0.102","Wed, 08 Feb 2023 21:02:32 GMT","","","","en-us","1.1","","","","","","https://books.toscrape.com/catalogue/little-women-little-women-1_331/index.html","2026-06-10 17:51:24"
"https://books.toscrape.com/media/cache/1f/b0/1fb03cdabe6001c8a2620f65e025cbd5.jpg","image/jpeg","200","OK","Indexable","","","0","0","","0","0","","0","","0","","0","","0","","","","","","","","","","10445","10445","10445","1.548","","0","","","","","0.000","2","4","","0","0","0","0.000","0","0","0","0","0","0","","","","","","0.035","Wed, 08 Feb 2023 21:02:32 GMT","","","","","1.1","","","","","","https://books.toscrape.com/media/cache/1f/b0/1fb03cdabe6001c8a2620f65e025cbd5.jpg","2026-06-10 17:51:24"
"https://books.toscrape.com/media/cache/ab/16/ab16eb035cc58809a73c4699477de9cb.jpg","image/jpeg","200","OK","Indexable","","","0","0","","0","0","","0","","0","","0","","0","","","","","","","","","","11111","11111","11111","1.647","","0","","","","","0.000","2","4","","0","0","0","0.000","0","0","0","0","0","0","","","","","","0.036","Wed, 08 Feb 2023 21:02:33 GMT","","","","","1.1","","","","","","https://books.toscrape.com/media/cache/ab/16/ab16eb035cc58809a73c4699477de9cb.jpg","2026-06-10 17:51:24"
"https://books.toscrape.com/catalogue/the-pilgrims-progress_353/index.html","text/html","200","OK","Indexable","","The Pilgrim's Progress | Books to Scrape - Sandbox","50","453","Often rated as important as the Bible as a Christian document, this famous story of man's progress through life in search of salvation remains one of the most entertaining allegories of faith ever written. Set against realistic backdrops of town and country, the powerful drama of the pilgrim's trials and temptations follows him in his harrowing journey to the Celestial Cit Often rated as important as the Bible as a Christian document, this famous story of man's progress through life in search of salvation remains one of the most entertaining allegories of faith ever written. Set against realistic backdrops of town and country, the powerful drama of the pilgrim's trials and temptations follows him in his harrowing journey to the Celestial City.Along a road filled with monsters and spiritual terrors, Christian confronts such emblematic characters as Worldly Wiseman, Giant Despair, Talkative, Ignorance, and the demons of the Valley of the Shadow of Death. But he is also joined by Hopeful and Faithful.An enormously influential 17th-century classic, universally known for its simplicity, vigor, and beauty of language, The Pilgrim's Progress remains one of the most widely read books in the English language. ...more","1227","7434","","0","The Pilgrim's Progress","22","Product Description","19","Product Information","19","NOARCHIVE,NOCACHE","","","","","","","","","18558","18558","18558","2.750","","334","82","4.073","79.094","Fairly Easy","10.928","2","2","","14","7","0","2.540","16","9","0","0","0","0","","","","","c3d6385de898102d39a7d6371252c613","0.114","Wed, 08 Feb 2023 21:02:32 GMT","","","","en-us","1.1","","","","","","https://books.toscrape.com/catalogue/the-pilgrims-progress_353/index.html","2026-06-10 17:51:24"
"https://books.toscrape.com/catalogue/gone-with-the-wind_324/index.html","text/html","200","OK","Indexable","","Gone with the Wind | Books to Scrape - Sandbox","46","426","Margaret Mitchell's epic novel of love and war won the Pulitzer Prize and one of the most popular and celebrated movies of all time. Many novels have been written about the Civil War and its aftermath. None take us into the burning fields and cities of the American South as Gone With the Wind does, creating haunting scenes and thrilling portraits of characters so vivid tha Margaret Mitchell's epic novel of love and war won the Pulitzer Prize and one of the most popular and celebrated movies of all time. Many novels have been written about the Civil War and its aftermath. None take us into the burning fields and cities of the American South as Gone With the Wind does, creating haunting scenes and thrilling portraits of characters so vivid that we remember their words and feel their fear and hunger for the rest of our lives. In the two main characters, the white-shouldered, irresistible Scarlett and the flashy, contemptuous Rhett, Margaret Mitchell not only conveyed a timeless story of survival under the harshest of circumstances, she also created two of the most famous lovers in the English-speaking world since Romeo and Juliet. ...more","1153","7024","","0","Gone with the Wind","18","Product Description","19","Product Information","19","NOARCHIVE,NOCACHE","","","","","","","","","18350","18350","18350","2.719","","339","80","4.237","90.483","Very Easy","10.589","2","2","","14","7","0","2.540","16","9","0","0","0","0","","","","","7681225671d0342a32319bebea8e5b9b","0.030","Wed, 08 Feb 2023 21:02:32 GMT","","","","en-us","1.1","","","","","","https://books.toscrape.com/catalogue/gone-with-the-wind_324/index.html","2026-06-10 17:51:24"
"https://books.toscrape.com/catalogue/the-metamorphosis_409/index.html","text/html","200","OK","Indexable","","The Metamorphosis | Books to Scrape - Sandbox","45","431","As Gregor Samsa awoke one morning from uneasy dreams he found himself transformed in his bed into a gigantic insect. He was laying on his hard, as it were armor-plated, back and when he lifted his head a little he could see his domelike brown belly divided into stiff arched segments on top of which the bed quilt could hardly keep in position and was about to slide off comp As Gregor Samsa awoke one morning from uneasy dreams he found himself transformed in his bed into a gigantic insect. He was laying on his hard, as it were armor-plated, back and when he lifted his head a little he could see his domelike brown belly divided into stiff arched segments on top of which the bed quilt could hardly keep in position and was about to slide off completely. His numerous legs, which were pitifully thin compared to the rest of his bulk, waved helplessly before his eyes."" With this startling, bizarre, yet surprisingly funny first opening, Kafka begins his masterpiece, The Metamorphosis. It is the story of a young man who, transformed overnight into a giant beetle-like insect, becomes an object of disgrace to his family, an outsider in his own home, a quintessentially alienated man. A harrowing -- though absurdly comic -- meditation on human feelings of inadequacy, guilt, and isolation, The Metamorphosis has taken its place as one of the most widely read and influential works of twentieth-century fiction. As W.H. Auden wrote, ""Kafka is important to us because his predicament is the predicament of modern man."" ...more","1529","9337","","0","The Metamorphosis","17","Product Description","19","Product Information","19","NOARCHIVE,NOCACHE","","","","","","","","","19157","19157","19157","2.839","","405","91","4.451","83.878","Easy","12.101","2","2","","14","7","0","2.540","16","9","0","0","0","0","","","","","3c8a7c36add5a3bc716ddd3dc42ccd13","0.031","Wed, 08 Feb 2023 21:02:32 GMT","","","","en-us","1.1","","","","","","https://books.toscrape.com/catalogue/the-metamorphosis_409/index.html","2026-06-10 17:51:24"
"https://books.toscrape.com/media/cache/dd/6e/dd6e7b84e99f3b4b5655ea0db74af2b4.jpg","image/jpeg","200","OK","Indexable","","","0","0","","0","0","","0","","0","","0","","0","","","","","","","","","","9565","9565","9565","1.418","","0","","","","","0.000","2","4","","0","0","0","0.000","0","0","0","0","0","0","","","","","","0.129","Wed, 08 Feb 2023 21:02:33 GMT","","","","","1.1","","","","","","https://books.toscrape.com/media/cache/dd/6e/dd6e7b84e99f3b4b5655ea0db74af2b4.jpg","2026-06-10 17:51:24"
"https://books.toscrape.com/media/cache/7d/53/7d53e2264b9647ee307259be9f73585d.jpg","image/jpeg","200","OK","Indexable","","","0","0","","0","0","","0","","0","","0","","0","","","","","","","","","","6831","6831","6831","1.012","","0","","","","","0.000","2","4","","0","0","0","0.000","0","0","0","0","0","0","","","","","","0.143","Wed, 08 Feb 2023 21:02:33 GMT","","","","","1.1","","","","","","https://books.toscrape.com/media/cache/7d/53/7d53e2264b9647ee307259be9f73585d.jpg","2026-06-10 17:51:24"
"https://books.toscrape.com/catalogue/alice-in-wonderland-alices-adventures-in-wonderland-1_5/index.html","text/html","200","OK","Indexable","","Alice in Wonderland (Alice's Adventures in Wonderland #1) | Books to Scrape - Sandbox","85","773","","0","0","","0","Alice in Wonderland (Alice's Adventures in Wonderland #1)","57","Product Information","19","Products you recently viewed","28","NOARCHIVE,NOCACHE","","","","","","","","","15933","15933","15933","2.361","","151","58","2.603","98.302","Very Easy","5.200","2","2","","14","7","0","2.540","16","9","0","0","0","0","","","","","834e6a9a09e38307b338a4b79627984c","0.062","Wed, 08 Feb 2023 21:02:32 GMT","","","","en-us","1.1","","","","","","https://books.toscrape.com/catalogue/alice-in-wonderland-alices-adventures-in-wonderland-1_5/index.html","2026-06-10 17:51:24"
"https://books.toscrape.com/catalogue/the-little-prince_72/index.html","text/html","200","OK","Indexable","","The Little Prince | Books to Scrape - Sandbox","45","399","Moral allegory and spiritual autobiography, The Little Prince is the most translated book in the French language. With a timeless charm it tells the story of a little boy who leaves the safety of his own tiny planet to travel the universe, learning the vagaries of adult behaviour through a series of extraordinary encounters. His personal odyssey culminates in a voyage to E Moral allegory and spiritual autobiography, The Little Prince is the most translated book in the French language. With a timeless charm it tells the story of a little boy who leaves the safety of his own tiny planet to travel the universe, learning the vagaries of adult behaviour through a series of extraordinary encounters. His personal odyssey culminates in a voyage to Earth and further adventures. ...more","787","4724","","0","The Little Prince","17","Product Description","19","Product Information","19","NOARCHIVE,NOCACHE","","","","","","","","","17703","17703","17703","2.624","","275","75","3.667","85.904","Easy","8.907","2","2","","14","7","0","2.540","16","9","0","0","0","0","","","","","5b6f52de071437ff756165bd538c7729","0.032","Wed, 08 Feb 2023 21:02:32 GMT","","","","en-us","1.1","","","","","","https://books.toscrape.com/catalogue/the-little-prince_72/index.html","2026-06-10 17:51:24"
"https://books.toscrape.com/catalogue/wuthering-heights_307/index.html","text/html","200","OK","Indexable","","Wuthering Heights | Books to Scrape - Sandbox","45","418","Wuthering Heights is a wild, passionate story of the intense and almost demonic love between Catherine Earnshaw and Heathcliff, a foundling adopted by Catherine's father. After Mr Earnshaw's death, Heathcliff is bullied and humiliated by Catherine's brother Hindley and wrongly believing that his love for Catherine is not reciprocated, leaves Wuthering Heights, only to retu Wuthering Heights is a wild, passionate story of the intense and almost demonic love between Catherine Earnshaw and Heathcliff, a foundling adopted by Catherine's father. After Mr Earnshaw's death, Heathcliff is bullied and humiliated by Catherine's brother Hindley and wrongly believing that his love for Catherine is not reciprocated, leaves Wuthering Heights, only to return years later as a wealthy and polished man. He proceeds to exact a terrible revenge for his former miseries. The action of the story is chaotic and unremittingly violent, but the accomplished handling of a complex structure, the evocative descriptions of the lonely moorland setting and the poetic grandeur of vision combine to make this unique novel a masterpiece of English literature. ...more","1148","6993","","0","Wuthering Heights","17","Product Description","19","Product Information","19","NOARCHIVE,NOCACHE","","","","","","","","","18299","18299","18299","2.712","","313","80","3.913","76.910","Fairly Easy","10.520","2","2","","14","7","0","2.540","16","9","0","0","0","0","","","","","59c659d57976ab86f2c959bbe7391ea8","0.027","Wed, 08 Feb 2023 21:02:32 GMT","","","","en-us","1.1","","","","","","https://books.toscrape.com/catalogue/wuthering-heights_307/index.html","2026-06-10 17:51:24"
"https://books.toscrape.com/media/cache/d9/4e/d94e6206c2decd3acd9a61b2cbac7eaf.jpg","image/jpeg","200","OK","Indexable","","","0","0","","0","0","","0","","0","","0","","0","","","","","","","","","","7845","7845","7845","1.163","","0","","","","","0.000","2","4","","0","0","0","0.000","0","0","0","0","0","0","","","","","","0.034","Wed, 08 Feb 2023 21:02:33 GMT","","","","","1.1","","","","","","https://books.toscrape.com/media/cache/d9/4e/d94e6206c2decd3acd9a61b2cbac7eaf.jpg","2026-06-10 17:51:24"
"https://books.toscrape.com/catalogue/sense-and-sensibility_49/index.html","text/html","200","OK","Indexable","","Sense and Sensibility | Books to Scrape - Sandbox","49","441","'The more I know of the world, the more am I convinced that I shall never see a man whom I can really love. I require so much!'Marianne Dashwood wears her heart on her sleeve, and when she falls in love with the dashing but unsuitable John Willoughby she ignores her sister Elinor's warning that her impulsive behaviour leaves her open to gossip and innuendo. Meanwhile Elino 'The more I know of the world, the more am I convinced that I shall never see a man whom I can really love. I require so much!'Marianne Dashwood wears her heart on her sleeve, and when she falls in love with the dashing but unsuitable John Willoughby she ignores her sister Elinor's warning that her impulsive behaviour leaves her open to gossip and innuendo. Meanwhile Elinor, always sensitive to social convention, is struggling to conceal her own romantic disappointment, even from those closest to her. Through their parallel experience of love—and its threatened loss—the sisters learn that sense must mix with sensibility if they are to find personal happiness in a society where status and money govern the rules of love.This edition includes explanatory notes, textual variants between the first and second editions, and Tony Tanner's introduction to the original Penguin Classic edition. ...more","1280","7827","","0","Sense and Sensibility","21","Product Description","19","Product Information","19","NOARCHIVE,NOCACHE","","","","","","","","","18745","18745","18745","2.778","","358","85","4.212","82.277","Easy","11.091","2","2","","14","7","0","2.540","16","9","0","0","0","0","","","","","7ddd524bf55a3cffb14053240f326e08","0.112","Wed, 08 Feb 2023 21:02:32 GMT","","","","en-us","1.1","","","","","","https://books.toscrape.com/catalogue/sense-and-sensibility_49/index.html","2026-06-10 17:51:24"
"https://books.toscrape.com/catalogue/logan-kade-fallen-crest-high-55_384/index.html","text/html","200","OK","Indexable","","Logan Kade (Fallen Crest High #5.5) | Books to Scrape - Sandbox","63","574","People think that just because they know my name, my reputation, and my family that they know me. They don't.They say I’m a manwhore, but who wouldn’t be with my face and body? They say I’m a partier, and that's not going to change. They say I'm a fighter, and hell yes I am. F*ck with mine, and I’ll f*ck you back ten times worse.So, yes. Maybe what they say is true, but th People think that just because they know my name, my reputation, and my family that they know me. They don't.They say I’m a manwhore, but who wouldn’t be with my face and body? They say I’m a partier, and that's not going to change. They say I'm a fighter, and hell yes I am. F*ck with mine, and I’ll f*ck you back ten times worse.So, yes. Maybe what they say is true, but that’s not all of me.I'm loyal to a damned fault. If you earn it, I'll never leave your side. And when I love, I love hard, but there's another side to me where it's dark and painful. That side's been kept hidden, until her. Taylor saw inside of me, and the second she was there, she owned me.People think they know me……but only she can see me. ...more","1101","6712","","0","Logan Kade (Fallen Crest High #5.5)","35","Product Description","19","Product Information","19","NOARCHIVE,NOCACHE","","","","","","","","","19344","19344","19344","2.867","","373","98","3.806","100.000","Very Easy","10.187","2","2","","2","1","0","0.360","16","9","0","0","0","0","","","","","97756f73628c05e123e54f46a6793c07","0.104","Wed, 08 Feb 2023 21:02:32 GMT","","","","en-us","1.1","","","","","","https://books.toscrape.com/catalogue/logan-kade-fallen-crest-high-55_384/index.html","2026-06-10 17:51:24"
"https://books.toscrape.com/catalogue/louisa-the-extraordinary-life-of-mrs-adams_818/index.html","text/html","200","OK","Indexable","","Louisa: The Extraordinary Life of Mrs. Adams | Books to Scrape - Sandbox","72","652","An intimate portrait of Louisa Catherine Adams, the wife of John Quincy Adams, who witnessed firsthand the greatest transformations of her time Born in London to an American father and a British mother on the eve of the Revolutionary War, Louisa Catherine Johnson was raised in circumstances very different from the New England upbringing of the future president John Quincy An intimate portrait of Louisa Catherine Adams, the wife of John Quincy Adams, who witnessed firsthand the greatest transformations of her time    Born in London to an American father and a British mother on the eve of the Revolutionary War, Louisa Catherine Johnson was raised in circumstances very different from the New England upbringing of the future president John Quincy Adams, whose life had been dedicated to public service from the earliest age. And yet John Quincy fell in love with her, almost despite himself. Their often tempestuous but deeply close marriage lasted half a century.  They lived in Prussia, Massachusetts, Washington, Russia, and England, at royal courts, on farms, in cities, and in the White House. Louisa saw more of Europe and America than nearly any other woman of her time. But wherever she lived, she was always pressing her nose against the glass, not quite sure whether she was looking in or out. The other members of the Adams family could take their identity for granted—they were Adamses; they were Americans—but she had to invent her own. The story of Louisa Catherine Adams is one of a woman who forged a sense of self. As the country her husband led found its place in the world, she found a voice. That voice resonates still.  In this deeply felt biography, the talented journalist and historian Louisa Thomas finally gives Louisa Catherine Adams's full extraordinary life its due. An intimate portrait of a remarkable woman, a complicated marriage, and a pivotal historical moment, Louisa Thomas's biography is a masterful work from an elegant storyteller. ...more","1985","12269","","0","Louisa: The Extraordinary Life of Mrs. Adams","44","Product Description","19","Product Information","19","NOARCHIVE,NOCACHE","","","","","","","","","20814","20814","20814","3.085","","480","103","4.660","79.082","Fairly Easy","13.601","2","2","","14","7","0","2.540","16","9","0","0","0","0","","","","","9b8ce10aa8ad21b708f968f98c998ffd","0.029","Wed, 08 Feb 2023 21:02:32 GMT","","","","en-us","1.1","","","","","","https://books.toscrape.com/catalogue/louisa-the-extraordinary-life-of-mrs-adams_818/index.html","2026-06-10 17:51:25"
"https://books.toscrape.com/media/cache/8b/c4/8bc43a6b42d0283ab4bf611f1b497126.jpg","image/jpeg","200","OK","Indexable","","","0","0","","0","0","","0","","0","","0","","0","","","","","","","","","","11231","11231","11231","1.664","","0","","","","","0.000","2","4","","0","0","0","0.000","0","0","0","0","0","0","","","","","","0.134","Wed, 08 Feb 2023 21:02:33 GMT","","","","","1.1","","","","","","https://books.toscrape.com/media/cache/8b/c4/8bc43a6b42d0283ab4bf611f1b497126.jpg","2026-06-10 17:51:25"
"https://books.toscrape.com/catalogue/benjamin-franklin-an-american-life_460/index.html","text/html","200","OK","Indexable","","Benjamin Franklin: An American Life | Books to Scrape - Sandbox","63","576","Benjamin Franklin is the Founding Father who winks at us. An ambitious urban entrepreneur who rose up the social ladder, from leather-aproned shopkeeper to dining with kings, he seems made of flesh rather than of marble. In bestselling author Walter Isaacson's vivid and witty full-scale biography, we discover why Franklin seems to turn to us from history's stage with eyes Benjamin Franklin is the Founding Father who winks at us. An ambitious urban entrepreneur who rose up the social ladder, from leather-aproned shopkeeper to dining with kings, he seems made of flesh rather than of marble. In bestselling author Walter Isaacson's vivid and witty full-scale biography, we discover why Franklin seems to turn to us from history's stage with eyes that twinkle from behind his new-fangled spectacles. By bringing Franklin to life, Isaacson shows how he helped to define both his own time and ours. He was, during his 84-year life, America's best scientist, inventor, diplomat, writer, and business strategist, and he was also one of its most practical -- though not most profound -- political thinkers. He proved by flying a kite that lightning was electricity, and he invented a rod to tame it. He sought practical ways to make stoves less smoky and commonwealths less corrupt. He organized neighborhood constabularies and international alliances, local lending libraries and national legislatures. He combined two types of lenses to create bifocals and two concepts of representation to foster the nation's federal compromise. He was the only man who shaped all the founding documents of America: the Albany Plan of Union, the Declaration of Independence, the treaty of alliance with France, the peace treaty with England, and the Constitution. And he helped invent America's unique style of homespun humor, democratic values, and philosophical pragmatism. But the most interesting thing that Franklin invented, and continually reinvented, was himself. America's first great publicist, he was, in his life and in his writings, consciously trying to create a new American archetype. In the process, he carefully crafted his own persona, portrayed it in public, and polished it for posterity. Through it all, he trusted the hearts and minds of his fellow ""leather-aprons"" more than he did those of any inbred elite. He saw middle-class values as a source of social strength, not as something to be derided. His guiding principle was a ""dislike of everything that tended to debase the spirit of the common people."" Few of his fellow founders felt this comfort with democracy so fully, and none so intuitively. In this colorful and intimate narrative, Isaacson provides the full sweep of Franklin's amazing life, from his days as a runaway printer to his triumphs as a statesman, scientist, and Founding Father. He chronicles Franklin's tumultuous relationship with his illegitimate son and grandson, his practical marriage, and his flirtations with the ladies of Paris. He also shows how Franklin helped to create the American character and why he has a particular resonance in the twenty-first century. ...more","3112","18897","","0","Benjamin Franklin: An American Life","35","Product Description","19","Product Information","19","NOARCHIVE,NOCACHE","","","","","","","","","23236","23236","23236","3.444","","644","128","5.031","72.726","Fairly Easy","17.015","2","2","","14","7","0","2.540","16","9","0","0","0","0","","","","","ed8a56ac9273be396138c131bc80822c","0.097","Wed, 08 Feb 2023 21:02:32 GMT","","","","en-us","1.1","","","","","","https://books.toscrape.com/catalogue/benjamin-franklin-an-american-life_460/index.html","2026-06-10 17:51:25"
"https://books.toscrape.com/catalogue/the-rise-of-theodore-roosevelt-theodore-roosevelt-1_276/index.html","text/html","200","OK","Indexable","","The Rise of Theodore Roosevelt (Theodore Roosevelt #1) | Books to Scrape - Sandbox","82","760","Selected by the Modern Library as one of the 100 best nonfiction books of all timeDescribed by the Chicago Tribune as ""a classic,"" The Rise of Theodore Roosevelt stands as one of the greatest biographies of our time. The publication of The Rise of Theodore Roosevelt on September 14th, 2001 marks the 100th anniversary of Theodore Roosevelt becoming president.","360","2245","","0","The Rise of Theodore Roosevelt (Theodore Roosevelt #1)","54","Product Description","19","Product Information","19","NOARCHIVE,NOCACHE","","","","","","","","","17878","17878","17878","2.650","","217","68","3.191","94.435","Very Easy","7.018","2","2","","14","7","0","2.540","16","9","0","0","0","0","","","","","efda03759317bd1bb387e27abe95cc6","0.053","Wed, 08 Feb 2023 21:02:32 GMT","","","","en-us","1.1","","","","","","https://books.toscrape.com/catalogue/the-rise-of-theodore-roosevelt-theodore-roosevelt-1_276/index.html","2026-06-10 17:51:25"
"https://books.toscrape.com/media/cache/cc/a4/cca4e6a4cd5c207e7ce7d992ff464c3b.jpg","image/jpeg","200","OK","Indexable","","","0","0","","0","0","","0","","0","","0","","0","","","","","","","","","","8232","8232","8232","1.220","","0","","","","","0.000","2","4","","0","0","0","0.000","0","0","0","0","0","0","","","","","","0.030","Wed, 08 Feb 2023 21:02:33 GMT","","","","","1.1","","","","","","https://books.toscrape.com/media/cache/cc/a4/cca4e6a4cd5c207e7ce7d992ff464c3b.jpg","2026-06-10 17:51:25"
"https://books.toscrape.com/catalogue/setting-the-world-on-fire-the-brief-astonishing-life-of-st-catherine-of-siena_603/index.html","text/html","200","OK","Indexable","","Setting the World on Fire: The Brief, Astonishing Life of St. Catherine of Siena | Books to Scrape - Sandbox","108","939","One of only two patron saints of Italy, the other being St. Francis of Assisi, St. Catherine was ahead of her time. As a political powerhouse in late 14th century Europe, a time of war, social unrest and one of the worst natural disasters of all time--the plague, she worked for peace between Christians while campaigning for a holy crusade against Muslims. She was illiterat One of only two patron saints of Italy, the other being St. Francis of Assisi, St. Catherine was ahead of her time. As a political powerhouse in late 14th century Europe, a time of war, social unrest and one of the worst natural disasters of all time--the plague, she worked for peace between Christians while campaigning for a holy crusade against Muslims. She was illiterate but grew into a great writer by dictating to assistants. She was frail and punished herself mercilessly, often starving herself, while offering moral guidance and inspiration to kings, queens and popes.It's easy to see why feminists through the years have sought to claim the patronage of St. Catherine. From her refusal to marry to her assertion that her physical appearance was of no importance, the famous Saint is ripe for modern interpretation. She was a peacemaker during Siena's revolution of 1368, sometimes addressing thousands of people in squares and streets; she convinced Pope Gregory XI to return the papacy to Rome at a time when the Catholic Church was unraveling.How did this girl, the second-youngest of 25 children of a middle-class dyer, grow to become one of the most beloved spiritual figures of all time, a theological giant to rank alongside the likes of Thomas Aquinas? InSetting the World on Fire, Emling gives an intimate portrayal of this fascinating and revolutionary woman. ...more","1764","10735","","0","Setting the World on Fire: The Brief, Astonishing Life of St. Catherine of Siena","80","Product Description","19","Product Information","19","NOARCHIVE,NOCACHE","","","","","","","","","20630","20630","20630","3.057","","462","106","4.358","79.540","Fairly Easy","13.070","2","2","","14","7","0","2.540","16","9","0","0","0","0","","","","","fef8436ca2292774cd5627929c98f591","0.043","Wed, 08 Feb 2023 21:02:32 GMT","","","","en-us","1.1","","","","","","https://books.toscrape.com/catalogue/setting-the-world-on-fire-the-brief-astonishing-life-of-st-catherine-of-siena_603/index.html","2026-06-10 17:51:25"
"https://books.toscrape.com/catalogue/the-faith-of-christopher-hitchens-the-restless-soul-of-the-worlds-most-notorious-atheist_495/index.html","text/html","200","OK","Indexable","","The Faith of Christopher Hitchens: The Restless Soul of the World's Most Notorious Atheist | Books to Scrape - Sandbox","118","1059","“If everyone in the United States had the same qualities of loyalty and care and concern for others that Larry Taunton had, we'd be living in a much better society than we do.” ~ Christopher HitchensAt the time of his death, Christopher Hitchens was the most notorious atheist in the world. And yet, all was not as it seemed. “Nobody is not a divided self, of course,” heonce “If everyone in the United States had the same qualities of loyalty and care and concern for others that Larry Taunton had, we'd be living in a much better society than we do.” ~ Christopher HitchensAt the time of his death, Christopher Hitchens was the most notorious atheist in the world.  And yet, all was not as it seemed.  “Nobody is not a divided self, of course,” he once told an interviewer, “but I think it’s rather strong in my case.”   Hitchens was a man of many contradictions:   a Marxist in youth who longed for acceptance among the social elites; a peacenik who revered the military; a champion of the Left who was nonetheless pro-life, pro-war-on-terror, and after 9/11 something of a neocon; and while he railed against God on stage, he maintained meaningful—though largely hidden from public view—friendships with evangelical Christians like Francis Collins, Douglas Wilson, and the author Larry Alex Taunton.  In The Faith of Christopher Hitchens, Taunton offers a very personal perspective of one of our most interesting and most misunderstood public figures.  Writing with genuine compassion and without compromise, Taunton traces Hitchens’s spiritual and intellectual development from his decision as a teenager to reject belief in God to his rise to prominence as one of the so-called “Four Horsemen” of the New Atheism.  While Hitchens was, in the minds of many Christians, Public Enemy Number One, away from the lights and the cameras a warm friendship flourished between Hitchens and the author; a friendship that culminated in not one, but two lengthy road trips where, after Hitchens’s diagnosis of esophageal cancer, they studied the Bible together.  The Faith of Christopher Hitchens gives us a candid glimpse into the inner life of this intriguing, sometimes maddening, and unexpectedly vulnerable man.“This book should be read by every atheist and theist passionate about the truth.”--Michael Shermer, publisher, Skeptic magazine ...more","2345","14311","","0","The Faith of Christopher Hitchens: The Restless Soul of the World's Most Notorious Atheist","90","Product Description","19","Product Information","19","NOARCHIVE,NOCACHE","","","","","","","","","22087","22087","22087","3.273","","548","112","4.893","79.755","Fairly Easy","14.970","2","2","","14","7","0","2.540","16","9","0","0","0","0","","","","","8c10b11d8968211a2c747748381e13ce","0.031","Wed, 08 Feb 2023 21:02:32 GMT","","","","en-us","1.1","","","","","","https://books.toscrape.com/catalogue/the-faith-of-christopher-hitchens-the-restless-soul-of-the-worlds-most-notorious-atheist_495/index.html","2026-06-10 17:51:25"
"https://books.toscrape.com/media/cache/ff/d4/ffd45d95f314555e20c923d3522adea7.jpg","image/jpeg","200","OK","Indexable","","","0","0","","0","0","","0","","0","","0","","0","","","","","","","","","","7327","7327","7327","1.086","","0","","","","","0.000","2","4","","0","0","0","0.000","0","0","0","0","0","0","","","","","","0.029","Wed, 08 Feb 2023 21:02:33 GMT","","","","","1.1","","","","","","https://books.toscrape.com/media/cache/ff/d4/ffd45d95f314555e20c923d3522adea7.jpg","2026-06-10 17:51:25"
"https://books.toscrape.com/media/cache/6f/d9/6fd92e5143cbd5bb8bcf034e5f007dde.jpg","image/jpeg","200","OK","Indexable","","","0","0","","0","0","","0","","0","","0","","0","","","","","","","","","","7598","7598","7598","1.126","","0","","","","","0.000","2","4","","0","0","0","0.000","0","0","0","0","0","0","","","","","","0.055","Wed, 08 Feb 2023 21:02:33 GMT","","","","","1.1","","","","","","https://books.toscrape.com/media/cache/6f/d9/6fd92e5143cbd5bb8bcf034e5f007dde.jpg","2026-06-10 17:51:25"
"https://books.toscrape.com/media/cache/25/f8/25f869fa75340fca0fc2a68e8a0412a1.jpg","image/jpeg","200","OK","Indexable","","","0","0","","0","0","","0","","0","","0","","0","","","","","","","","","","10722","10722","10722","1.589","","0","","","","","0.000","2","4","","0","0","0","0.000","0","0","0","0","0","0","","","","","","0.122","Wed, 08 Feb 2023 21:02:32 GMT","","","","","1.1","","","","","","https://books.toscrape.com/media/cache/25/f8/25f869fa75340fca0fc2a68e8a0412a1.jpg","2026-06-10 17:51:25"
"https://books.toscrape.com/media/cache/f2/e5/f2e51dd2b26600459f8eaeb6b9eecaa7.jpg","image/jpeg","200","OK","Indexable","","","0","0","","0","0","","0","","0","","0","","0","","","","","","","","","","10773","10773","10773","1.597","","0","","","","","0.000","2","4","","0","0","0","0.000","0","0","0","0","0","0","","","","","","0.100","Wed, 08 Feb 2023 21:02:33 GMT","","","","","1.1","","","","","","https://books.toscrape.com/media/cache/f2/e5/f2e51dd2b26600459f8eaeb6b9eecaa7.jpg","2026-06-10 17:51:25"
"https://books.toscrape.com/media/cache/4b/d4/4bd43108fb070ad8ebba9cdb00b14069.jpg","image/jpeg","200","OK","Indexable","","","0","0","","0","0","","0","","0","","0","","0","","","","","","","","","","11539","11539","11539","1.710","","0","","","","","0.000","2","4","","0","0","0","0.000","0","0","0","0","0","0","","","","","","0.103","Wed, 08 Feb 2023 21:02:32 GMT","","","","","1.1","","","","","","https://books.toscrape.com/media/cache/4b/d4/4bd43108fb070ad8ebba9cdb00b14069.jpg","2026-06-10 17:51:25"
"https://books.toscrape.com/catalogue/the-long-shadow-of-small-ghosts-murder-and-memory-in-an-american-city_848/index.html","text/html","200","OK","Indexable","","The Long Shadow of Small Ghosts: Murder and Memory in an American City | Books to Scrape - Sandbox","98","926","In Cold Blood meets Adrian Nicole LeBlanc’s Random Family: A harrowing, profoundly personal investigation of the causes, effects, and communal toll of a deeply troubling crime—the brutal murder of three young children by their parents in the border city of Brownsville, Texas.On March 11, 2003, in Brownsville, Texas—one of America’s poorest cities—John Allen Rubio and Angel In Cold Blood meets Adrian Nicole LeBlanc’s Random Family: A harrowing, profoundly personal investigation of the causes, effects, and communal toll of a deeply troubling crime—the brutal murder of three young children by their parents in the border city of Brownsville, Texas.On March 11, 2003, in Brownsville, Texas—one of America’s poorest cities—John Allen Rubio and Angela Camacho murdered their three young children. The apartment building in which the brutal crimes took place was already rundown, and in their aftermath a consensus developed in the community that it should be destroyed. It was a place, neighbors felt, that was plagued by spiritual cancer. In 2008, journalist Laura Tillman covered the story for The Brownsville Herald. The questions it raised haunted her, particularly one asked by the sole member of the city’s Heritage Council to oppose demolition: is there any such thing as an evil building? Her investigation took her far beyond that question, revealing the nature of the toll that the crime exacted on a city already wracked with poverty. It sprawled into a six-year inquiry into the larger significance of such acts, ones so difficult to imagine or explain that their perpetrators are often dismissed as monsters alien to humanity. With meticulous attention and stunning compassion, Tillman surveyed those surrounding the crimes, speaking with the lawyers who tried the case, the family’s neighbors and relatives and teachers, even one of the murderers: John Allen Rubio himself, whom she corresponded with for years and ultimately met in person. The result is a brilliant exploration of some of our age’s most important social issues, from poverty to mental illness to the death penalty, and a beautiful, profound meditation on the truly human forces that drive them. It is disturbing, insightful, and mesmerizing in equal measure. ...more","2249","13754","","0","The Long Shadow of Small Ghosts: Murder and Memory in an American City","70","Product Description","19","Product Information","19","NOARCHIVE,NOCACHE","","","","","","","","","21444","21444","21444","3.178","","517","108","4.787","73.849","Fairly Easy","14.755","2","2","","2","1","0","0.360","16","9","0","0","0","0","","","","","8501c23fbb96f3f305f91a933d33c9e3","0.102","Wed, 08 Feb 2023 21:02:32 GMT","","","","en-us","1.1","","","","","","https://books.toscrape.com/catalogue/the-long-shadow-of-small-ghosts-murder-and-memory-in-an-american-city_848/index.html","2026-06-10 17:51:25"
"https://books.toscrape.com/media/cache/62/3f/623f8e7f7432ce744f4318aae8166ce4.jpg","image/jpeg","200","OK","Indexable","","","0","0","","0","0","","0","","0","","0","","0","","","","","","","","","","12162","12162","12162","1.802","","0","","","","","0.000","2","4","","0","0","0","0.000","0","0","0","0","0","0","","","","","","0.120","Wed, 08 Feb 2023 21:02:32 GMT","","","","","1.1","","","","","","https://books.toscrape.com/media/cache/62/3f/623f8e7f7432ce744f4318aae8166ce4.jpg","2026-06-10 17:51:25"
"https://books.toscrape.com/catalogue/the-art-and-science-of-low-carbohydrate-living_570/index.html","text/html","200","OK","Indexable","","The Art and Science of Low Carbohydrate Living | Books to Scrape - Sandbox","74","679","The Art And Science Of Low Carbohydrate Living: An Expert Guide To Making The Life-Saving Benefits Of Carbohydrate Restriction Sustainable And EnjoyableCarbohydrate restricted diets are commonly practiced but seldom taught. As a result, doctors, dietitians, nutritionists, and nurses may have strong opinions about low carbohydrate dieting, but in many if not most cases, the The Art And Science Of Low Carbohydrate Living: An Expert Guide To Making The Life-Saving Benefits Of Carbohydrate Restriction Sustainable And EnjoyableCarbohydrate restricted diets are commonly practiced but seldom taught. As a result, doctors, dietitians, nutritionists, and nurses may have strong opinions about low carbohydrate dieting, but in many if not most cases, these views are not grounded in science.Now, whether you are a curious healthcare professional or just a connoisseur of diet information, two New York Times best-selling authors provide you with the definitive resource for low carbohydrate living. Doctors Volek and Phinney share over 50 years of clinical experience using low carbohydrate diets, and together they have published more than 200 research papers and chapters on the topic. Particularly in the last decade, much has been learned about the risks associated with insulin resistance (including but not limited to metabolic synd ...more","1343","8310","","0","The Art and Science of Low Carbohydrate Living","46","Product Description","19","Product Information","19","NOARCHIVE,NOCACHE","","","","","","","","","19405","19405","19405","2.876","","356","87","4.092","76.495","Fairly Easy","11.426","2","2","","12","6","0","2.170","16","9","0","0","0","0","","","","","d134c9f7394372b910ee179af0c7bf27","0.103","Wed, 08 Feb 2023 21:02:32 GMT","","","","en-us","1.1","","","","","","https://books.toscrape.com/catalogue/the-art-and-science-of-low-carbohydrate-living_570/index.html","2026-06-10 17:51:25"
"https://books.toscrape.com/catalogue/the-bulletproof-diet-lose-up-to-a-pound-a-day-reclaim-energy-and-focus-upgrade-your-life_931/index.html","text/html","200","OK","Indexable","","The Bulletproof Diet: Lose up to a Pound a Day, Reclaim Energy and Focus, Upgrade Your Life | Books to Scrape - Sandbox","119","1076","In his midtwenties, Dave Asprey was a successful Silicon Valley multimillionaire. He also weighed 300 pounds, despite the fact that he was doing what doctors recommended: eating 1,800 calories a day and working out 90 minutes a day, six times a week. When his excess fat started causing brain fog and food cravings sapped his energy and willpower, Asprey turned to the same h In his midtwenties, Dave Asprey was a successful Silicon Valley multimillionaire. He also weighed 300 pounds, despite the fact that he was doing what doctors recommended: eating 1,800 calories a day and working out 90 minutes a day, six times a week. When his excess fat started causing brain fog and food cravings sapped his energy and willpower, Asprey turned to the same hacking techniques that made his fortune to ""hack"" his own biology, investing more than $300,000 and 15 years to uncover what was hindering his energy, performance, appearance, and happiness. From private brain EEG facilities to remote monasteries in Tibet, through radioactive brain scans, blood chemistry work, nervous system testing, and more, he explored traditional and alternative technologies to reach his physical and mental prime. The result? The Bulletproof Diet, an anti-inflammatory program for hunger-free, rapid weight loss and peak performance. The Bulletproof Diet will challenge—and change—the way you think about weight loss and wellness. You will skip breakfast, stop counting calories, eat high levels of healthy saturated fat, work out and sleep less, and add smart supplements.In doing so, you'll gain energy, build lean muscle, and watch the pounds melt off. By ditching traditional ""diet"" thinking, Asprey went from being overweight and sick in his twenties to maintaining a 100-pound weight loss, increasing his IQ, and feeling better than ever in his forties. The Bulletproof Diet is your blueprint to a better life. ...more","1900","11689","","0","The Bulletproof Diet: Lose up to a Pound a Day, Reclaim Energy and Focus, Upgrade Your Life","91","Product Description","19","Product Information","19","NOARCHIVE,NOCACHE","","","","","","","","","20802","20802","20802","3.083","","478","107","4.467","82.834","Easy","13.842","2","2","","14","7","0","2.540","16","9","0","0","0","0","","","","","85d9ddc2425111a09d0c222f4293a0ad","0.029","Wed, 08 Feb 2023 21:02:32 GMT","","","","en-us","1.1","","","","","","https://books.toscrape.com/catalogue/the-bulletproof-diet-lose-up-to-a-pound-a-day-reclaim-energy-and-focus-upgrade-your-life_931/index.html","2026-06-10 17:51:25"
"https://books.toscrape.com/media/cache/23/c2/23c2108ae81327c7f3fb0721976cba5e.jpg","image/jpeg","200","OK","Indexable","","","0","0","","0","0","","0","","0","","0","","0","","","","","","","","","","12389","12389","12389","1.836","","0","","","","","0.000","2","4","","0","0","0","0.000","0","0","0","0","0","0","","","","","","0.107","Wed, 08 Feb 2023 21:02:32 GMT","","","","","1.1","","","","","","https://books.toscrape.com/media/cache/23/c2/23c2108ae81327c7f3fb0721976cba5e.jpg","2026-06-10 17:51:25"
"https://books.toscrape.com/catalogue/eat-fat-get-thin_688/index.html","text/html","200","OK","Indexable","","Eat Fat, Get Thin | Books to Scrape - Sandbox","45","400","Originally released by Hachettee Audio A2015.","45","285","","0","Eat Fat, Get Thin","17","Product Description","19","Product Information","19","NOARCHIVE,NOCACHE","","","","","","","","","16750","16750","16750","2.482","","157","64","2.453","100.000","Very Easy","5.215","2","2","","14","7","0","2.540","16","9","0","0","0","0","","","","","a0ecfd7037fab6b1cac2a6c6a1473a9d","0.032","Wed, 08 Feb 2023 21:02:32 GMT","","","","en-us","1.1","","","","","","https://books.toscrape.com/catalogue/eat-fat-get-thin_688/index.html","2026-06-10 17:51:25"
"https://books.toscrape.com/media/cache/ee/3e/ee3e219d23e73ba71c79b700f183aaed.jpg","image/jpeg","200","OK","Indexable","","","0","0","","0","0","","0","","0","","0","","0","","","","","","","","","","9735","9735","9735","1.443","","0","","","","","0.000","2","4","","0","0","0","0.000","0","0","0","0","0","0","","","","","","0.032","Wed, 08 Feb 2023 21:02:33 GMT","","","","","1.1","","","","","","https://books.toscrape.com/media/cache/ee/3e/ee3e219d23e73ba71c79b700f183aaed.jpg","2026-06-10 17:51:25"
"https://books.toscrape.com/catalogue/10-day-green-smoothie-cleanse-lose-up-to-15-pounds-in-10-days_581/index.html","text/html","200","OK","Indexable","","10-Day Green Smoothie Cleanse: Lose Up to 15 Pounds in 10 Days! | Books to Scrape - Sandbox","91","845","The 10-Day Green Smoothie Cleanse will jump-start your weight loss, increase your energy level, clear your mind, and improve your overall health. Made up of supernutrients from leafy greens and fruits, green smoothies are filling and healthy and you will enjoy drinking them. Your body will also thank you for drinking them as your health and energy improve to levels you nev The 10-Day Green Smoothie Cleanse will jump-start your weight loss, increase your energy level, clear your mind, and improve your overall health. Made up of supernutrients from leafy greens and fruits, green smoothies are filling and healthy and you will enjoy drinking them. Your body will also thank you for drinking them as your health and energy improve to levels you never thought possible. In ten days, you can expect to lose weight, reduce cravings, clear your mind, and improve digestion. It is an experience that could change your life if you stick with it! This book provides a shopping list, recipes, and detailed instructions for the 10-day cleanse, along with suggestions for getting the best results. It also offers advice on how to continue to lose weight and maintain good health afterwards. Are you ready to look slimmer, healthier, and sexier than you have in years? Then get ready to begin the 10-Day Green Smoothie Cleanse! If you successfully complete the 10-Day Green Smoothie Cleanse, you will… - Lose 10‒15 pounds in 10 days - Get rid of stubborn body fat, including belly fat - Drop pounds and inches fast, without grueling workouts - Learn to live a healthier lifestyle of detoxing and healthy eating - Help your body naturally crave healthy foods so you never have to diet again - Receive over 100 green smoothie recipes for various health conditions and goals JJ Smith is the author of the #1 national bestseller and USA Today bestseller Lose Weight Without Dieting or Working Out! JJ Smith is a nutritionist and certified weight-loss expert who has been featured on The Steve Harvey Show, The Montel Williams Show, and The Jamie Foxx Show and on the NBC, FOX, and CW Network television stations, as well as in the pages of Glamour, Essence, and Ladies Home Journal. Since reclaiming her health, losing weight, and discovering a “second youth” in her forties, JJ has become the voice of inspiration to those who want to lose weight, be healthy, and get their sexy back! ...more","2381","14507","","0","10-Day Green Smoothie Cleanse: Lose Up to 15 Pounds in 10 Days!","63","Product Description","19","Product Information","19","NOARCHIVE,NOCACHE","","","","","","","","","21596","21596","21596","3.201","","569","110","5.173","93.047","Very Easy","15.243","2","2","","14","7","0","2.540","16","9","0","0","0","0","","","","","63d9a2d558d065a9546d3ea637c3c7a4","0.028","Wed, 08 Feb 2023 21:02:32 GMT","","","","en-us","1.1","","","","","","https://books.toscrape.com/catalogue/10-day-green-smoothie-cleanse-lose-up-to-15-pounds-in-10-days_581/index.html","2026-06-10 17:51:25"
"https://books.toscrape.com/media/cache/b8/e9/b8e91bd2fc74c3954118999238abb4b8.jpg","image/jpeg","200","OK","Indexable","","","0","0","","0","0","","0","","0","","0","","0","","","","","","","","","","36057","36057","36057","5.344","","0","","","","","0.000","2","4","","0","0","0","0.000","0","0","0","0","0","0","","","","","","0.030","Wed, 08 Feb 2023 21:02:33 GMT","","","","","1.1","","","","","","https://books.toscrape.com/media/cache/b8/e9/b8e91bd2fc74c3954118999238abb4b8.jpg","2026-06-10 17:51:25"
"https://books.toscrape.com/media/cache/db/1b/db1babd3c09b84da800b0e9897fe0097.jpg","image/jpeg","200","OK","Indexable","","","0","0","","0","0","","0","","0","","0","","0","","","","","","","","","","8605","8605","8605","1.275","","0","","","","","0.000","2","4","","0","0","0","0.000","0","0","0","0","0","0","","","","","","0.110","Wed, 08 Feb 2023 21:02:33 GMT","","","","","1.1","","","","","","https://books.toscrape.com/media/cache/db/1b/db1babd3c09b84da800b0e9897fe0097.jpg","2026-06-10 17:51:25"
"https://books.toscrape.com/media/cache/00/11/001153d2a22d889837efac1703e10a5e.jpg","image/jpeg","200","OK","Indexable","","","0","0","","0","0","","0","","0","","0","","0","","","","","","","","","","9530","9530","9530","1.412","","0","","","","","0.000","2","4","","0","0","0","0.000","0","0","0","0","0","0","","","","","","0.107","Wed, 08 Feb 2023 21:02:32 GMT","","","","","1.1","","","","","","https://books.toscrape.com/media/cache/00/11/001153d2a22d889837efac1703e10a5e.jpg","2026-06-10 17:51:25"
"https://books.toscrape.com/catalogue/equal-is-unfair-americas-misguided-fight-against-income-inequality_617/index.html","text/html","200","OK","Indexable","","Equal Is Unfair: America's Misguided Fight Against Income Inequality | Books to Scrape - Sandbox","96","860","We’ve all heard that the American Dream is vanishing, and that the cause is rising income inequality. The rich are getting richer by rigging the system in their favor, leaving the rest of us to struggle just to keep our heads above water. To save the American Dream, we’re told that we need to fight inequality through tax hikes, wealth redistribution schemes, and a far high We’ve all heard that the American Dream is vanishing, and that the cause is rising income inequality. The rich are getting richer by rigging the system in their favor, leaving the rest of us to struggle just to keep our heads above water. To save the American Dream, we’re told that we need to fight inequality through tax hikes, wealth redistribution schemes, and a far higher minimum wage.But what if that narrative is wrong? What if the real threat to the American Dream isn’t rising income inequality—but an all-out war on success?In Equal is Unfair, a timely and thought-provoking work, Don Watkins and Yaron Brook reveal that almost everything we’ve been taught about inequality is wrong. You’ll discover:• why successful CEOs make so much money—and deserve to• how the minimum wage hurts the very people it claims to help• why middle-class stagnation is a myth• how the little-known history of Sweden reveals the dangers of forced equality• the disturbing philosophy behind Obama’s economic agenda.The critics of inequality are right about one thing: the American Dream is under attack. But instead of fighting to make America a place where anyone can achieve success, they are fighting to tear down those who already have. The real key to making America a freer, fairer, more prosperous nation is to protect and celebrate the pursuit of success—not pull down the high fliers in the name of equality. ...more","1791","10956","","0","Equal Is Unfair: America's Misguided Fight Against Income Inequality","68","Product Description","19","Product Information","19","NOARCHIVE,NOCACHE","","","","","","","","","20851","20851","20851","3.090","","463","101","4.584","81.403","Easy","13.106","2","2","","8","4","0","1.450","16","9","0","0","0","0","","","","","866189209082cefcf0bf34ced02dc13f","0.118","Wed, 08 Feb 2023 21:02:32 GMT","","","","en-us","1.1","","","","","","https://books.toscrape.com/catalogue/equal-is-unfair-americas-misguided-fight-against-income-inequality_617/index.html","2026-06-10 17:51:25"
"https://books.toscrape.com/catalogue/why-the-right-went-wrong-conservatism-from-goldwater-to-the-tea-party-and-beyond_781/index.html","text/html","200","OK","Indexable","","Why the Right Went Wrong: Conservatism--From Goldwater to the Tea Party and Beyond | Books to Scrape - Sandbox","110","1036","“Dionne's expertise is evident in this finely crafted and convincing work.” —The Los Angeles TimesFrom one of our most engaging political reporters and the author of Why Americans Hate Politics; the story of conservatism from the Goldwater 1960s to the present day Tea Party that has resulted in broken promises and an ideological purity that drives moderate Republicans away “Dionne's expertise is evident in this finely crafted and convincing work.” —The Los Angeles TimesFrom one of our most engaging political reporters and the author of Why Americans Hate Politics; the story of conservatism from the Goldwater 1960s to the present day Tea Party that has resulted in broken promises and an ideological purity that drives moderate Republicans away.Why the Right Went Wrong offers a historical view of the right since the 1960s. Its core contention is that American conservatism and the Republican Party took a wrong turn when they adopted Barry Goldwater’s worldview during and after the 1964 campaign. The radicalism of today’s conservatism is not the product of the Tea Party, Washington Post columnist E.J. Dionne writes. The Tea Partiers are the true heirs to Goldwater ideology. The purity movement did more than drive moderates out of the Republican Party—it beat back alternative definitions of conservatism.Since 1968, no conservative administration—not Nixon not Reagan not two Bushes—could live up to the rhetoric rooted in the Goldwater movement that began to reshape American politics fifty years ago. The collapse of the Nixon presidency led to the rise of Ronald Reagan, the defeat of George H.W. Bush, to Newt Gingrich’s revolution. Bush initially undertook a partial modernization, preaching “compassionate conservatism” and a “Fourth Way” to Clinton’s “Third Way.” Conservatives quickly defined him as an advocate of “big government” and not conservative enough on spending, immigration, education, and Medicare. A return to the true faith was the only prescription on order. The result was the Tea Party, which Dionne says, was as much a reaction to Bush as to Obama.The state of the Republican party, controlled by the strictest base, is diminished, Dionne writes. It has become white and older in a country that is no longer that. It needs to come back to life for its own health and that of the country’s, and in Why the Right Went Wrong, he explains how. ...more","2388","14795","","0","Why the Right Went Wrong: Conservatism--From Goldwater to the Tea Party and Beyond","82","Product Description","19","Product Information","19","NOARCHIVE,NOCACHE","","","","","","","","","21854","21854","21854","3.239","","550","115","4.783","76.773","Fairly Easy","15.338","2","2","","10","5","0","1.810","16","9","0","0","0","0","","","","","579ee7c5f2f032e25706149f12c1b87e","0.037","Wed, 08 Feb 2023 21:02:32 GMT","","","","en-us","1.1","","","","","","https://books.toscrape.com/catalogue/why-the-right-went-wrong-conservatism-from-goldwater-to-the-tea-party-and-beyond_781/index.html","2026-06-10 17:51:25"
"https://books.toscrape.com/media/cache/7d/0b/7d0bb832760e81c281d8d283ba6a2b09.jpg","image/jpeg","200","OK","Indexable","","","0","0","","0","0","","0","","0","","0","","0","","","","","","","","","","9473","9473","9473","1.404","","0","","","","","0.000","2","4","","0","0","0","0.000","0","0","0","0","0","0","","","","","","0.034","Wed, 08 Feb 2023 21:02:33 GMT","","","","","1.1","","","","","","https://books.toscrape.com/media/cache/7d/0b/7d0bb832760e81c281d8d283ba6a2b09.jpg","2026-06-10 17:51:25"
"https://books.toscrape.com/media/cache/f4/cb/f4cb1f9c7280bf1fd05fe33d2816080f.jpg","image/jpeg","200","OK","Indexable","","","0","0","","0","0","","0","","0","","0","","0","","","","","","","","","","10709","10709","10709","1.587","","0","","","","","0.000","2","4","","0","0","0","0.000","0","0","0","0","0","0","","","","","","0.099","Wed, 08 Feb 2023 21:02:33 GMT","","","","","1.1","","","","","","https://books.toscrape.com/media/cache/f4/cb/f4cb1f9c7280bf1fd05fe33d2816080f.jpg","2026-06-10 17:51:25"
"https://books.toscrape.com/catalogue/the-grownup_546/index.html","text/html","200","OK","Indexable","","The Grownup | Books to Scrape - Sandbox","39","371","A canny young woman is struggling to survive by perpetrating various levels of mostly harmless fraud. On a rainy April morning, she is reading auras at Spiritual Palms when Susan Burke walks in. A keen observer of human behavior, our unnamed narrator immediately diagnoses beautiful, rich Susan as an unhappy woman eager to give her lovely life a drama injection. However, wh A canny young woman is struggling to survive by perpetrating various levels of mostly harmless fraud. On a rainy April morning, she is reading auras at Spiritual Palms when Susan Burke walks in. A keen observer of human behavior, our unnamed narrator immediately diagnoses beautiful, rich Susan as an unhappy woman eager to give her lovely life a drama injection. However, when the ""psychic"" visits the eerie Victorian home that has been the source of Susan's terror and grief, she realizes she may not have to pretend to believe in ghosts anymore. Miles, Susan's teenage stepson, doesn't help matters with his disturbing manner and grisly imagination. The three are soon locked in a chilling battle to discover where the evil truly lurks and what, if anything, can be done to escape it. ...more","1171","7205","","0","The Grownup","11","Product Description","19","Product Information","19","NOARCHIVE,NOCACHE","","","","","","","","","18914","18914","18914","2.803","","346","86","4.023","82.698","Easy","10.522","2","2","","14","7","0","2.540","16","9","0","0","0","0","","","","","c5315dfa17e9f2ec54f65b6eefcae9e2","0.104","Wed, 08 Feb 2023 21:02:32 GMT","","","","en-us","1.1","","","","","","https://books.toscrape.com/catalogue/the-grownup_546/index.html","2026-06-10 17:51:25"
"https://books.toscrape.com/catalogue/catastrophic-happiness-finding-joy-in-childhoods-messy-years_138/index.html","text/html","200","OK","Indexable","","Catastrophic Happiness: Finding Joy in Childhood's Messy Years | Books to Scrape - Sandbox","90","822","A comic and heartwarming memoir about childhood's second act from Real Simple journalist Catherine Newman. Much is written about a child's infancy and toddler years, which is good since children will never remember it themselves. It is ages 4-14 that make up the second act, as Catherine Newman puts it in this delightfully candid, outlandishly funny new memoir about the yea A comic and heartwarming memoir about childhood's second act from Real Simple journalist Catherine Newman. Much is written about a child's infancy and toddler years, which is good since children will never remember it themselves. It is ages 4-14 that make up the second act, as Catherine Newman puts it in this delightfully candid, outlandishly funny new memoir about the years that ""your children will remember as childhood."" Following Newman's son and daughter as they blossom from preschoolers into teenagers, CATASTROPHIC HAPPINESS is about the bittersweet joy of raising children--and the ever-evolving landscape of issues parents traverse. In a laugh out-loud, heart-wrenching, relatable voice, Newman narrates events as momentous as grief and as quietly moving as the moonlit face of a sleeping child. From tantrums and friendship to fear and even sex, Newman's fresh take will appeal to any parent riding this same roller coaster of laughter and heartbreak. ...more","1349","8392","","0","Catastrophic Happiness: Finding Joy in Childhood's Messy Years","62","Product Description","19","Product Information","19","NOARCHIVE,NOCACHE","","","","","","","","","19133","19133","19133","2.836","","368","86","4.279","76.971","Fairly Easy","11.745","2","2","","2","1","0","0.360","16","9","0","0","0","0","","","","","9e047533878e2e5b3e18bef02a2a00cd","0.101","Wed, 08 Feb 2023 21:02:32 GMT","","","","en-us","1.1","","","","","","https://books.toscrape.com/catalogue/catastrophic-happiness-finding-joy-in-childhoods-messy-years_138/index.html","2026-06-10 17:51:25"
"https://books.toscrape.com/media/cache/e1/1b/e11bea016d0ae1d7e2dd46fb3cb870b7.jpg","image/jpeg","200","OK","Indexable","","","0","0","","0","0","","0","","0","","0","","0","","","","","","","","","","47830","47830","47830","7.088","","0","","","","","0.000","2","4","","0","0","0","0.000","0","0","0","0","0","0","","","","","","0.105","Wed, 08 Feb 2023 21:02:33 GMT","","","","","1.1","","","","","","https://books.toscrape.com/media/cache/e1/1b/e11bea016d0ae1d7e2dd46fb3cb870b7.jpg","2026-06-10 17:51:26"
"https://books.toscrape.com/media/cache/8f/a4/8fa41d6caa10e427356b8a590eb4d96b.jpg","image/jpeg","200","OK","Indexable","","","0","0","","0","0","","0","","0","","0","","0","","","","","","","","","","12225","12225","12225","1.812","","0","","","","","0.000","2","4","","0","0","0","0.000","0","0","0","0","0","0","","","","","","0.090","Wed, 08 Feb 2023 21:02:33 GMT","","","","","1.1","","","","","","https://books.toscrape.com/media/cache/8f/a4/8fa41d6caa10e427356b8a590eb4d96b.jpg","2026-06-10 17:51:26"
"https://books.toscrape.com/catalogue/most-wanted_623/index.html","text/html","200","OK","Indexable","","Most Wanted | Books to Scrape - Sandbox","39","371","Lisa Scottoline delivers another searing, powerful blockbuster novel that explores hot-button issues within the framework of an intricately plotted thriller. When a woman and her husband, desperate for a baby, find themselves unable to conceive, they decide to take further steps. Since it is the husband who is infertile, the heroine decides to use a donor. And all seems to Lisa Scottoline delivers another searing, powerful blockbuster novel that explores hot-button issues within the framework of an intricately plotted thriller. When a woman and her husband, desperate for a baby, find themselves unable to conceive, they decide to take further steps. Since it is the husband who is infertile, the heroine decides to use a donor. And all seems to be well. Three months pass and she is happily pregnant. But a shocking revelation occurs when she discovers that a man arrested for a series of brutal murders is her donor - the biological father of the child she is carrying. Delving deeper to uncover the truth, the heroine must face her worst fears, and confront a terrifying truth. Most Wanted is sure to be Lisa Scottoline's most discussed, bestselling novel yet. ...more","1177","7095","","0","Most Wanted","11","Product Description","19","Product Information","19","NOARCHIVE,NOCACHE","","","","","","","","","18700","18700","18700","2.771","","343","86","3.988","83.656","Easy","10.626","2","2","","14","7","0","2.540","16","9","0","0","0","0","","","","","403b9725a7be7911de4f1b8a950871d4","0.114","Wed, 08 Feb 2023 21:02:32 GMT","","","","en-us","1.1","","","","","","https://books.toscrape.com/catalogue/most-wanted_623/index.html","2026-06-10 17:51:26"
"https://books.toscrape.com/media/cache/fd/71/fd71fb07247bf911505a351c0670c6dc.jpg","image/jpeg","200","OK","Indexable","","","0","0","","0","0","","0","","0","","0","","0","","","","","","","","","","7978","7978","7978","1.182","","0","","","","","0.000","2","4","","0","0","0","0.000","0","0","0","0","0","0","","","","","","0.030","Wed, 08 Feb 2023 21:02:33 GMT","","","","","1.1","","","","","","https://books.toscrape.com/media/cache/fd/71/fd71fb07247bf911505a351c0670c6dc.jpg","2026-06-10 17:51:26"
"https://books.toscrape.com/media/cache/23/85/238570a1c284e730dbc737a7e631ae2b.jpg","image/jpeg","200","OK","Indexable","","","0","0","","0","0","","0","","0","","0","","0","","","","","","","","","","9542","9542","9542","1.414","","0","","","","","0.000","2","4","","0","0","0","0.000","0","0","0","0","0","0","","","","","","0.031","Wed, 08 Feb 2023 21:02:32 GMT","","","","","1.1","","","","","","https://books.toscrape.com/media/cache/23/85/238570a1c284e730dbc737a7e631ae2b.jpg","2026-06-10 17:51:26"
"https://books.toscrape.com/catalogue/the-past-never-ends_942/index.html","text/html","200","OK","Indexable","","The Past Never Ends | Books to Scrape - Sandbox","47","438","A simple task, Attorney Chester Morgan thinks. Get a copy of a public record for a young man whose only friend has died in an unexplained accidental death. Except... The police file regarding the demise of sex worker Tanya Everly has been sealed by the order of the chief of police, and no one will talk. Warned to drop the matter, Attorney Morgan knows that if he doesn't sp A simple task, Attorney Chester Morgan thinks. Get a copy of a public record for a young man whose only friend has died in an unexplained accidental death. Except... The police file regarding the demise of sex worker Tanya Everly has been sealed by the order of the chief of police, and no one will talk. Warned to drop the matter, Attorney Morgan knows that if he doesn't speak for the dead young woman, no one will. Haunted by his discovery of the body of a prominent local oilman, Morgan pursues a quest for justice that puts his reputation, career, and life at risk. A journey that takes him into the dark shadows of the sex-for-sale business, into the marble courtrooms of Oklahoma, and into the aching loneliness of his own soul. Set in the American Southwest in the days before 9/11, The Past Never Ends is both a complex murder mystery and a meditation on the self-perpetuating nature of injustice and the ethereal nature of justice itself. ...more","1332","8117","","0","The Past Never Ends","19","Product Description","19","Product Information","19","NOARCHIVE,NOCACHE","","","","","","","","","19106","19106","19106","2.832","","391","88","4.443","92.626","Very Easy","11.217","2","2","","14","7","0","2.540","16","9","0","0","0","0","","","","","7ae326cad7e2f3b390048d6ad990a44c","0.034","Wed, 08 Feb 2023 21:02:32 GMT","","","","en-us","1.1","","","","","","https://books.toscrape.com/catalogue/the-past-never-ends_942/index.html","2026-06-10 17:51:26"
"https://books.toscrape.com/media/cache/57/07/5707c3d5d4fd44d943d51730ba7d429a.jpg","image/jpeg","200","OK","Indexable","","","0","0","","0","0","","0","","0","","0","","0","","","","","","","","","","8958","8958","8958","1.328","","0","","","","","0.000","2","4","","0","0","0","0.000","0","0","0","0","0","0","","","","","","0.030","Wed, 08 Feb 2023 21:02:32 GMT","","","","","1.1","","","","","","https://books.toscrape.com/media/cache/57/07/5707c3d5d4fd44d943d51730ba7d429a.jpg","2026-06-10 17:51:26"
"https://books.toscrape.com/catalogue/tastes-like-fear-di-marnie-rome-3_742/index.html","text/html","200","OK","Indexable","","Tastes Like Fear (DI Marnie Rome #3) | Books to Scrape - Sandbox","64","589","Sarah Hilary won the 2015 Theakston's Crime Novel of the Year with her debut, the 2014 Richard and Judy pick SOMEONE ELSE'S SKIN. She followed up with NO OTHER DARKNESS, proclaimed as 'riveting' by Lisa Gardner and 'truly mesmerising' by David Mark. Now D.I. Marnie Rome returns in her third novel.Home is where Harm lies...The young girl who causes the fatal car crash disap Sarah Hilary won the 2015 Theakston's Crime Novel of the Year with her debut, the 2014 Richard and Judy pick SOMEONE ELSE'S SKIN. She followed up with NO OTHER DARKNESS, proclaimed as 'riveting' by Lisa Gardner and 'truly mesmerising' by David Mark. Now D.I. Marnie Rome returns in her third novel.Home is where Harm lies...The young girl who causes the fatal car crash disappears from the scene.A runaway who doesn't want to be found, she only wants to go home.To the one man who understands her.Gives her shelter. Just as he gives shelter to the other lost girls who live in his house.He's the head of her new family.He's Harm. And when Harm's family is threatened, Marnie Rome is about to find out that everything tastes like fear... ...more","1120","7024","","0","Tastes Like Fear (DI Marnie Rome #3)","36","Product Description","19","Product Information","19","NOARCHIVE,NOCACHE","","","","","","","","","18517","18517","18517","2.744","","351","94","3.734","96.753","Very Easy","10.580","2","2","","14","7","0","2.540","16","9","0","0","0","0","","","","","556c55c6323a2899be7f45f65a4e8824","0.112","Wed, 08 Feb 2023 21:02:32 GMT","","","","en-us","1.1","","","","","","https://books.toscrape.com/catalogue/tastes-like-fear-di-marnie-rome-3_742/index.html","2026-06-10 17:51:26"
"https://books.toscrape.com/media/cache/e8/c0/e8c0ba15066bab950ae161fd60949b9a.jpg","image/jpeg","200","OK","Indexable","","","0","0","","0","0","","0","","0","","0","","0","","","","","","","","","","11344","11344","11344","1.681","","0","","","","","0.000","2","4","","0","0","0","0.000","0","0","0","0","0","0","","","","","","0.104","Wed, 08 Feb 2023 21:02:33 GMT","","","","","1.1","","","","","","https://books.toscrape.com/media/cache/e8/c0/e8c0ba15066bab950ae161fd60949b9a.jpg","2026-06-10 17:51:26"
"https://books.toscrape.com/catalogue/the-bachelor-girls-guide-to-murder-herringford-and-watts-mysteries-1_491/index.html","text/html","200","OK","Indexable","","The Bachelor Girl's Guide to Murder (Herringford and Watts Mysteries #1) | Books to Scrape - Sandbox","100","904","In 1910 Toronto, while other bachelor girls perfect their domestic skills and find husbands, two friends perfect their sleuthing skills and find a murderer.Inspired by their fascination with all things Sherlock Holmes, best friends and flatmates Merinda and Jem launch a consulting detective business. The deaths of young Irish women lead Merinda and Jem deeper into the mire In 1910 Toronto, while other bachelor girls perfect their domestic skills and find husbands, two friends perfect their sleuthing skills and find a murderer.Inspired by their fascination with all things Sherlock Holmes, best friends and flatmates Merinda and Jem launch a consulting detective business. The deaths of young Irish women lead Merinda and Jem deeper into the mire of the city's underbelly, where the high hopes of those dreaming to make a new life in Canada are met with prejudice and squalor.While searching for answers, donning disguises, and sneaking around where no proper ladies would ever go, they pair with Jasper Forth, a police constable, and Ray DeLuca, a reporter in whom Jem takes a more than professional interest. Merinda could well be Toronto's premiere consulting detective, and Jem may just find a way to put her bachelor girlhood behind her forever--if they can stay alive long enough to do so. ...more","1308","8012","","0","The Bachelor Girl's Guide to Murder (Herringford and Watts Mysteries #1)","72","Product Description","19","Product Information","19","NOARCHIVE,NOCACHE","","","","","","","","","19006","19006","19006","2.817","","370","82","4.512","82.443","Easy","11.587","2","2","","4","2","0","0.720","16","9","0","0","0","0","","","","","d3950004dd9ec34499223ff340a387a1","0.035","Wed, 08 Feb 2023 21:02:32 GMT","","","","en-us","1.1","","","","","","https://books.toscrape.com/catalogue/the-bachelor-girls-guide-to-murder-herringford-and-watts-mysteries-1_491/index.html","2026-06-10 17:51:26"
"https://books.toscrape.com/catalogue/the-murder-of-roger-ackroyd-hercule-poirot-4_852/index.html","text/html","200","OK","Indexable","","The Murder of Roger Ackroyd (Hercule Poirot #4) | Books to Scrape - Sandbox","75","686","In the village of King's Abbot, a widow's sudden suicide sparks rumors that she murdered her first husband, was being blackmailed, and was carrying on a secret affair with the wealthy Roger Ackroyd. The following evening, Ackroyd is murdered in his locked study--but not before receiving a letter identifying the widow's blackmailer. King's Abbot is crawling with suspects, i In the village of King's Abbot, a widow's sudden suicide sparks rumors that she murdered her first husband, was being blackmailed, and was carrying on a secret affair with the wealthy Roger Ackroyd. The following evening, Ackroyd is murdered in his locked study--but not before receiving a letter identifying the widow's blackmailer. King's Abbot is crawling with suspects, including a nervous butler, Ackroyd's wayward stepson, and his sister-in-law, Mrs. Cecil Ackroyd, who has taken up residence in the victim's home. It's now up to the famous detective Hercule Poirot, who has retired to King's Abbot to garden, to solve the case of who killed Roger Ackroyd--a task in which he is aided by the village doctor and narrator, James Sheppard, and by Sheppard's ingenious sister, Caroline.The Murder of Roger Ackroyd is the book that made Agatha Christie a household name and launched her career as a perennial bestseller. Originally published in 1926, it is a landmark in the mystery genre. It was in the vanguard of a new class of popular detective fiction that ushered in the modern era of mystery novels. ...more","1491","9082","","0","The Murder of Roger Ackroyd (Hercule Poirot #4)","47","Product Description","19","Product Information","19","NOARCHIVE,NOCACHE","","","","","","","","","19541","19541","19541","2.896","","402","88","4.568","84.768","Easy","12.012","2","2","","14","7","0","2.540","16","9","0","0","0","0","","","","","90851159a956d53297597b9ac7635688","0.117","Wed, 08 Feb 2023 21:02:32 GMT","","","","en-us","1.1","","","","","","https://books.toscrape.com/catalogue/the-murder-of-roger-ackroyd-hercule-poirot-4_852/index.html","2026-06-10 17:51:26"
"https://books.toscrape.com/media/cache/37/f1/37f118b4a56d866e1e8b563759d6966c.jpg","image/jpeg","200","OK","Indexable","","","0","0","","0","0","","0","","0","","0","","0","","","","","","","","","","11946","11946","11946","1.770","","0","","","","","0.000","2","4","","0","0","0","0.000","0","0","0","0","0","0","","","","","","0.039","Wed, 08 Feb 2023 21:02:32 GMT","","","","","1.1","","","","","","https://books.toscrape.com/media/cache/37/f1/37f118b4a56d866e1e8b563759d6966c.jpg","2026-06-10 17:51:26"
"https://books.toscrape.com/catalogue/murder-at-the-42nd-street-library-raymond-ambler-1_624/index.html","text/html","200","OK","Indexable","","Murder at the 42nd Street Library (Raymond Ambler #1) | Books to Scrape - Sandbox","81","748","Murder at the 42nd Street Library opens with a murder in a second floor office of the iconic, beaux-arts flagship of the New York Public Library. Ray Ambler, the curator of the library's crime fiction collection, joins forces with NYPD homicide detective Mike Cosgrove in hopes of bringing a murderer to justice.In his search for the reasons behind the murder, Ambler uncover Murder at the 42nd Street Library opens with a murder in a second floor office of the iconic, beaux-arts flagship of the New York Public Library. Ray Ambler, the curator of the library's crime fiction collection, joins forces with NYPD homicide detective Mike Cosgrove in hopes of bringing a murderer to justice.In his search for the reasons behind the murder, Ambler uncovers hidden--and profoundly disturbing--relationships between visitors to the library. These include a celebrated mystery writer who has donated his papers to the library's crime fiction collection, that writer's missing daughter, a New York society woman with a hidden past, and one of Ambler's colleagues at the world-famous library. Those shocking revelations lead inexorably to the tragic and violent events that follow. ...more","1180","7136","","0","Murder at the 42nd Street Library (Raymond Ambler #1)","53","Product Description","19","Product Information","19","NOARCHIVE,NOCACHE","","","","","","","","","18875","18875","18875","2.797","","349","82","4.256","82.281","Easy","10.994","2","2","","14","7","0","2.540","16","9","0","0","0","0","","","","","c8d22bedacc36b4f0d040a6b67a5b25f","0.125","Wed, 08 Feb 2023 21:02:32 GMT","","","","en-us","1.1","","","","","","https://books.toscrape.com/catalogue/murder-at-the-42nd-street-library-raymond-ambler-1_624/index.html","2026-06-10 17:51:26"
"https://books.toscrape.com/catalogue/a-murder-in-time_877/index.html","text/html","200","OK","Indexable","","A Murder in Time | Books to Scrape - Sandbox","44","406","Beautiful and brilliant, Kendra Donovan is a rising star at the FBI. Yet her path to professional success hits a speed bump during a disastrous raid where half her team is murdered, a mole in the FBI is uncovered and she herself is severely wounded. As soon as she recovers, she goes rogue and travels to England to assassinate the man responsible for the deaths of her teamm Beautiful and brilliant, Kendra Donovan is a rising star at the FBI. Yet her path to professional success hits a speed bump during a disastrous raid where half her team is murdered, a mole in the FBI is uncovered and she herself is severely wounded. As soon as she recovers, she goes rogue and travels to England to assassinate the man responsible for the deaths of her teammates.While fleeing from an unexpected assassin herself, Kendra escapes into a stairwell that promises sanctuary but when she stumbles out again, she is in the same place - Aldrich Castle - but in a different time: 1815, to be exact.Mistaken for a lady's maid hired to help with weekend guests, Kendra is forced to quickly adapt to the time period until she can figure out how she got there; and, more importantly, how to get back home. However, after the body of a young girl is found on the extensive grounds of the county estate, she starts to feel there's some purpose to her bizarre circumstances. Stripped of her twenty-first century tools, Kendra must use her wits alone in order to unmask a cunning madman. ...more","1472","9004","","0","A Murder in Time","16","Product Description","19","Product Information","19","NOARCHIVE,NOCACHE","","","","","","","","","19343","19343","19343","2.867","","414","89","4.652","91.357","Very Easy","11.747","2","2","","14","7","0","2.540","16","9","0","0","0","0","","","","","e560d0392b3bfbe9d28192a948130c40","0.032","Wed, 08 Feb 2023 21:02:32 GMT","","","","en-us","1.1","","","","","","https://books.toscrape.com/catalogue/a-murder-in-time_877/index.html","2026-06-10 17:51:26"
"https://books.toscrape.com/media/cache/11/aa/11aaad48b5f15e262456ca65294084da.jpg","image/jpeg","200","OK","Indexable","","","0","0","","0","0","","0","","0","","0","","0","","","","","","","","","","6635","6635","6635","0.983","","0","","","","","0.000","2","4","","0","0","0","0.000","0","0","0","0","0","0","","","","","","0.058","Wed, 08 Feb 2023 21:02:32 GMT","","","","","1.1","","","","","","https://books.toscrape.com/media/cache/11/aa/11aaad48b5f15e262456ca65294084da.jpg","2026-06-10 17:51:26"
"https://books.toscrape.com/catalogue/what-happened-on-beale-street-secrets-of-the-south-mysteries-2_506/index.html","text/html","200","OK","Indexable","","What Happened on Beale Street (Secrets of the South Mysteries #2) | Books to Scrape - Sandbox","93","858","What Happened on Beale Street is an exciting addition to the Secrets of the South Mysteries from bestselling author Mary Ellis. These standalone, complex crime dramas follow a private investigator's quest to make the world a better place...solving one case at a time.A cryptic plea for help from a childhood friend sends cousins Nate and Nicki Price from New Orleans to Memph What Happened on Beale Street is an exciting addition to the Secrets of the South Mysteries from bestselling author Mary Ellis. These standalone, complex crime dramas follow a private investigator's quest to make the world a better place...solving one case at a time.A cryptic plea for help from a childhood friend sends cousins Nate and Nicki Price from New Orleans to Memphis, the home of scrumptious barbecue and soulful blues music. When they arrive at Danny Andre's last known address, they discover signs of a struggle and a lifestyle not in keeping with the former choirboy they fondly remember.Danny's sister, Isabelle, reluctantly accepts their help. She and Nate aren't on the best of terms due to a complicated past, yet they will have to get beyond that if they want to save Danny.On top of Danny's alarming disappearance and his troubled relationship with Isabelle, Nate also has to rein in his favorite cousin's overzealousness as a new and eager PI. Confronted with a possible murder, mystery, and mayhem in the land of the Delta blues, Nate must rely on his faith and investigative experience to keep one or more of them from getting killed. ...more","1541","9435","","0","What Happened on Beale Street (Secrets of the South Mysteries #2)","65","Product Description","19","Product Information","19","NOARCHIVE,NOCACHE","","","","","","","","","19384","19384","19384","2.873","","417","91","4.582","85.326","Easy","12.470","2","2","","6","3","0","1.090","16","9","0","0","0","0","","","","","e913065c23a6f99f09ade819ce51d652","0.044","Wed, 08 Feb 2023 21:02:32 GMT","","","","en-us","1.1","","","","","","https://books.toscrape.com/catalogue/what-happened-on-beale-street-secrets-of-the-south-mysteries-2_506/index.html","2026-06-10 17:51:26"
"https://books.toscrape.com/catalogue/category/books/mystery_3/page-2.html","text/html","200","OK","Indexable","","Mystery | 
     Books to Scrape - Sandbox","41","322","","0","0","","0","Mystery","7","","0","","0","NOARCHIVE,NOCACHE","","","","","","","","","38533","38533","38533","5.711","","308","136","2.265","100.000","Very Easy","3.764","2","4","","1","1","0","0.360","79","65","0","0","0","0","","","","","7470b7d9a322bf9b6efccd8ce10fd9f9","0.030","Wed, 08 Feb 2023 21:02:32 GMT","","","","en-us","1.1","","","","","","https://books.toscrape.com/catalogue/category/books/mystery_3/page-2.html","2026-06-10 17:51:26"
"https://books.toscrape.com/media/cache/44/9e/449ed681142bc336646abee754e96639.jpg","image/jpeg","200","OK","Indexable","","","0","0","","0","0","","0","","0","","0","","0","","","","","","","","","","12142","12142","12142","1.799","","0","","","","","0.000","2","4","","0","0","0","0.000","0","0","0","0","0","0","","","","","","0.029","Wed, 08 Feb 2023 21:02:32 GMT","","","","","1.1","","","","","","https://books.toscrape.com/media/cache/44/9e/449ed681142bc336646abee754e96639.jpg","2026-06-10 17:51:26"
"https://books.toscrape.com/media/cache/89/b8/89b850edb01851a91f64ba114b96acb6.jpg","image/jpeg","200","OK","Indexable","","","0","0","","0","0","","0","","0","","0","","0","","","","","","","","","","7847","7847","7847","1.163","","0","","","","","0.000","2","4","","0","0","0","0.000","0","0","0","0","0","0","","","","","","0.101","Wed, 08 Feb 2023 21:02:33 GMT","","","","","1.1","","","","","","https://books.toscrape.com/media/cache/89/b8/89b850edb01851a91f64ba114b96acb6.jpg","2026-06-10 17:51:26"
"https://books.toscrape.com/media/cache/d5/81/d58157866ea8f015a8e4c55b23b8c96f.jpg","image/jpeg","200","OK","Indexable","","","0","0","","0","0","","0","","0","","0","","0","","","","","","","","","","12202","12202","12202","1.808","","0","","","","","0.000","2","4","","0","0","0","0.000","0","0","0","0","0","0","","","","","","0.110","Wed, 08 Feb 2023 21:02:33 GMT","","","","","1.1","","","","","","https://books.toscrape.com/media/cache/d5/81/d58157866ea8f015a8e4c55b23b8c96f.jpg","2026-06-10 17:51:26"
"https://books.toscrape.com/media/cache/29/fe/29fe70b1b2e5a9ba61d4bd331255e19e.jpg","image/jpeg","200","OK","Indexable","","","0","0","","0","0","","0","","0","","0","","0","","","","","","","","","","8163","8163","8163","1.210","","0","","","","","0.000","2","4","","0","0","0","0.000","0","0","0","0","0","0","","","","","","0.110","Wed, 08 Feb 2023 21:02:32 GMT","","","","","1.1","","","","","","https://books.toscrape.com/media/cache/29/fe/29fe70b1b2e5a9ba61d4bd331255e19e.jpg","2026-06-10 17:51:26"
"https://books.toscrape.com/media/cache/c3/8d/c38d65cd155b67ca025f0655bd1bb095.jpg","image/jpeg","200","OK","Indexable","","","0","0","","0","0","","0","","0","","0","","0","","","","","","","","","","11698","11698","11698","1.734","","0","","","","","0.000","2","4","","0","0","0","0.000","0","0","0","0","0","0","","","","","","0.104","Wed, 08 Feb 2023 21:02:33 GMT","","","","","1.1","","","","","","https://books.toscrape.com/media/cache/c3/8d/c38d65cd155b67ca025f0655bd1bb095.jpg","2026-06-10 17:51:26"
"https://books.toscrape.com/media/cache/3c/91/3c91d97266bd6dda322089695fb46daf.jpg","image/jpeg","200","OK","Indexable","","","0","0","","0","0","","0","","0","","0","","0","","","","","","","","","","10141","10141","10141","1.503","","0","","","","","0.000","2","4","","0","0","0","0.000","0","0","0","0","0","0","","","","","","0.105","Wed, 08 Feb 2023 21:02:32 GMT","","","","","1.1","","","","","","https://books.toscrape.com/media/cache/3c/91/3c91d97266bd6dda322089695fb46daf.jpg","2026-06-10 17:51:27"
"https://books.toscrape.com/catalogue/poisonous-max-revere-novels-3_627/index.html","text/html","200","OK","Indexable","","Poisonous (Max Revere Novels #3) | Books to Scrape - Sandbox","60","563","Teen-aged Internet bully Ivy Lake fell off a cliff and few people cared ... except her mentally-challenged eighteen-year-old step-brother, Tommy. He loved her in spite of her cruelty. He's distraught and doesn't understand why his blended family is falling apart. After a year, the police still have no answers: Ivy could have jumped, could have been pushed, or it could have Teen-aged Internet bully Ivy Lake fell off a cliff and few people cared ... except her mentally-challenged eighteen-year-old step-brother, Tommy. He loved her in spite of her cruelty. He's distraught and doesn't understand why his blended family is falling apart. After a year, the police still have no answers: Ivy could have jumped, could have been pushed, or it could have been an accident. With too many suspects and not enough evidence, the investigation has grown cold.Tommy thinks that if someone can figure out what happened to his step-sister, everything will go back to normal, so he writes to investigative reporter Maxine Revere. This isn’t the type of case Max normally takes on, but the heartbreak and simple honesty in Tommy's letter pulls her in. She travels to Corte Madera, California, with her assistant David Kane and is at first pleased that the police are cooperative. But the more Max learns about Tommy and his dysfunctional family, the more she thinks she’s taken on an impossible task: this may be the one case she can’t solve.If Ivy was murdered, it was exceptionally well-planned and that kind of killer could be hiding in plain sight ... planning the next act of violence. Max believes the truth is always better than lies, that the truth is the only thing that matters to gain justice for victims and their families. But for the first time, she wonders if this time, the truth will kill. ...more","1801","10765","","0","Poisonous (Max Revere Novels #3)","32","Product Description","19","Product Information","19","NOARCHIVE,NOCACHE","","","","","","","","","20054","20054","20054","2.972","","459","102","4.500","87.809","Easy","13.199","2","2","","14","7","0","2.540","16","9","0","0","0","0","","","","","645972b9bfd3f863e98e2143d47dca5d","0.097","Wed, 08 Feb 2023 21:02:32 GMT","","","","en-us","1.1","","","","","","https://books.toscrape.com/catalogue/poisonous-max-revere-novels-3_627/index.html","2026-06-10 17:51:26"
"https://books.toscrape.com/catalogue/the-widow_609/index.html","text/html","200","OK","Indexable","","The Widow | Books to Scrape - Sandbox","37","351","THE NEW YORK TIMESBESTSELLERFor fans of Gone Girl and The Girl on the Train, an electrifying thriller that will take you into the dark spaces that exist between a husband and a wife.When the police started asking questions, Jean Taylor turned into a different woman. One who enabled her and her husband to carry on, when more bad things began to happen... But that woman’s h THE NEW YORK TIMES BESTSELLERFor fans of Gone Girl and The Girl on the Train, an electrifying thriller that will take you into the dark spaces that exist between a husband and a wife.When the police started asking questions, Jean Taylor turned into a different woman. One who enabled her and her husband to carry on, when more bad things began to happen...   But that woman’s husband died last week. And Jean doesn’t have to be her anymore.   There’s a lot Jean hasn’t said over the years about the crime her husband was suspected of committing. She was too busy being the perfect wife, standing by her man while living with the accusing glares and the anonymous harassment.   Now there’s no reason to stay quiet. There are people who want to hear her story. They want to know what it was like living with that man. She can tell them that there were secrets. There always are in a marriage.   The truth—that’s all anyone wants. But the one lesson Jean has learned in the last few years is that she can make people believe anything… ...more","1414","8791","","0","The Widow","9","Product Description","19","Product Information","19","NOARCHIVE,NOCACHE","","","","","","","","","19015","19015","19015","2.818","","399","94","4.245","96.512","Very Easy","11.599","2","2","","10","5","0","1.810","16","9","0","0","0","0","","","","","416f3ea8f25b8c64779f0b35f3d56e39","0.104","Wed, 08 Feb 2023 21:02:32 GMT","","","","en-us","1.1","","","","","","https://books.toscrape.com/catalogue/the-widow_609/index.html","2026-06-10 17:51:26"
"https://books.toscrape.com/media/cache/95/d7/95d7541679fcbd579b8a4f2b47231aaf.jpg","image/jpeg","200","OK","Indexable","","","0","0","","0","0","","0","","0","","0","","0","","","","","","","","","","8649","8649","8649","1.282","","0","","","","","0.000","2","4","","0","0","0","0.000","0","0","0","0","0","0","","","","","","0.029","Wed, 08 Feb 2023 21:02:33 GMT","","","","","1.1","","","","","","https://books.toscrape.com/media/cache/95/d7/95d7541679fcbd579b8a4f2b47231aaf.jpg","2026-06-10 17:51:27"
"https://books.toscrape.com/catalogue/that-darkness-gardiner-and-renner-1_743/index.html","text/html","200","OK","Indexable","","That Darkness (Gardiner and Renner #1) | Books to Scrape - Sandbox","66","611","As a forensic investigator for the Cleveland Police Department, Maggie Gardiner has seen her share of Jane Does. The latest is an unidentified female in her early teens, discovered in a local cemetery. More shocking than the girl’s injuries—for Maggie at least—is the fact that no one has reported her missing. She and the detectives assigned to the case (including her cop e As a forensic investigator for the Cleveland Police Department, Maggie Gardiner has seen her share of Jane Does. The latest is an unidentified female in her early teens, discovered in a local cemetery. More shocking than the girl’s injuries—for Maggie at least—is the fact that no one has reported her missing. She and the detectives assigned to the case (including her cop ex-husband) are determined to follow every lead, run down every scrap of evidence. But the monster they seek is watching each move, closer to them than they could ever imagine. Jack Renner is a killer. He doesn’t murder because he savors it, or because he believes himself omnipotent, or for any reason other than to make the world a safer place. When he follows the trail of this Jane Doe to a locked room in a small apartment where eighteen teenaged girls are anything but safe, he knows something must be done. But his pursuit of their captor takes an unexpected turn.Maggie Gardiner finds another body waiting for her in the autopsy room—and a host of questions that will challenge everything she believes about justice, morality, and the true nature of evil … ...more","1522","9278","","0","That Darkness (Gardiner and Renner #1)","38","Product Description","19","Product Information","19","NOARCHIVE,NOCACHE","","","","","","","","","19282","19282","19282","2.858","","415","91","4.560","87.028","Easy","12.248","2","2","","14","7","0","2.540","16","9","0","0","0","0","","","","","5287789638192f091ad778ae3c538844","0.153","Wed, 08 Feb 2023 21:02:32 GMT","","","","en-us","1.1","","","","","","https://books.toscrape.com/catalogue/that-darkness-gardiner-and-renner-1_743/index.html","2026-06-10 17:51:26"
"https://books.toscrape.com/catalogue/a-study-in-scarlet-sherlock-holmes-1_656/index.html","text/html","200","OK","Indexable","","A Study in Scarlet (Sherlock Holmes #1) | Books to Scrape - Sandbox","67","607","In the debut of literature's most famous sleuth, a dead man is discovered in a bloodstained room in Brixton. The only clues are a wedding ring, a gold watch, a pocket edition of Boccaccio's Decameron, and a word scrawled in blood on the wall. With this investigation begins the partnership of Sherlock Holmes and Dr. Watson. Their search for the murderer uncovers a story of In the debut of literature's most famous sleuth, a dead man is discovered in a bloodstained room in Brixton. The only clues are a wedding ring, a gold watch, a pocket edition of Boccaccio's Decameron, and a word scrawled in blood on the wall. With this investigation begins the partnership of Sherlock Holmes and Dr. Watson. Their search for the murderer uncovers a story of love and revenge-and heralds a franchise of detective mysteries starring the formidable Holmes. ...more","853","5231","","0","A Study in Scarlet (Sherlock Holmes #1)","39","Product Description","19","Product Information","19","NOARCHIVE,NOCACHE","","","","","","","","","18090","18090","18090","2.681","","303","76","3.987","89.709","Easy","9.425","2","2","","14","7","0","2.540","16","9","0","0","0","0","","","","","9bb8113edd9da81c9d4f3eb94a06aedc","0.036","Wed, 08 Feb 2023 21:02:32 GMT","","","","en-us","1.1","","","","","","https://books.toscrape.com/catalogue/a-study-in-scarlet-sherlock-holmes-1_656/index.html","2026-06-10 17:51:27"
"https://books.toscrape.com/media/cache/57/31/5731a5d46c2c1e88977eb5e6d1337a2e.jpg","image/jpeg","200","OK","Indexable","","","0","0","","0","0","","0","","0","","0","","0","","","","","","","","","","9858","9858","9858","1.461","","0","","","","","0.000","2","4","","0","0","0","0.000","0","0","0","0","0","0","","","","","","0.029","Wed, 08 Feb 2023 21:02:32 GMT","","","","","1.1","","","","","","https://books.toscrape.com/media/cache/57/31/5731a5d46c2c1e88977eb5e6d1337a2e.jpg","2026-06-10 17:51:27"
"https://books.toscrape.com/catalogue/the-last-mile-amos-decker-2_754/index.html","text/html","200","OK","Indexable","","The Last Mile (Amos Decker #2) | Books to Scrape - Sandbox","58","539","In his #1 New York Times bestseller Memory Man, David Baldacci introduced the extraordinary detective Amos Decker-the man who can forget nothing. Now, Decker returns in a spectacular new thriller . . . THE LAST MILEConvicted murderer Melvin Mars is counting down the last hours before his execution--for the violent killing of his parents twenty years earlier--when he's gran In his #1 New York Times bestseller Memory Man, David Baldacci introduced the extraordinary detective Amos Decker-the man who can forget nothing. Now, Decker returns in a spectacular new thriller . . . THE LAST MILEConvicted murderer Melvin Mars is counting down the last hours before his execution--for the violent killing of his parents twenty years earlier--when he's granted an unexpected reprieve. Another man has confessed to the crime.Amos Decker, newly hired on an FBI special task force, takes an interest in Mars's case after discovering the striking similarities to his own life: Both men were talented football players with promising careers cut short by tragedy. Both men's families were brutally murdered. And in both cases, another suspect came forward, years after the killing, to confess to the crime. A suspect who may or may not have been telling the truth.The confession has the potential to make Melvin Mars--guilty or not--a free man. Who wants Mars out of prison? And why now?But when a member of Decker's team disappears, it becomes clear that something much larger--and more sinister--than just one convicted criminal's life hangs in the balance. Decker will need all of his extraordinary brainpower to stop an innocent man from being executed. ...more","1653","10187","","0","The Last Mile (Amos Decker #2)","30","Product Description","19","Product Information","19","NOARCHIVE,NOCACHE","","","","","","","","","19538","19538","19538","2.896","","419","97","4.320","81.709","Easy","12.674","2","2","","14","7","0","2.540","16","9","0","0","0","0","","","","","8bbf0e2daeab2b665ccadea90b44a75","0.031","Wed, 08 Feb 2023 21:02:32 GMT","","","","en-us","1.1","","","","","","https://books.toscrape.com/catalogue/the-last-mile-amos-decker-2_754/index.html","2026-06-10 17:51:27"
"https://books.toscrape.com/media/cache/90/0b/900bd2e60d56b6480a4e8eb2dddb46d6.jpg","image/jpeg","200","OK","Indexable","","","0","0","","0","0","","0","","0","","0","","0","","","","","","","","","","10179","10179","10179","1.509","","0","","","","","0.000","2","4","","0","0","0","0.000","0","0","0","0","0","0","","","","","","0.032","Wed, 08 Feb 2023 21:02:33 GMT","","","","","1.1","","","","","","https://books.toscrape.com/media/cache/90/0b/900bd2e60d56b6480a4e8eb2dddb46d6.jpg","2026-06-10 17:51:27"
"https://books.toscrape.com/catalogue/delivering-the-truth-quaker-midwife-mystery-1_464/index.html","text/html","200","OK","Indexable","","Delivering the Truth (Quaker Midwife Mystery #1) | Books to Scrape - Sandbox","76","690","Quaker midwife Rose Carroll hears secrets and keeps confidences as she attends births of the rich and poor alike in an 1888 Massachusetts mill town. When the town’s world-famed carriage industry is threatened by the work of an arsonist, and a carriage factory owner’s adult son is stabbed to death with Rose's own knitting needle, she is drawn into solving the mystery. Thing Quaker midwife Rose Carroll hears secrets and keeps con­fi­dences as she attends births of the rich and poor alike in an 1888 Massachusetts mill town. When the town’s world-famed car­riage indus­try is threat­ened by the work of an arson­ist, and a car­riage fac­tory owner’s adult son is stabbed to death with Rose's own knitting needle, she is drawn into solv­ing the mys­tery. Things get dicey after the same owner’s mis­tress is also mur­dered, leav­ing her one-week-old baby with­out a mother. The Quaker poet and abolitionist John Greenleaf Whittier helps Rose by lending words of advice and support. While strug­gling with being less than the per­fect Friend, Rose draws on her strengths as a counselor and prob­lem solver to bring two mur­der­ers to justice before they destroy the town’s carriage industry and the people who run it. ...more","1225","7438","","0","Delivering the Truth (Quaker Midwife Mystery #1)","48","Product Description","19","Product Information","19","NOARCHIVE,NOCACHE","","","","","","","","","19009","19009","19009","2.817","","355","82","4.329","88.529","Easy","10.926","2","2","","2","1","0","0.360","16","9","0","0","0","0","","","","","ad1b31cb51aa302312bfc446eda97014","0.107","Wed, 08 Feb 2023 21:02:32 GMT","","","","en-us","1.1","","","","","","https://books.toscrape.com/catalogue/delivering-the-truth-quaker-midwife-mystery-1_464/index.html","2026-06-10 17:51:27"
"https://books.toscrape.com/media/cache/8b/bc/8bbc5ab4c3784b4d9b93eb0fd1fb6fd6.jpg","image/jpeg","200","OK","Indexable","","","0","0","","0","0","","0","","0","","0","","0","","","","","","","","","","7734","7734","7734","1.146","","0","","","","","0.000","2","4","","0","0","0","0.000","0","0","0","0","0","0","","","","","","0.030","Wed, 08 Feb 2023 21:02:33 GMT","","","","","1.1","","","","","","https://books.toscrape.com/media/cache/8b/bc/8bbc5ab4c3784b4d9b93eb0fd1fb6fd6.jpg","2026-06-10 17:51:27"
"https://books.toscrape.com/catalogue/in-a-dark-dark-wood_963/index.html","text/html","200","OK","Indexable","","In a Dark, Dark Wood | Books to Scrape - Sandbox","48","436","In a dark, dark wood Nora hasn't seen Clare for ten years. Not since Nora walked out of school one day and never went back. There was a dark, dark houseUntil, out of the blue, an invitation to Clare’s hen do arrives. Is this a chance for Nora to finally put her past behind her?And in the dark, dark house there was a dark, dark roomBut something goes wrong. Very wrong.And i In a dark, dark wood Nora hasn't seen Clare for ten years. Not since Nora walked out of school one day and never went back. There was a dark, dark houseUntil, out of the blue, an invitation to Clare’s hen do arrives. Is this a chance for Nora to finally put her past behind her?And in the dark, dark house there was a dark, dark roomBut something goes wrong. Very wrong.And in the dark, dark room.... Some things can’t stay secret for ever. ...more","824","5033","","0","In a Dark, Dark Wood","20","Product Description","19","Product Information","19","NOARCHIVE,NOCACHE","","","","","","","","","18098","18098","18098","2.682","","310","84","3.690","100.000","Very Easy","9.045","2","2","","16","8","0","2.900","16","9","0","0","0","0","","","","","27bd73bd0b7936b8109aa51d6bae2fc3","0.110","Wed, 08 Feb 2023 21:02:32 GMT","","","","en-us","1.1","","","","","","https://books.toscrape.com/catalogue/in-a-dark-dark-wood_963/index.html","2026-06-10 17:51:27"
"https://books.toscrape.com/media/cache/23/52/2352718971d5e166fa9541a5a7d716fa.jpg","image/jpeg","200","OK","Indexable","","","0","0","","0","0","","0","","0","","0","","0","","","","","","","","","","12345","12345","12345","1.830","","0","","","","","0.000","2","4","","0","0","0","0.000","0","0","0","0","0","0","","","","","","0.033","Wed, 08 Feb 2023 21:02:32 GMT","","","","","1.1","","","","","","https://books.toscrape.com/media/cache/23/52/2352718971d5e166fa9541a5a7d716fa.jpg","2026-06-10 17:51:27"
"https://books.toscrape.com/catalogue/boar-island-anna-pigeon-19_613/index.html","text/html","200","OK","Indexable","","Boar Island (Anna Pigeon #19) | Books to Scrape - Sandbox","57","522","Bringing you a gripping mystery, Nevada Barr transports you to the wild and dangerous landscapes of America's National Parks and is sure to appeal if you like Sue Grafton and Janet Evanovich.The eighteenth sensational crime novel from New York Times bestselling author Nevada Barr featuring fearless park ranger Anna Pigeon as she battles to solve a heinous crime set amidst Bringing you a gripping mystery, Nevada Barr transports you to the wild and dangerous landscapes of America's National Parks and is sure to appeal if you like Sue Grafton and Janet Evanovich.The eighteenth sensational crime novel from New York Times bestselling author Nevada Barr featuring fearless park ranger Anna Pigeon as she battles to solve a heinous crime set amidst the wild and dangerous landscape of a US National Park. ...more","813","5084","","0","Boar Island (Anna Pigeon #19)","29","Product Description","19","Product Information","19","NOARCHIVE,NOCACHE","","","","","","","","","17919","17919","17919","2.656","","284","73","3.890","85.817","Easy","9.152","2","2","","12","6","0","2.170","16","9","0","0","0","0","","","","","75639b2167fbbf7cc07e7216234dcc70","0.151","Wed, 08 Feb 2023 21:02:32 GMT","","","","en-us","1.1","","","","","","https://books.toscrape.com/catalogue/boar-island-anna-pigeon-19_613/index.html","2026-06-10 17:51:27"
"https://books.toscrape.com/catalogue/hide-away-eve-duncan-20_620/index.html","text/html","200","OK","Indexable","","Hide Away (Eve Duncan #20) | Books to Scrape - Sandbox","54","508","Iris Johansen's beloved forensic sculptor Eve Duncan is back and now the stakes are higher than ever. Dramatic changes are on the horizon for Eve and Joe Quinn and their relationship may never be the same. Faced with the task of protecting Cara Delaney, a young girl with ruthless enemies who want to see her dead, Eve takes her away to the remote Scottish Highlands where th Iris Johansen's beloved forensic sculptor Eve Duncan is back and now the stakes are higher than ever. Dramatic changes are on the horizon for Eve and Joe Quinn and their relationship may never be the same. Faced with the task of protecting Cara Delaney, a young girl with ruthless enemies who want to see her dead, Eve takes her away to the remote Scottish Highlands where they join Jane MacGuire in search of a hidden treasure. But nowhere is far enough away to protect Cara from danger. With enemies closing in from all sides, Hide Away is a high-octane thriller that fans will not want to miss. ...more","981","6074","","0","Hide Away (Eve Duncan #20)","26","Product Description","19","Product Information","19","NOARCHIVE,NOCACHE","","","","","","","","","18274","18274","18274","2.708","","328","79","4.152","93.518","Very Easy","9.855","2","2","","14","7","0","2.540","16","9","0","0","0","0","","","","","e374d8fce83a8ba72c812fb186b506c9","0.134","Wed, 08 Feb 2023 21:02:32 GMT","","","","en-us","1.1","","","","","","https://books.toscrape.com/catalogue/hide-away-eve-duncan-20_620/index.html","2026-06-10 17:51:27"
"https://books.toscrape.com/media/cache/c7/ab/c7abb5e32bd37118a87523dcee0a70a6.jpg","image/jpeg","200","OK","Indexable","","","0","0","","0","0","","0","","0","","0","","0","","","","","","","","","","9230","9230","9230","1.368","","0","","","","","0.000","2","4","","0","0","0","0.000","0","0","0","0","0","0","","","","","","0.028","Wed, 08 Feb 2023 21:02:33 GMT","","","","","1.1","","","","","","https://books.toscrape.com/media/cache/c7/ab/c7abb5e32bd37118a87523dcee0a70a6.jpg","2026-06-10 17:51:27"
"https://books.toscrape.com/catalogue/playing-with-fire_602/index.html","text/html","200","OK","Indexable","","Playing with Fire | Books to Scrape - Sandbox","45","399","A beautiful violinist is haunted by a very old piece of music she finds in a strange antique shop in Rome.The first time Julia Ansdell picks up The Incendio Waltz, she knows it’s a strikingly unusual composition. But while playing the piece, Julia blacks out and awakens to find her young daughter implicated in acts of surprising violence. And when she travels to Venice to A beautiful violinist is haunted by a very old piece of music she finds in a strange antique shop in Rome.The first time Julia Ansdell picks up The Incendio Waltz, she knows it’s a strikingly unusual composition. But while playing the piece, Julia blacks out and awakens to find her young daughter implicated in acts of surprising violence. And when she travels to Venice to find the previous owner of the music, she uncovers a dark secret that involves dangerously powerful people—a family who would stop at nothing to keep Julia from bringing the truth to light. ...more","947","5718","","0","Playing with Fire","17","Product Description","19","Product Information","19","NOARCHIVE,NOCACHE","","","","","","","","","17970","17970","17970","2.663","","309","79","3.911","90.065","Very Easy","9.711","2","2","","8","4","0","1.450","16","9","0","0","0","0","","","","","f16b0c2582f2e897dd42dd81971d24bd","0.033","Wed, 08 Feb 2023 21:02:32 GMT","","","","en-us","1.1","","","","","","https://books.toscrape.com/catalogue/playing-with-fire_602/index.html","2026-06-10 17:51:27"
"https://books.toscrape.com/catalogue/a-time-of-torment-charlie-parker-14_657/index.html","text/html","200","OK","Indexable","","A Time of Torment (Charlie Parker #14) | Books to Scrape - Sandbox","66","606","Jerome Burnel was once a hero. He intervened to prevent multiple killings and in doing so damned himself. His life was torn apart. He was imprisoned, brutalized.But in his final days, with the hunters circling, he tells his story to private detective Charlie Parker. He speaks of the girl who was marked for death but was saved, of the ones who tormented him, and an entity t Jerome Burnel was once a hero. He intervened to prevent multiple killings and in doing so damned himself. His life was torn apart. He was imprisoned, brutalized.But in his final days, with the hunters circling, he tells his story to private detective Charlie Parker. He speaks of the girl who was marked for death but was saved, of the ones who tormented him, and an entity that hides in a ruined stockade.Parker is not like other men. He died, and was reborn. He is ready to wage war.Now he will descend upon a strange, isolated community called the Cut, and face down a force of men who rule by terror, intimidation, and murder.All in the name of the being they serve.All in the name of the Dead King. ...more","1087","6588","","0","A Time of Torment (Charlie Parker #14)","38","Product Description","19","Product Information","19","NOARCHIVE,NOCACHE","","","","","","","","","18465","18465","18465","2.737","","354","90","3.933","96.495","Very Easy","10.480","2","2","","14","7","0","2.540","16","9","0","0","0","0","","","","","c9d24e1f87946277bd6673946aef2931","0.115","Wed, 08 Feb 2023 21:02:32 GMT","","","","en-us","1.1","","","","","","https://books.toscrape.com/catalogue/a-time-of-torment-charlie-parker-14_657/index.html","2026-06-10 17:51:27"
"https://books.toscrape.com/catalogue/everydata-the-misinformation-hidden-in-the-little-data-you-consume-every-day_891/index.html","text/html","200","OK","Indexable","","Everydata: The Misinformation Hidden in the Little Data You Consume Every Day | Books to Scrape - Sandbox","105","966","While everyone is talking about “big data,” the truth is that understanding the “little data”—the stats that underlie newspaper headlines, stock reports, weather forecasts, and so on—is what helps you make smarter decisions at work, at home, and in every aspect of your life. The average person consumes approximately 30 gigabytes of data every single day, but has no idea ho While everyone is talking about “big data,” the truth is that understanding the “little data”—the stats that underlie newspaper headlines, stock reports, weather forecasts, and so on—is what helps you make smarter decisions at work, at home, and in every aspect of your life. The average person consumes approximately 30 gigabytes of data every single day, but has no idea how to interpret it correctly. EVERYDATA explains, through the eyes of an expert economist and statistician, how to decipher the small bytes of data we consume in a day.EVERYDATA is filled with countless examples of people misconstruing data—with results that range from merely frustrating to catastrophic:The space shuttle Challenger exploded in part because the engineers were reviewing a limited sample set.Millions of women avoid caffeine during pregnancy because they interpret correlation as causation.Attorneys faced a $1 billion jury verdict because of outlier data.Each chapter highlights one commonly misunderstood data concept, using both realworld and hypothetical examples from a wide range of topics, including business, politics, advertising, law, engineering, retail, parenting, and more. You’ll find the answer to the question—“Now what?”—along with concrete ways you can use this information to immediately start making smarter decisions, today and every day. ...more","1734","10711","","0","Everydata: The Misinformation Hidden in the Little Data You Consume Every Day","77","Product Description","19","Product Information","19","NOARCHIVE,NOCACHE","","","","","","","","","20940","20940","20940","3.103","","430","100","4.300","64.946","Normal","12.959","2","2","","14","7","0","2.540","16","9","0","0","0","0","","","","","8e801efb83e1d39826b8de9d1934d0ca","0.034","Wed, 08 Feb 2023 21:02:32 GMT","","","","en-us","1.1","","","","","","https://books.toscrape.com/catalogue/everydata-the-misinformation-hidden-in-the-little-data-you-consume-every-day_891/index.html","2026-06-10 17:51:27"
"https://books.toscrape.com/media/cache/88/9e/889e0bac4c7c0e7178f0165b8d3b4617.jpg","image/jpeg","200","OK","Indexable","","","0","0","","0","0","","0","","0","","0","","0","","","","","","","","","","10497","10497","10497","1.556","","0","","","","","0.000","2","4","","0","0","0","0.000","0","0","0","0","0","0","","","","","","0.034","Wed, 08 Feb 2023 21:02:33 GMT","","","","","1.1","","","","","","https://books.toscrape.com/media/cache/88/9e/889e0bac4c7c0e7178f0165b8d3b4617.jpg","2026-06-10 17:51:27"
"https://books.toscrape.com/catalogue/higherselfie-wake-up-your-life-free-your-soul-find-your-tribe_957/index.html","text/html","200","OK","Indexable","","#HigherSelfie: Wake Up Your Life. Free Your Soul. Find Your Tribe. | Books to Scrape - Sandbox","94","838","There is a cosmic alarm clock going off around the world! #HigherSelfie's aim is to unite all those waking up spiritually in this digital age. This book is a guide to love, connection, and kickass surrendered action for young people who have at least a toe in the door of spirituality. With a no-nonsense approach and full of wit and humor, this book shares age-old concepts There is a cosmic alarm clock going off around the world! #HigherSelfie's aim is to unite all those waking up spiritually in this digital age. This book is a guide to love, connection, and kickass surrendered action for young people who have at least a toe in the door of spirituality. With a no-nonsense approach and full of wit and humor, this book shares age-old concepts in a language that is accessible to the modern spiritual audience. Whether you have just bought a yoga mat or have been meditating for years, this book will offer you guidance and support, whatever stage of the journey you're at. Life coaches Jo Westwood and Lucy Sheridan touch upon timeless topics such as forgiveness, surrender and the ego, as well as subjects specific to the current age, such as using social media in a healthy way, finding a like-minded tribe, and following your own spiritual and life paths without comparing yourself to others. Whether you're a Reiki master, climbing the corporate ladder or working in a suburban garden center #HigherSelfie will be the perfect ‘gateway drug’ for those looking for something deeper and more meaningful. ...more","1519","9215","","0","#HigherSelfie: Wake Up Your Life. Free Your Soul. Find Your Tribe.","66","Product Description","19","Product Information","19","NOARCHIVE,NOCACHE","","","","","","","","","20012","20012","20012","2.966","","423","97","4.361","82.409","Easy","12.221","2","2","","14","7","0","2.540","16","9","0","0","0","0","","","","","f4cc7006ee88bb046390878b02695312","0.036","Wed, 08 Feb 2023 21:02:32 GMT","","","","en-us","1.1","","","","","","https://books.toscrape.com/catalogue/higherselfie-wake-up-your-life-free-your-soul-find-your-tribe_957/index.html","2026-06-10 17:51:27"
"https://books.toscrape.com/media/cache/cb/bd/cbbdb0222ee8a0f6ab61657412a15794.jpg","image/jpeg","200","OK","Indexable","","","0","0","","0","0","","0","","0","","0","","0","","","","","","","","","","7083","7083","7083","1.050","","0","","","","","0.000","2","4","","0","0","0","0.000","0","0","0","0","0","0","","","","","","0.032","Wed, 08 Feb 2023 21:02:33 GMT","","","","","1.1","","","","","","https://books.toscrape.com/media/cache/cb/bd/cbbdb0222ee8a0f6ab61657412a15794.jpg","2026-06-10 17:51:27"
"https://books.toscrape.com/media/cache/97/f8/97f8debeeaaece9603267653076e760f.jpg","image/jpeg","200","OK","Indexable","","","0","0","","0","0","","0","","0","","0","","0","","","","","","","","","","7685","7685","7685","1.139","","0","","","","","0.000","2","4","","0","0","0","0.000","0","0","0","0","0","0","","","","","","0.105","Wed, 08 Feb 2023 21:02:33 GMT","","","","","1.1","","","","","","https://books.toscrape.com/media/cache/97/f8/97f8debeeaaece9603267653076e760f.jpg","2026-06-10 17:51:28"
"https://books.toscrape.com/media/cache/95/64/95647d6a526bf54120b9445e124794e1.jpg","image/jpeg","200","OK","Indexable","","","0","0","","0","0","","0","","0","","0","","0","","","","","","","","","","7525","7525","7525","1.115","","0","","","","","0.000","2","4","","0","0","0","0.000","0","0","0","0","0","0","","","","","","0.113","Wed, 08 Feb 2023 21:02:33 GMT","","","","","1.1","","","","","","https://books.toscrape.com/media/cache/95/64/95647d6a526bf54120b9445e124794e1.jpg","2026-06-10 17:51:28"
"https://books.toscrape.com/catalogue/worlds-elsewhere-journeys-around-shakespeares-globe_972/index.html","text/html","200","OK","Indexable","","Worlds Elsewhere: Journeys Around Shakespeare’s Globe | Books to Scrape - Sandbox","81","763","Anti-apartheid activist, Bollywood screenwriter, Nazi pin-up, hero of the Wild West: this is Shakespeare as you have never seen him before.From the sixteenth-century Baltic to the American Revolution, from colonial India to the skyscrapers of modern-day Shanghai, Shakespeare’s plays appear at the most fascinating of times and in the most unexpected of places. No other writ Anti-apartheid activist, Bollywood screenwriter, Nazi pin-up, hero of the Wild West: this is Shakespeare as you have never seen him before.From the sixteenth-century Baltic to the American Revolution, from colonial India to the skyscrapers of modern-day Shanghai, Shakespeare’s plays appear at the most fascinating of times and in the most unexpected of places. No other writer’s work has been performed, translated, adapted and altered in such a remarkable variety of cultures and languages. But what is it about William Shakespeare – a man from Warwickshire who never once set foot outside England – that has made him at home in so many places around the globe?Travelling across four continents, six countries and 400 years, Andrew Dickson takes us on a personal journey rich in insight and surprise. We enter the air-conditioned vault deep beneath Capitol Hill where the world’s largest collection of First Folios is stored; discover the shadowy history of Joseph Goebbels’s obsession with Shakespeare; and uncover the true story behind the scuffed edition in which Nelson Mandela and fellow Robben Island prisoners inscribed their names. Both cultural history and literary travelogue, Worlds Elsewhere is an attempt to understand how Shakespeare has become the international phenomenon he is – and why.""There were very few pages on which I didn’t learn something new or revelatory. A must-read for anyone interested in Shakespeare’s impact on people and politics around the globe"" (James Shapiro, author of 1599: A Year in the Life of William Shakespeare)""Immensely well-informed and highly readable. A revelatory journey of cultural exploration"" (Professor Stanley Wells, General Editor of the Oxford and Penguin Shakespeares)""Brilliantly original. Absolutely engaging, witty and irresistible. What’s most remarkable: he’s said something new about Shakespeare"" (Michael Pye, author of The Edge of the World)""A truly original book about Shakespeare: one that explores the dramatist's global reach with tenacity, devotion and an exhilarating spirit of adventure"" (Michael Billington) ...more","2470","15245","","0","Worlds Elsewhere: Journeys Around Shakespeare’s Globe","53","Product Description","19","Product Information","19","NOARCHIVE,NOCACHE","","","","","","","","","21781","21781","21781","3.228","","523","115","4.548","62.136","Normal","15.418","2","2","","16","8","0","2.900","16","9","0","0","0","0","","","","","5c63cd50e0fce5fd5c235734de073d6","0.099","Wed, 08 Feb 2023 21:02:32 GMT","","","","en-us","1.1","","","","","","https://books.toscrape.com/catalogue/worlds-elsewhere-journeys-around-shakespeares-globe_972/index.html","2026-06-10 17:51:28"
"https://books.toscrape.com/media/cache/14/f3/14f3d525e2a114cd71e27201a16af188.jpg","image/jpeg","200","OK","Indexable","","","0","0","","0","0","","0","","0","","0","","0","","","","","","","","","","8012","8012","8012","1.187","","0","","","","","0.000","2","4","","0","0","0","0.000","0","0","0","0","0","0","","","","","","0.109","Wed, 08 Feb 2023 21:02:32 GMT","","","","","1.1","","","","","","https://books.toscrape.com/media/cache/14/f3/14f3d525e2a114cd71e27201a16af188.jpg","2026-06-10 17:51:28"
"https://books.toscrape.com/catalogue/the-life-changing-magic-of-tidying-up-the-japanese-art-of-decluttering-and-organizing_936/index.html","text/html","200","OK","Indexable","","The Life-Changing Magic of Tidying Up: The Japanese Art of Decluttering and Organizing | Books to Scrape - Sandbox","114","1039","Despite constant efforts to declutter your home, do papers still accumulate like snowdrifts and clothes pile up like a tangled mess of noodles?Japanese cleaning consultant Marie Kondo takes tidying to a whole new level, promising that if you properly simplify and organize your home once, you'll never have to do it again. Most methods advocate a room-by-room or little-by-li Despite constant efforts to declutter your home, do papers still accumulate like snowdrifts and clothes pile up like a tangled mess of noodles?Japanese cleaning consultant Marie Kondo takes tidying to a whole new level, promising that if you properly simplify and organize your home once, you'll never have to do it again. Most methods advocate a room-by-room or little-by-little approach, which doom you to pick away at your piles of stuff forever. The KonMari Method, with its revolutionary category-by-category system, leads to lasting results. In fact, none of Kondo's clients have lapsed (and she still has a three-month waiting list).With detailed guidance for determining which items in your house ""spark joy"" (and which don't), this international best seller featuring Tokyo's newest lifestyle phenomenon will help you clear your clutter and enjoy the unique magic of a tidy home - and the calm, motivated mindset it can inspire. ...more","1321","8029","","0","The Life-Changing Magic of Tidying Up: The Japanese Art of Decluttering and Organizing","86","Product Description","19","Product Information","19","NOARCHIVE,NOCACHE","","","","","","","","","20140","20140","20140","2.985","","378","91","4.154","74.376","Fairly Easy","11.433","2","2","","14","7","0","2.540","16","9","0","0","0","0","","","","","76528e1d40be458e4a8190f601b2ba29","0.030","Wed, 08 Feb 2023 21:02:32 GMT","","","","en-us","1.1","","","","","","https://books.toscrape.com/catalogue/the-life-changing-magic-of-tidying-up-the-japanese-art-of-decluttering-and-organizing_936/index.html","2026-06-10 17:51:28"
"https://books.toscrape.com/media/cache/64/94/6494bf61176ca73b61255909230030be.jpg","image/jpeg","200","OK","Indexable","","","0","0","","0","0","","0","","0","","0","","0","","","","","","","","","","9010","9010","9010","1.335","","0","","","","","0.000","2","4","","0","0","0","0.000","0","0","0","0","0","0","","","","","","0.033","Wed, 08 Feb 2023 21:02:32 GMT","","","","","1.1","","","","","","https://books.toscrape.com/media/cache/64/94/6494bf61176ca73b61255909230030be.jpg","2026-06-10 17:51:28"
"https://books.toscrape.com/catalogue/the-gutsy-girl-escapades-for-your-life-of-epic-adventure_934/index.html","text/html","200","OK","Indexable","","The Gutsy Girl: Escapades for Your Life of Epic Adventure | Books to Scrape - Sandbox","85","761","Why should girls miss out on the joy of adventure? They can jump off rocks, swing on ropes, and climb trees just as well as boys can. But girls often allow fear to stand in their way.In The Gutsy Girl, author Caroline Paul emboldens girls to seek out a life of exhilaration. Once a young scaredy-cat herself, Caroline decided that fear got in the way of the life she wanted-- Why should girls miss out on the joy of adventure? They can jump off rocks, swing on ropes, and climb trees just as well as boys can. But girls often allow fear to stand in their way.In The Gutsy Girl, author Caroline Paul emboldens girls to seek out a life of exhilaration. Once a young scaredy-cat herself, Caroline decided that fear got in the way of the life she wanted--of excitement, confidence, self-reliance, friendship, and fun. She has since flown planes, rafted big rivers, climbed tall mountains, and fought fires as one of the first female firefighters in San Francisco. In The Gutsy Girl, she shares her greatest escapades as well as those of other girls and women from throughout history, and offers engaging activities such as confidence-building stances, creating a compass, positive self-talk, and using crickets to estimate outside temperatures. Each section includes a place for girls to “journal” their adventures, thus encouraging a new generation to develop a zest for challenges and a healthy relationship to risk. The Gutsy Girl is Lean In for young girls, a book about the glorious things that happen when you unshackle from fear and open up to exhilaration. Fully illustrated and enlivened throughout by bestselling illustrator Wendy MacNaughton's whimsical pen-and-ink drawings. ...more","1690","10167","","0","The Gutsy Girl: Escapades for Your Life of Epic Adventure","57","Product Description","19","Product Information","19","NOARCHIVE,NOCACHE","","","","","","","","","20808","20808","20808","3.084","","445","99","4.495","82.122","Easy","12.530","2","2","","14","7","0","2.540","16","9","0","0","0","0","","","","","b8684dda8d52d24933e20321f02dadc2","0.117","Wed, 08 Feb 2023 21:02:32 GMT","","","","en-us","1.1","","","","","","https://books.toscrape.com/catalogue/the-gutsy-girl-escapades-for-your-life-of-epic-adventure_934/index.html","2026-06-10 17:51:28"
"https://books.toscrape.com/catalogue/algorithms-to-live-by-the-computer-science-of-human-decisions_880/index.html","text/html","200","OK","Indexable","","Algorithms to Live By: The Computer Science of Human Decisions | Books to Scrape - Sandbox","90","838","A fascinating exploration of how insights from computer algorithms can be applied to our everyday lives, helping to solve common decision-making problems and illuminate the workings of the human mindAll our lives are constrained by limited space and time, limits that give rise to a particular set of problems. What should we do, or leave undone, in a day or a lifetime? How A fascinating exploration of how insights from computer algorithms can be applied to our everyday lives, helping to solve common decision-making problems and illuminate the workings of the human mindAll our lives are constrained by limited space and time, limits that give rise to a particular set of problems. What should we do, or leave undone, in a day or a lifetime? How much messiness should we accept? What balance of new activities and familiar favorites is the most fulfilling? These may seem like uniquely human quandaries, but they are not: computers, too, face the same constraints, so computer scientists have been grappling with their version of such issues for decades. And the solutions they've found have much to teach us.In a dazzlingly interdisciplinary work, acclaimed author Brian Christian and cognitive scientist Tom Griffiths show how the algorithms used by computers can also untangle very human questions. They explain how to have better hunches and when to leave things to chance, how to deal with overwhelming choices and how best to connect with others. From finding a spouse to finding a parking spot, from organizing one's inbox to understanding the workings of memory, Algorithms to Live By transforms the wisdom of computer science into strategies for human living. ...more","1680","10389","","0","Algorithms to Live By: The Computer Science of Human Decisions","62","Product Description","19","Product Information","19","NOARCHIVE,NOCACHE","","","","","","","","","20682","20682","20682","3.065","","438","98","4.469","77.523","Fairly Easy","12.693","2","2","","12","6","0","2.170","16","9","0","0","0","0","","","","","83653ff2a8b472bc4d5002dc3dfd6549","0.110","Wed, 08 Feb 2023 21:02:32 GMT","","","","en-us","1.1","","","","","","https://books.toscrape.com/catalogue/algorithms-to-live-by-the-computer-science-of-human-decisions_880/index.html","2026-06-10 17:51:28"
"https://books.toscrape.com/media/cache/fe/ea/feeafd2ad7b3077f8e74cbb1da9e3c7d.jpg","image/jpeg","200","OK","Indexable","","","0","0","","0","0","","0","","0","","0","","0","","","","","","","","","","7788","7788","7788","1.154","","0","","","","","0.000","2","4","","0","0","0","0.000","0","0","0","0","0","0","","","","","","0.041","Wed, 08 Feb 2023 21:02:33 GMT","","","","","1.1","","","","","","https://books.toscrape.com/media/cache/fe/ea/feeafd2ad7b3077f8e74cbb1da9e3c7d.jpg","2026-06-10 17:51:28"
"https://books.toscrape.com/catalogue/category/books/nonfiction_13/page-2.html","text/html","200","OK","Indexable","","Nonfiction | 
     Books to Scrape - Sandbox","44","344","","0","0","","0","Nonfiction","10","","0","","0","NOARCHIVE,NOCACHE","","","","","","","","","52464","52464","52464","7.775","","404","197","2.051","100.000","Very Easy","3.623","2","4","","1","1","0","0.360","96","74","0","0","0","0","","","","","a40d75e00255370af18f0b212d39c8d","0.035","Wed, 08 Feb 2023 21:02:32 GMT","","","","en-us","1.1","","","","","","https://books.toscrape.com/catalogue/category/books/nonfiction_13/page-2.html","2026-06-10 17:51:28"
"https://books.toscrape.com/catalogue/the-omnivores-dilemma-a-natural-history-of-four-meals_854/index.html","text/html","200","OK","Indexable","","The Omnivore's Dilemma: A Natural History of Four Meals | Books to Scrape - Sandbox","83","766","What should we have for dinner?"" To one degree or another this simple question assails any creature faced with a wide choice of things to eat. Anthropologists call it the omnivore's dilemma. Choosing from among the countless potential foods nature offers, humans have had to learn what is safe, and what isn't—which mushrooms should be avoided, for example, and which berries What should we have for dinner?"" To one degree or another this simple question assails any creature faced with a wide choice of things to eat. Anthropologists call it the omnivore's dilemma. Choosing from among the countless potential foods nature offers, humans have had to learn what is safe, and what isn't—which mushrooms should be avoided, for example, and which berries we can enjoy. Today, as America confronts what can only be described as a national eating disorder, the omnivore's dilemma has returned with an atavistic vengeance. The cornucopia of the modern American supermarket and fast-food outlet has thrown us back on a bewildering landscape where we once again have to worry about which of those tasty-looking morsels might kill us. At the same time we're realizing that our food choices also have profound implications for the health of our environment. The Omnivore's Dilemma is bestselling author Michael Pollan's brilliant and eye-opening exploration of these little-known but vitally important dimensions of eating in America. Pollan has divided The Omnivore's Dilemma into three parts, one for each of the food chains that sustain us: industrialized food, alternative or ""organic"" food, and food people obtain by dint of their own hunting, gathering, or gardening. Pollan follows each food chain literally from the ground up to the table, emphasizing our dynamic coevolutionary relationship with the species we depend on. He concludes each section by sitting down to a meal—at McDonald's, at home with his family sharing a dinner from Whole Foods, and in a revolutionary ""beyond organic"" farm in Virginia. For each meal he traces the provenance of everything consumed, revealing the hidden components we unwittingly ingest and explaining how our taste for particular foods reflects our environmental and biological inheritance. We are indeed what we eat-and what we eat remakes the world. A society of voracious and increasingly confused omnivores, we are just beginning to recognize the profound consequences of the simplest everyday food choices, both for ourselves and for the natural world. The Omnivore's Dilemma is a long-overdue book and one that will become known for bringing a completely fresh perspective to a question as ordinary and yet momentous as What shall we have for dinner?A few facts and figures from The Omnivore's Dilemma:Of the 38 ingredients it takes to make a McNugget, there are at least 13 that are derived from corn. 45 different menu items at Mcdonald’s are made from corn. One in every three American children eats fast food every day. One in every five American meals today is eaten in the car. The food industry burns nearly a fifth of all the petroleum consumed in the United States—more than we burn with our cars and more than any other industry consumes. It takes ten calories of fossil fuel energy to deliver one calorie of food energy to an American plate. A single strawberry contains about five calories. To get that strawberry from a field in California to a plate on the east coast requires 435 calories of energy. Industrial fertilizer and industrial pesticides both owe their existence to the conversion of the World War II munitions industry to civilian uses—nerve gases became pesticides, and ammonium nitrate explosives became nitrogen fertilizers. ... ...more","3707","22884","","0","The Omnivore's Dilemma: A Natural History of Four Meals","55","Product Description","19","Product Information","19","NOARCHIVE,NOCACHE","","","","","","","","","24684","24684","24684","3.658","","760","141","5.390","69.121","Normal","18.751","2","2","","8","4","0","1.450","16","9","0","0","0","0","","","","","55f977a37ad65b83c7339f72ad46beb0","0.031","Wed, 08 Feb 2023 21:02:32 GMT","","","","en-us","1.1","","","","","","https://books.toscrape.com/catalogue/the-omnivores-dilemma-a-natural-history-of-four-meals_854/index.html","2026-06-10 17:51:28"
"https://books.toscrape.com/media/cache/0e/6d/0e6dc2484322c5b9e7854ced66fdf62d.jpg","image/jpeg","200","OK","Indexable","","","0","0","","0","0","","0","","0","","0","","0","","","","","","","","","","10140","10140","10140","1.503","","0","","","","","0.000","2","4","","0","0","0","0.000","0","0","0","0","0","0","","","","","","0.029","Wed, 08 Feb 2023 21:02:32 GMT","","","","","1.1","","","","","","https://books.toscrape.com/media/cache/0e/6d/0e6dc2484322c5b9e7854ced66fdf62d.jpg","2026-06-10 17:51:28"
"https://books.toscrape.com/catalogue/throwing-rocks-at-the-google-bus-how-growth-became-the-enemy-of-prosperity_948/index.html","text/html","200","OK","Indexable","","Throwing Rocks at the Google Bus: How Growth Became the Enemy of Prosperity | Books to Scrape - Sandbox","103","972","Capital in the Twenty-First Century meets The Second Machine Age in this stunning and optimistic tour de force on the promise and peril of the digital economy, from one of the most brilliant social critics of our time. Digital technology was supposed to usher in a new age of endless prosperity, but so far it has been used to put industrial capitalism on steroids, makin Capital in the Twenty-First Century meets The Second Machine Age in this stunning and optimistic tour de force on the promise and peril of the digital economy, from one of the most brilliant social critics of our time. Digital technology was supposed to usher in a new age of endless prosperity, but so far it has been used to put industrial capitalism on steroids, making it harder for people and businesses to keep up. Social networks surrender their original missions to more immediately profitable data mining, while brokerage houses abandon value investing for algorithms that drain markets and our 401ks alike--all tactics driven by the need to stoke growth by any means necessary. Instead of taking this opportunity to reprogram our economy for sustainability, we have doubled down on growth as its core command. We have reached the limits of this approach. We must escape the growth trap, once and for all. Media scholar and technology author Douglas Rushkoff--one of today's most original and influential thinkers--argues for a new economic program that utilizes the unique distributive power of the internet while breaking free of the winner-take-all system the growth trap leaves in its wake. Drawing on sources both contemporary and historical, Rushkoff pioneers a new understanding of the old economic paradigm, from central currency to debt to corporations and labor.Most importantly, he offers a series of practical steps for businesses, consumers, investors, and policymakers to remake the economic operating system from the inside out--and prosper along the way. Instead of boycotting Wal-Mart or overtaxing the wealthy, we simply implement strategies that foster the creation of value by stakeholders other than just ourselves. From our currency to our labor to the corporation, every aspect of the economy can be reprogrammed with minimal disruption to create a more equitably distributed prosperity for all.Inspiring and challenging, Throwing Rocks at the Google Bus provides a pragmatic, optimistic, and human-centered model for economic progress in the digital age. ...more","2467","15158","","0","Throwing Rocks at the Google Bus: How Growth Became the Enemy of Prosperity","75","Product Description","19","Product Information","19","NOARCHIVE,NOCACHE","","","","","","","","","22294","22294","22294","3.304","","560","112","5.000","67.458","Normal","15.396","2","2","","14","7","0","2.540","16","9","0","0","0","0","","","","","c4c8cbe056437e44627f5b0dc0062960","0.109","Wed, 08 Feb 2023 21:02:32 GMT","","","","en-us","1.1","","","","","","https://books.toscrape.com/catalogue/throwing-rocks-at-the-google-bus-how-growth-became-the-enemy-of-prosperity_948/index.html","2026-06-10 17:51:28"
"https://books.toscrape.com/media/cache/64/15/641570cd7e7aded53c7d33d78a9629f1.jpg","image/jpeg","200","OK","Indexable","","","0","0","","0","0","","0","","0","","0","","0","","","","","","","","","","12289","12289","12289","1.821","","0","","","","","0.000","2","4","","0","0","0","0.000","0","0","0","0","0","0","","","","","","0.030","Wed, 08 Feb 2023 21:02:32 GMT","","","","","1.1","","","","","","https://books.toscrape.com/media/cache/64/15/641570cd7e7aded53c7d33d78a9629f1.jpg","2026-06-10 17:51:28"
"https://books.toscrape.com/catalogue/the-genius-of-birds_843/index.html","text/html","200","OK","Indexable","","The Genius of Birds | Books to Scrape - Sandbox","47","426","Birds are astonishingly intelligent creatures. In fact, according to revolutionary new research, some birds rival primates and even humans in their remarkable forms of intelligence. Like humans, many birds have enormous brains relative to their size. Although small, bird brains are packed with neurons that allow them to punch well above their weight. InThe Genius of Birds, Birds are astonishingly intelligent creatures. In fact, according to revolutionary new research, some birds rival primates and even humans in their remarkable forms of intelligence.  Like humans, many birds have enormous brains relative to their size. Although small, bird brains are packed with neurons that allow them to punch well above their weight. In The Genius of Birds, acclaimed author Jennifer Ackerman explores the newly discovered brilliance of birds and how it came about. As she travels around the world to the most cutting-edge frontiers of research— the distant laboratories of Barbados and New Caledonia, the great tit communities of the United Kingdom and the bowerbird habitats of Australia, the ravaged mid-Atlantic coast after Hurricane Sandy and the warming mountains of central Virginia and the western states—Ackerman not only tells the story of the recently uncovered genius of birds but also delves deeply into the latest findings about the bird brain itself that are revolutionizing our view of what it means to be intelligent.Consider, as Ackerman does, the Clark’s nutcracker, a bird that can hide as many as 30,000 seeds over dozens of square miles and remember where it put them several months later; the mockingbirds and thrashers, species that can store 200 to 2,000 different songs in a brain a thousand times smaller than ours; the well-known pigeon, which knows where it’s going, even thousands of miles from familiar territory; and the New Caledonian crow, an impressive bird that makes its own tools. But beyond highlighting how birds use their unique genius in technical ways, Ackerman points out the impressive social smarts of birds. They deceive and manipulate. They eavesdrop. They display a strong sense of fairness. They give gifts. They play keep-away and tug-of-war. They tease. They share. They cultivate social networks. They vie for status. They kiss to console one another. They teach their young. They blackmail their parents. They alert one another to danger. They summon witnesses to the death of a peer. They may even grieve. This elegant scientific investigation and travelogue weaves personal anecdotes with fascinating science. Ackerman delivers an extraordinary story that will both give readers a new appreciation for the exceptional talents of birds and let them discover what birds can reveal about our changing world. Incredibly informative and beautifully written, The Genius of Birds richly celebrates the triumphs of these surprising and fiercely intelligent creatures. ...more","2919","17865","","0","The Genius of Birds","19","Product Description","19","Product Information","19","NOARCHIVE,NOCACHE","","","","","","","","","22766","22766","22766","3.374","","606","129","4.698","72.794","Fairly Easy","16.519","2","2","","6","3","0","1.090","16","9","0","0","0","0","","","","","befb3b4544aab97fec6c7b9ffb411ee3","0.113","Wed, 08 Feb 2023 21:02:32 GMT","","","","en-us","1.1","","","","","","https://books.toscrape.com/catalogue/the-genius-of-birds_843/index.html","2026-06-10 17:51:28"
"https://books.toscrape.com/media/cache/13/57/1357c6aa40c9e63d2f931927fbf81f3f.jpg","image/jpeg","200","OK","Indexable","","","0","0","","0","0","","0","","0","","0","","0","","","","","","","","","","6621","6621","6621","0.981","","0","","","","","0.000","2","4","","0","0","0","0.000","0","0","0","0","0","0","","","","","","0.030","Wed, 08 Feb 2023 21:02:32 GMT","","","","","1.1","","","","","","https://books.toscrape.com/media/cache/13/57/1357c6aa40c9e63d2f931927fbf81f3f.jpg","2026-06-10 17:51:28"
"https://books.toscrape.com/media/cache/2e/23/2e236e23ad52aa74505f224f6552eda8.jpg","image/jpeg","200","OK","Indexable","","","0","0","","0","0","","0","","0","","0","","0","","","","","","","","","","12952","12952","12952","1.919","","0","","","","","0.000","2","4","","0","0","0","0.000","0","0","0","0","0","0","","","","","","0.030","Wed, 08 Feb 2023 21:02:32 GMT","","","","","1.1","","","","","","https://books.toscrape.com/media/cache/2e/23/2e236e23ad52aa74505f224f6552eda8.jpg","2026-06-10 17:51:29"
"https://books.toscrape.com/media/cache/f3/4f/f34ffb24cc21c9f9f52dad4fd8f3ac21.jpg","image/jpeg","200","OK","Indexable","","","0","0","","0","0","","0","","0","","0","","0","","","","","","","","","","6382","6382","6382","0.946","","0","","","","","0.000","2","4","","0","0","0","0.000","0","0","0","0","0","0","","","","","","0.116","Wed, 08 Feb 2023 21:02:33 GMT","","","","","1.1","","","","","","https://books.toscrape.com/media/cache/f3/4f/f34ffb24cc21c9f9f52dad4fd8f3ac21.jpg","2026-06-10 17:51:28"
"https://books.toscrape.com/catalogue/call-the-nurse-true-stories-of-a-country-nurse-on-a-scottish-isle_885/index.html","text/html","200","OK","Indexable","","Call the Nurse: True Stories of a Country Nurse on a Scottish Isle | Books to Scrape - Sandbox","94","825","Tired of the pace and noise of life near London and longing for a better place to raise their young children, Mary J. MacLeod and her husband encountered their dream while vacationing on a remote island in the Scottish Hebrides. Enthralled by its windswept beauty, they soon were the proud owners of a near-derelict croft house--a farmer's stone cottage--on ""a small acre"" of Tired of the pace and noise of life near London and longing for a better place to raise their young children, Mary J. MacLeod and her husband encountered their dream while vacationing on a remote island in the Scottish Hebrides. Enthralled by its windswept beauty, they soon were the proud owners of a near-derelict croft house--a farmer's stone cottage--on ""a small acre"" of land. Mary assumed duties as the island's district nurse. Call the Nurse is her account of the enchanted years she and her family spent there, coming to know its folk as both patients and friends.In anecdotes that are by turns funny, sad, moving, and tragic, she recalls them all, the crofters and their laird, the boatmen and tradesmen, young lovers and forbidding churchmen. Against the old-fashioned island culture and the grandeur of mountain and sea unfold indelible stories: a young woman carried through snow for airlift to the hospital; a rescue by boat; the marriage of a gentle giant and the island beauty; a ghostly encounter; the shocking discovery of a woman in chains; the flames of a heather fire at night; an unexploded bomb from World War II; and the joyful, tipsy celebration of a ceilidh. Gaelic fortitude meets a nurse's compassion in these wonderful true stories from rural Scotland. ...more","1664","10134","","0","Call the Nurse: True Stories of a Country Nurse on a Scottish Isle","66","Product Description","19","Product Information","19","NOARCHIVE,NOCACHE","","","","","","","","","20671","20671","20671","3.063","","450","98","4.592","87.118","Easy","12.686","2","2","","14","7","0","2.540","16","9","0","0","0","0","","","","","9f581df4f462da3f356a61bdfe4b5d91","0.103","Wed, 08 Feb 2023 21:02:32 GMT","","","","en-us","1.1","","","","","","https://books.toscrape.com/catalogue/call-the-nurse-true-stories-of-a-country-nurse-on-a-scottish-isle_885/index.html","2026-06-10 17:51:28"
"https://books.toscrape.com/catalogue/so-youve-been-publicly-shamed_832/index.html","text/html","200","OK","Indexable","","So You've Been Publicly Shamed | Books to Scrape - Sandbox","58","541","For the past three years, Jon Ronson has traveled the world meeting recipients of high-profile public shamings. The shamed are people like us, people who, say, made a joke on social media that came out badly or made a mistake at work. Once the transgression is revealed, collective outrage circles with the force of a hurricane and the next thing they know, they're being tor For the past three years, Jon Ronson has traveled the world meeting recipients of high-profile public shamings. The shamed are people like us, people who, say, made a joke on social media that came out badly or made a mistake at work. Once the transgression is revealed, collective outrage circles with the force of a hurricane and the next thing they know, they're being torn apart by an angry mob, jeered at, demonized, sometimes even fired from their job.A great renaissance of public shaming is sweeping our land. Justice has been democratized. The silent majority are getting a voice, but what are we doing with our voice? We are mercilessly finding people's faults. We are defining the boundaries of normality by ruining the lives of those outside it. We are using shame as a form of social control.Simultaneously powerful and hilarious in the way only Jon Ronson can be, So You've Been Publicly Shamed is a deeply honest book about modern life, full of eye-opening truths about the escalating war on human flaws and the very scary part we all play in it. ...more","1445","8811","","0","So You've Been Publicly Shamed","30","Product Description","19","Product Information","19","NOARCHIVE,NOCACHE","","","","","","","","","19707","19707","19707","2.921","","404","92","4.391","90.346","Very Easy","11.601","2","2","","2","1","0","0.360","16","9","0","0","0","0","","","","","23e22b8d4011abf4e75ef8e30539dc29","0.110","Wed, 08 Feb 2023 21:02:32 GMT","","","","en-us","1.1","","","","","","https://books.toscrape.com/catalogue/so-youve-been-publicly-shamed_832/index.html","2026-06-10 17:51:28"
"https://books.toscrape.com/media/cache/9c/46/9c463c7631c82401160fd3b554b8f0e1.jpg","image/jpeg","200","OK","Indexable","","","0","0","","0","0","","0","","0","","0","","0","","","","","","","","","","9391","9391","9391","1.392","","0","","","","","0.000","2","4","","0","0","0","0.000","0","0","0","0","0","0","","","","","","0.132","Wed, 08 Feb 2023 21:02:33 GMT","","","","","1.1","","","","","","https://books.toscrape.com/media/cache/9c/46/9c463c7631c82401160fd3b554b8f0e1.jpg","2026-06-10 17:51:29"
"https://books.toscrape.com/catalogue/the-electric-pencil-drawings-from-inside-state-hospital-no-3_933/index.html","text/html","200","OK","Indexable","","The Electric Pencil: Drawings from Inside State Hospital No. 3 | Books to Scrape - Sandbox","90","799","Deeds's subtle, meticulous, and wildly imaginative pencil and crayon drawings portray an unusual cast of characters: nineteenth-century dandies, Civil War soldiers, antique cars, fantastic boats and trains, country landscapes dotted with roaming animals, and fanciful architecture. None of these existed in the actual mid-twentieth-century landscape of Deeds's own life, but Deeds's subtle, meticulous, and wildly imaginative pencil and crayon drawings portray an unusual cast of characters: nineteenth-century dandies, Civil War soldiers, antique cars, fantastic boats and trains, country landscapes dotted with roaming animals, and fanciful architecture. None of these existed in the actual mid-twentieth-century landscape of Deeds's own life, but rather were representations of his inner world—an artist's poignant tribute to a faded past.Deeds lovingly bound his artwork in a cardboard and leather portfolio, a present for his mother. After being accidentally discarded in 1970, the album was rescued from the trash by a young boy and, thirty-six years later, came into the hands of artist and collector Harris Diamant, who provides the book's foreword. The Electric Pencil features all 283 of Deeds's arresting drawings—now avidly collected—done on ledger sheets from State Hospital No. 3 in Nevada, Missouri, and reproduced in the sequence of the original album. The Electric Pencil introduces readers to an astonishing record of one man's unwavering artistic vision in the face of the most inhospitable conditions. ...more","1529","9328","","0","The Electric Pencil: Drawings from Inside State Hospital No. 3","62","Product Description","19","Product Information","19","NOARCHIVE,NOCACHE","","","","","","","","","20481","20481","20481","3.035","","386","96","4.021","71.251","Fairly Easy","12.000","2","2","","14","7","0","2.540","16","9","0","0","0","0","","","","","9e4088c7fa161b34524ada09e8cae239","0.066","Wed, 08 Feb 2023 21:02:32 GMT","","","","en-us","1.1","","","","","","https://books.toscrape.com/catalogue/the-electric-pencil-drawings-from-inside-state-hospital-no-3_933/index.html","2026-06-10 17:51:29"
"https://books.toscrape.com/media/cache/41/a2/41a20f35adf0caea24f208dc01ad7681.jpg","image/jpeg","200","OK","Indexable","","","0","0","","0","0","","0","","0","","0","","0","","","","","","","","","","11094","11094","11094","1.644","","0","","","","","0.000","2","4","","0","0","0","0.000","0","0","0","0","0","0","","","","","","0.118","Wed, 08 Feb 2023 21:02:32 GMT","","","","","1.1","","","","","","https://books.toscrape.com/media/cache/41/a2/41a20f35adf0caea24f208dc01ad7681.jpg","2026-06-10 17:51:29"
"https://books.toscrape.com/media/cache/23/b4/23b42e094c02d52b14b11a960d49610e.jpg","image/jpeg","200","OK","Indexable","","","0","0","","0","0","","0","","0","","0","","0","","","","","","","","","","7272","7272","7272","1.078","","0","","","","","0.000","2","4","","0","0","0","0.000","0","0","0","0","0","0","","","","","","0.033","Wed, 08 Feb 2023 21:02:32 GMT","","","","","1.1","","","","","","https://books.toscrape.com/media/cache/23/b4/23b42e094c02d52b14b11a960d49610e.jpg","2026-06-10 17:51:29"
"https://books.toscrape.com/media/cache/03/86/038650c9e7517b4baf2a423cd8eed38f.jpg","image/jpeg","200","OK","Indexable","","","0","0","","0","0","","0","","0","","0","","0","","","","","","","","","","8627","8627","8627","1.279","","0","","","","","0.000","2","4","","0","0","0","0.000","0","0","0","0","0","0","","","","","","0.110","Wed, 08 Feb 2023 21:02:32 GMT","","","","","1.1","","","","","","https://books.toscrape.com/media/cache/03/86/038650c9e7517b4baf2a423cd8eed38f.jpg","2026-06-10 17:51:29"
"https://books.toscrape.com/media/cache/38/c5/38c56fba316c07305643a8065269594e.jpg","image/jpeg","200","OK","Indexable","","","0","0","","0","0","","0","","0","","0","","0","","","","","","","","","","9165","9165","9165","1.358","","0","","","","","0.000","2","4","","0","0","0","0.000","0","0","0","0","0","0","","","","","","0.111","Wed, 08 Feb 2023 21:02:32 GMT","","","","","1.1","","","","","","https://books.toscrape.com/media/cache/38/c5/38c56fba316c07305643a8065269594e.jpg","2026-06-10 17:51:29"
"https://books.toscrape.com/media/cache/03/38/0338682e76bad3216cd4c6c28b2b625a.jpg","image/jpeg","200","OK","Indexable","","","0","0","","0","0","","0","","0","","0","","0","","","","","","","","","","8417","8417","8417","1.247","","0","","","","","0.000","2","4","","0","0","0","0.000","0","0","0","0","0","0","","","","","","0.103","Wed, 08 Feb 2023 21:02:32 GMT","","","","","1.1","","","","","","https://books.toscrape.com/media/cache/03/38/0338682e76bad3216cd4c6c28b2b625a.jpg","2026-06-10 17:51:29"
"https://books.toscrape.com/media/cache/6e/d4/6ed4991d97f60db29ec7b421e61a2cf3.jpg","image/jpeg","200","OK","Indexable","","","0","0","","0","0","","0","","0","","0","","0","","","","","","","","","","9512","9512","9512","1.410","","0","","","","","0.000","2","4","","0","0","0","0.000","0","0","0","0","0","0","","","","","","0.109","Wed, 08 Feb 2023 21:02:33 GMT","","","","","1.1","","","","","","https://books.toscrape.com/media/cache/6e/d4/6ed4991d97f60db29ec7b421e61a2cf3.jpg","2026-06-10 17:51:29"
"https://books.toscrape.com/catalogue/in-the-country-we-love-my-family-divided_901/index.html","text/html","200","OK","Indexable","","In the Country We Love: My Family Divided | Books to Scrape - Sandbox","69","629","The star of Orange is the New Black and Jane the Virgin presents her personal story of the real plight of undocumented immigrants in this countryDiane Guerrero, the television actress from the megahit Orange is the New Black and Jane the Virgin, was just fourteen years old on the day her parents and brother were arrested and deported while she was at school. Born in the U. The star of Orange is the New Black and Jane the Virgin presents her personal story of the real plight of undocumented immigrants in this countryDiane Guerrero, the television actress from the megahit Orange is the New Black and Jane the Virgin, was just fourteen years old on the day her parents and brother were arrested and deported while she was at school. Born in the U.S., Guerrero was able to remain in the country and continue her education, depending on the kindness of family friends who took her in and helped her build a life and a successful acting career for herself, without the support system of her family.In the Country We Love is a moving, heartbreaking story of one woman's extraordinary resilience in the face of the nightmarish struggles of undocumented residents in this country. There are over 11 million undocumented immigrants living in the US, many of whom have citizen children, whose lives here are just as precarious, and whose stories haven't been told. Written with Michelle Burford, this memoir is a tale of personal triumph that also casts a much-needed light on the fears that haunt the daily existence of families like the author's and on a system that fails them over and over. ...more","1598","9781","","0","In the Country We Love: My Family Divided","41","Product Description","19","Product Information","19","NOARCHIVE,NOCACHE","","","","","","","","","20534","20534","20534","3.043","","438","95","4.611","89.355","Easy","12.176","2","2","","14","7","0","2.540","16","9","0","0","0","0","","","","","bbf94b83ac76fc2675ecefee3f2fb889","0.107","Wed, 08 Feb 2023 21:02:32 GMT","","","","en-us","1.1","","","","","","https://books.toscrape.com/catalogue/in-the-country-we-love-my-family-divided_901/index.html","2026-06-10 17:51:29"
"https://books.toscrape.com/catalogue/unseen-city-the-majesty-of-pigeons-the-discreet-charm-of-snails-other-wonders-of-the-urban-wilderness_952/index.html","text/html","200","OK","Indexable","","Unseen City: The Majesty of Pigeons, the Discreet Charm of Snails & Other Wonders of the Urban Wilderness | Books to Scrape - Sandbox","133","1216","It all started with Nathanael Johnson’s decision to teach his daughter the name of every tree they passed on their walk to day care in San Francisco. This project turned into a quest to discover the secrets of the neighborhood’s flora and fauna, and yielded more than names and trivia: Johnson developed a relationship with his nonhuman neighbors.Johnson argues that learning It all started with Nathanael Johnson’s decision to teach his daughter the name of every tree they passed on their walk to day care in San Francisco. This project turned into a quest to discover the secrets of the neighborhood’s flora and fauna, and yielded more than names and trivia: Johnson developed a relationship with his nonhuman neighbors.Johnson argues that learning to see the world afresh, like a child, shifts the way we think about nature: Instead of something distant and abstract, nature becomes real—all at once comical, annoying, and beautiful. This shift can add tremendous value to our lives, and it might just be the first step in saving the world.No matter where we live—city, country, oceanside, ormountains—there are wonders that we walk past every day. Unseen City widens the pinhole of our perspective by allowing us to view the world from the high-altitude eyes of a turkey vulture and the distinctly low-altitude eyes of a snail. The narrative allows us to eavesdrop on the comically frenetic life of a squirrel and peer deep into the past with a ginkgo biloba tree. Each of these organisms has something unique to tell us about our neighborhoods and, chapter by chapter, Unseen City takes us on a journey that is part nature lesson and part love letter to the world’s urban jungles. With the right perspective, a walk to the subway can be every bit as entrancing as a walk through a national park. ...more","1809","11043","","0","Unseen City: The Majesty of Pigeons, the Discreet Charm of Snails & Other Wonders of the Urban Wilderness","105","Product Description","19","Product Information","19","NOARCHIVE,NOCACHE","","","","","","","","","20829","20829","20829","3.087","","484","104","4.654","84.126","Easy","13.574","2","2","","14","7","0","2.540","16","9","0","0","0","0","","","","","ae1695810a381e5f1ec1bfac197749ae","0.105","Wed, 08 Feb 2023 21:02:32 GMT","","","","en-us","1.1","","","","","","https://books.toscrape.com/catalogue/unseen-city-the-majesty-of-pigeons-the-discreet-charm-of-snails-other-wonders-of-the-urban-wilderness_952/index.html","2026-06-10 17:51:29"
"https://books.toscrape.com/catalogue/the-five-love-languages-how-to-express-heartfelt-commitment-to-your-mate_969/index.html","text/html","200","OK","Indexable","","The Five Love Languages: How to Express Heartfelt Commitment to Your Mate | Books to Scrape - Sandbox","101","956","Are you and your spouse speaking the same language? While love is a many splendored thing, it is sometimes a very confusing thing, too. And as people come in all varieties, shapes, and sizes, so do their choices of personal expressions of love. But more often than not, the giver and the receiver express love in two different ways. This can lead to misunderstanding, quarrel Are you and your spouse speaking the same language? While love is a many splendored thing, it is sometimes a very confusing thing, too. And as people come in all varieties, shapes, and sizes, so do their choices of personal expressions of love. But more often than not, the giver and the receiver express love in two different ways. This can lead to misunderstanding, quarrels, and even divorce.Quality time, words of affirmation, gifts, acts of service, and physical touch are the five basic love languages. Dr. Gary Chapman identifies these and guides couples towards a better understanding of their unique languages of love. Learn to speak and understand your mate's love language, and in no time you will be able to effectively love and truly feel loved in return. Skillful communication is within your grasp! ...more","1197","7257","","0","The Five Love Languages: How to Express Heartfelt Commitment to Your Mate","73","Product Description","19","Product Information","19","NOARCHIVE,NOCACHE","","","","","","","","","19289","19289","19289","2.859","","368","94","3.915","84.008","Easy","11.061","2","2","","16","8","0","2.900","16","9","0","0","0","0","","","","","3a58994bc97a1aba144cd608a5174b7d","0.108","Wed, 08 Feb 2023 21:02:32 GMT","","","","en-us","1.1","","","","","","https://books.toscrape.com/catalogue/the-five-love-languages-how-to-express-heartfelt-commitment-to-your-mate_969/index.html","2026-06-10 17:51:29"
"https://books.toscrape.com/catalogue/reasons-to-stay-alive_959/index.html","text/html","200","OK","Indexable","","Reasons to Stay Alive | Books to Scrape - Sandbox","49","444","I want life. I want to read it and write it and feel it and live it. I want, for as much of the time as possible in this blink-of-an-eye existence we have, to feel all that can be felt. I hate depression. I am scared of it. Terrified, in fact. But at the same time, it has made me who I am. And if - for me - it is the price of feeling life, it's a price always worth paying. I want life. I want to read it and write it and feel it and live it. I want, for as much of the time as possible in this blink-of-an-eye existence we have, to feel all that can be felt. I hate depression. I am scared of it. Terrified, in fact. But at the same time, it has made me who I am. And if - for me - it is the price of feeling life, it's a price always worth paying.Reasons to Stay Alive is about making the most of your time on earth. In the western world the suicide rate is highest amongst men under the age of 35. Matt Haig could have added to that statistic when, aged 24, he found himself staring at a cliff-edge about to jump off. This is the story of why he didn't, how he recovered and learned to live with anxiety and depression. It's also an upbeat, joyous and very funny exploration of how live better, love better, read better and feel more. ...more","1247","7223","","0","Reasons to Stay Alive","21","Product Description","19","Product Information","19","NOARCHIVE,NOCACHE","","","","","","","","","19186","19186","19186","2.843","","406","98","4.143","100.000","Very Easy","10.839","2","2","","14","7","0","2.540","16","9","0","0","0","0","","","","","d4606981df4496b96920f78ec9ba4094","0.122","Wed, 08 Feb 2023 21:02:32 GMT","","","","en-us","1.1","","","","","","https://books.toscrape.com/catalogue/reasons-to-stay-alive_959/index.html","2026-06-10 17:51:29"
"https://books.toscrape.com/catalogue/reskilling-america-learning-to-labor-in-the-twenty-first-century_922/index.html","text/html","200","OK","Indexable","","Reskilling America: Learning to Labor in the Twenty-First Century | Books to Scrape - Sandbox","93","829","From Katherine Newman, award-winning author of No Shame in My Game, and sociologist Hella Winston, a sharp and irrefutable call to reenergize this nation's long-neglected system of vocational trainingAfter decades of off-shoring and downsizing that have left blue collar workers obsolete and stranded, the United States is now on the verge of an industrial renaissance. But w From Katherine Newman, award-winning author of No Shame in My Game, and sociologist Hella Winston, a sharp and irrefutable call to reenergize this nation's long-neglected system of vocational trainingAfter decades of off-shoring and downsizing that have left blue collar workers obsolete and stranded, the United States is now on the verge of an industrial renaissance. But we don't have a skilled enough labor pool to fill the positions that will be created, which are in many cases technically demanding and require specialized skills. A decades-long series of idealistic educational policies with the expressed goal of getting every student to go to college has left a generation of potential workers out of the system. Touted as a progressive, egalitarian institution providing opportunity even to those with the greatest need, the American secondary school system has in fact deepened existing inequalities.We can do better, argue acclaimed sociologists Katherine Newman and Hella Winston. Taking a page from the successful experience of countries like Germany and Austria, where youth unemployment is a mere 7%, they call for a radical reevaluation of the idea of vocational training, long discredited as an instrument of tracking. The United States can prepare a new, high-performance labor force if we revamp our school system to value industry apprenticeship and rigorous technical education. By doing so, we will not only be able to meet the growing demand for skilled employees in dozens of sectors where employers decry the absence of well trained workers -- we will make the American Dream accessible to all. ...more","2005","12311","","0","Reskilling America: Learning to Labor in the Twenty-First Century","65","Product Description","19","Product Information","19","NOARCHIVE,NOCACHE","","","","","","","","","21647","21647","21647","3.208","","475","99","4.798","69.277","Normal","13.620","2","2","","14","7","0","2.540","16","9","0","0","0","0","","","","","36f1ba472bbff6d3e9fbf18c77191b2e","0.100","Wed, 08 Feb 2023 21:02:32 GMT","","","","en-us","1.1","","","","","","https://books.toscrape.com/catalogue/reskilling-america-learning-to-labor-in-the-twenty-first-century_922/index.html","2026-06-10 17:51:29"
"https://books.toscrape.com/catalogue/the-power-of-now-a-guide-to-spiritual-enlightenment_855/index.html","text/html","200","OK","Indexable","","The Power of Now: A Guide to Spiritual Enlightenment | Books to Scrape - Sandbox","80","733","Ekhart Tolle's message is simple: living in the now is the truest path to happiness and enlightenment. And while this message may not seem stunningly original or fresh, Tolle's clear writing, supportive voice and enthusiasm make this an excellent manual for anyone who's ever wondered what exactly ""living in the now"" means. Foremost, Tolle is a world-class teacher, able to Ekhart Tolle's message is simple: living in the now is the truest path to happiness and enlightenment. And while this message may not seem stunningly original or fresh, Tolle's clear writing, supportive voice and enthusiasm make this an excellent manual for anyone who's ever wondered what exactly ""living in the now"" means. Foremost, Tolle is a world-class teacher, able to explain complicated concepts in concrete language. More importantly, within a chapter of reading this book, readers are already holding the world in a different container--more conscious of how thoughts and emotions get in the way of their ability to live in genuine peace and happiness.Tolle packs a lot of information and inspirational ideas into The Power of Now. (Topics include the source of Chi, enlightened relationships, creative use of the mind, impermanence and the cycle of life.) Thankfully, he's added markers that symbolise ""break time"". This is when readers should close the book and mull over what they just read. As a result, The Power of Now reads like the highly acclaimed A Course in Miracles--a spiritual guidebook that has the potential to inspire just as many study groups and change just as many lives for the better. --Gail Hudson ...more","1613","9817","","0","The Power of Now: A Guide to Spiritual Enlightenment","52","Product Description","19","Product Information","19","NOARCHIVE,NOCACHE","","","","","","","","","20533","20533","20533","3.043","","425","98","4.337","81.007","Easy","12.328","2","2","","10","5","0","1.810","16","9","0","0","0","0","","","","","c77141d607ea3515f30e620165684c4a","0.033","Wed, 08 Feb 2023 21:02:32 GMT","","","","en-us","1.1","","","","","","https://books.toscrape.com/catalogue/the-power-of-now-a-guide-to-spiritual-enlightenment_855/index.html","2026-06-10 17:51:29"
"https://books.toscrape.com/catalogue/spark-joy-an-illustrated-master-class-on-the-art-of-organizing-and-tidying-up_927/index.html","text/html","200","OK","Indexable","","Spark Joy: An Illustrated Master Class on the Art of Organizing and Tidying Up | Books to Scrape - Sandbox","106","943","Marie Kondo’s unique KonMari Method of tidying up is nothing short of life-changing—and her first book, The Life-Changing Magic of Tidying Up, has become a worldwide sensation. In Spark Joy, Kondo presents an in-depth, illustrated manual on how to declutter and organize specific items throughout the house, from kitchen and bathroom items to work-related papers and hobby co Marie Kondo’s unique KonMari Method of tidying up is nothing short of life-changing—and her first book, The Life-Changing Magic of Tidying Up, has become a worldwide sensation. In Spark Joy, Kondo presents an in-depth, illustrated manual on how to declutter and organize specific items throughout the house, from kitchen and bathroom items to work-related papers and hobby collections. User-friendly line drawings illustrate Kondo’s patented folding method as it applies to shirts, pants, socks, and jackets, as well as images of properly organized drawers, closets, and cabinets. This book is perfect for anyone who wants a home—and life—that sparks joy. ...more","1039","6471","","0","Spark Joy: An Illustrated Master Class on the Art of Organizing and Tidying Up","78","Product Description","19","Product Information","19","NOARCHIVE,NOCACHE","","","","","","","","","19756","19756","19756","2.928","","332","85","3.906","79.793","Fairly Easy","10.189","2","2","","14","7","0","2.540","16","9","0","0","0","0","","","","","ea3abc38661af1d2d20c4dc51e90b644","0.033","Wed, 08 Feb 2023 21:02:32 GMT","","","","en-us","1.1","","","","","","https://books.toscrape.com/catalogue/spark-joy-an-illustrated-master-class-on-the-art-of-organizing-and-tidying-up_927/index.html","2026-06-10 17:51:29"
"https://books.toscrape.com/media/cache/2e/98/2e98c332bf8563b584784971541c4445.jpg","image/jpeg","200","OK","Indexable","","","0","0","","0","0","","0","","0","","0","","0","","","","","","","","","","12864","12864","12864","1.906","","0","","","","","0.000","2","4","","0","0","0","0.000","0","0","0","0","0","0","","","","","","0.029","Wed, 08 Feb 2023 21:02:32 GMT","","","","","1.1","","","","","","https://books.toscrape.com/media/cache/2e/98/2e98c332bf8563b584784971541c4445.jpg","2026-06-10 17:51:29"
"https://books.toscrape.com/catalogue/the-artists-way-a-spiritual-path-to-higher-creativity_839/index.html","text/html","200","OK","Indexable","","The Artist's Way: A Spiritual Path to Higher Creativity | Books to Scrape - Sandbox","83","722","""Without The Artist's Way, there would have been no Eat, Pray, Love.” —Elizabeth GilbertThe Artist’s Way is the seminal book on the subject of creativity. An international bestseller, millions of readers have found it to be an invaluable guide to living the artist’s life. Still as vital today—or perhaps even more so—than it was when it was first published one decade ago, i ""Without The Artist's Way, there would have been no Eat, Pray, Love.” —Elizabeth GilbertThe Artist’s Way is the seminal book on the subject of creativity. An international bestseller, millions of readers have found it to be an invaluable guide to living the artist’s life. Still as vital today—or perhaps even more so—than it was when it was first published one decade ago, it is a powerfully provocative and inspiring work. In a new introduction to the book, Julia Cameron reflects upon the impact of The Artist’s Way and describes the work she has done during the last decade and the new insights into the creative process that she has gained. Updated and expanded, this anniversary edition reframes The Artist’s Way for a new century. ...more","1121","6736","","0","The Artist's Way: A Spiritual Path to Higher Creativity","55","Product Description","19","Product Information","19","NOARCHIVE,NOCACHE","","","","","","","","","19360","19360","19360","2.869","","351","88","3.989","85.166","Easy","10.511","2","2","","4","2","0","0.720","16","9","0","0","0","0","","","","","4b99d1fdaabf4ebae6f91b6fe33db45f","0.033","Wed, 08 Feb 2023 21:02:32 GMT","","","","en-us","1.1","","","","","","https://books.toscrape.com/catalogue/the-artists-way-a-spiritual-path-to-higher-creativity_839/index.html","2026-06-10 17:51:29"
"https://books.toscrape.com/media/cache/52/46/524655fade1d9fe1475395a3eaff827a.jpg","image/jpeg","200","OK","Indexable","","","0","0","","0","0","","0","","0","","0","","0","","","","","","","","","","10211","10211","10211","1.513","","0","","","","","0.000","2","4","","0","0","0","0.000","0","0","0","0","0","0","","","","","","0.031","Wed, 08 Feb 2023 21:02:32 GMT","","","","","1.1","","","","","","https://books.toscrape.com/media/cache/52/46/524655fade1d9fe1475395a3eaff827a.jpg","2026-06-10 17:51:29"
"https://books.toscrape.com/media/cache/97/36/9736132a43b8e6e3989932218ef309ed.jpg","image/jpeg","200","OK","Indexable","","","0","0","","0","0","","0","","0","","0","","0","","","","","","","","","","30984","30984","30984","4.592","","0","","","","","0.000","2","4","","0","0","0","0.000","0","0","0","0","0","0","","","","","","0.035","Wed, 08 Feb 2023 21:02:33 GMT","","","","","1.1","","","","","","https://books.toscrape.com/media/cache/97/36/9736132a43b8e6e3989932218ef309ed.jpg","2026-06-10 17:51:29"
"https://books.toscrape.com/catalogue/amid-the-chaos_788/index.html","text/html","200","OK","Indexable","","Amid the Chaos | Books to Scrape - Sandbox","42","394","Some people call Eritrea the “North Korea of Africa.” But to two friends Chenkelo and Misghe, it is home. In the picturesque capital of Asmara, these two educated young men are forced to choose between poverty and hustle as they hide from a national service conscription that would send them to the front lines. Charismatic Misghe is a charmer, a philosopher, and a loving so Some people call Eritrea the “North Korea of Africa.” But to two friends Chenkelo and Misghe, it is home. In the picturesque capital of Asmara, these two educated young men are forced to choose between poverty and hustle as they hide from a national service conscription that would send them to the front lines. Charismatic Misghe is a charmer, a philosopher, and a loving son who is capable of having any woman in the city. But he’s about to flee his oppressive homeland—putting his longtime friendship with Chenkelo at stake. Chenkelo is a consummate hustler, resentful of his lot but in love with his city and his country. He has a poet’s heart whose passion will soon fuel activism and a belief that Eritrea’s beloved national project can yet be saved. Caught between the temptation of the Western dream and duty to their stagnated nation, Misghe and Chenkelo epitomize and transcend the trials and tribulations of an entire African generation. Amid the Chaos depicts the unflinching reality of a restless Eritrea in search of a meaning. ...more","1425","8725","","0","Amid the Chaos","14","Product Description","19","Product Information","19","NOARCHIVE,NOCACHE","","","","","","","","","19800","19800","19800","2.934","","393","91","4.319","85.777","Easy","11.362","2","2","","6","3","0","1.090","16","9","0","0","0","0","","","","","b27321f580c2f53f4e60b598cfe7b7ab","0.035","Wed, 08 Feb 2023 21:02:32 GMT","","","","en-us","1.1","","","","","","https://books.toscrape.com/catalogue/amid-the-chaos_788/index.html","2026-06-10 17:51:29"
"https://books.toscrape.com/media/cache/81/7f/817f5089c0e6e62738dce2931e7323d3.jpg","image/jpeg","200","OK","Indexable","","","0","0","","0","0","","0","","0","","0","","0","","","","","","","","","","30823","30823","30823","4.568","","0","","","","","0.000","2","4","","0","0","0","0.000","0","0","0","0","0","0","","","","","","0.030","Wed, 08 Feb 2023 21:02:33 GMT","","","","","1.1","","","","","","https://books.toscrape.com/media/cache/81/7f/817f5089c0e6e62738dce2931e7323d3.jpg","2026-06-10 17:51:29"
"https://books.toscrape.com/catalogue/something-more-than-this_834/index.html","text/html","200","OK","Indexable","","Something More Than This | Books to Scrape - Sandbox","52","493","Katy Lewis has it all: a sports reporting job she loves, a great roommate, and two brothers who, while nosy, always have her back. But when Conner Roberts, Katy’s unrequited first crush, suddenly shows up—and shows interest—after nine years, she reverts to a sweaty, panicked sixteen-year-old once more.And if trying to read Conner’s signals isn’t tough enough, Katy’s heart Katy Lewis has it all: a sports reporting job she loves, a great roommate, and two brothers who, while nosy, always have her back. But when Conner Roberts, Katy’s unrequited first crush, suddenly shows up—and shows interest—after nine years, she reverts to a sweaty, panicked sixteen-year-old once more.And if trying to read Conner’s signals isn’t tough enough, Katy’s heart is sending some mixed messages of its own. When a beautiful blonde coworker starts pursuing Katy’s boss, Dylan Sterling—her longtime mentor and friend—she realizes she may have a problem with that. A reunion with Conner is what she’s dreamed of for so long…so why can’t she stop thinking about Dylan?For the first time ever, Katy must fact-check her heart. Should she go after the guy she thought she always wanted or see if there’s something more with the one who’s been there all along? ...more","1246","7726","","0","Something More Than This","24","Product Description","19","Product Information","19","NOARCHIVE,NOCACHE","","","","","","","","","18742","18742","18742","2.778","","352","87","4.046","89.287","Easy","11.077","2","2","","14","7","0","2.540","16","9","0","0","0","0","","","","","a46c67e1069c07867adee38a3eb8b67","0.030","Wed, 08 Feb 2023 21:02:32 GMT","","","","en-us","1.1","","","","","","https://books.toscrape.com/catalogue/something-more-than-this_834/index.html","2026-06-10 17:51:29"
"https://books.toscrape.com/catalogue/dark-lover-black-dagger-brotherhood-1_319/index.html","text/html","200","OK","Indexable","","Dark Lover (Black Dagger Brotherhood #1) | Books to Scrape - Sandbox","68","627","Also see: Alternate Cover Editions for this ISBN [ACE] ACE #1 In the shadows of the night in Caldwell, New York, there's a deadly turf war going on between vampires and their slayers. There exists a secret band of brothers like no other-six vampire warriors, defenders of their race. Yet none of them relishes killing more than Wrath, the leader of The Black Dagger Brotherh Also see: Alternate Cover Editions for this ISBN [ACE] ACE #1 In the shadows of the night in Caldwell, New York, there's a deadly turf war going on between vampires and their slayers. There exists a secret band of brothers like no other-six vampire warriors, defenders of their race. Yet none of them relishes killing more than Wrath, the leader of The Black Dagger Brotherhood.The only purebred vampire left on earth, Wrath has a score to settle with the slayers who murdered his parents centuries ago. But, when one of his most trusted fighters is killed-leaving his half-breed daughter unaware of his existence or her fate-Wrath must usher her into the world of the undead-a world of sensuality beyond her wildest dreams.Also see: Alternate Cover Editions for this ISBN [ACE] ACE #1 ...more","1168","7095","","0","Dark Lover (Black Dagger Brotherhood #1)","40","Product Description","19","Product Information","19","NOARCHIVE,NOCACHE","","","","","","","","","18823","18823","18823","2.790","","354","85","4.165","91.959","Very Easy","10.774","2","2","","4","2","0","0.720","16","9","0","0","0","0","","","","","f9adffbad46f9ae2c638b3ca879f8115","0.033","Wed, 08 Feb 2023 21:02:32 GMT","","","","en-us","1.1","","","","","","https://books.toscrape.com/catalogue/dark-lover-black-dagger-brotherhood-1_319/index.html","2026-06-10 17:51:30"
"https://books.toscrape.com/media/cache/e9/25/e9250495a525eb203652ad9da85ccb8e.jpg","image/jpeg","200","OK","Indexable","","","0","0","","0","0","","0","","0","","0","","0","","","","","","","","","","10619","10619","10619","1.574","","0","","","","","0.000","2","4","","0","0","0","0.000","0","0","0","0","0","0","","","","","","0.105","Wed, 08 Feb 2023 21:02:33 GMT","","","","","1.1","","","","","","https://books.toscrape.com/media/cache/e9/25/e9250495a525eb203652ad9da85ccb8e.jpg","2026-06-10 17:51:30"
"https://books.toscrape.com/catalogue/off-the-hook-fishing-for-trouble-1_601/index.html","text/html","200","OK","Indexable","","Off the Hook (Fishing for Trouble #1) | Books to Scrape - Sandbox","65","579","Welcome to The Buoys, a West Coast haven where love comes in with the tide. Perfect for readers of Jill Shalvis and Susan Mallery, the Fishing for Trouble series features three unforgettable brothers—each of whom is a great catch.Major league pitcher Liam O'Donnell knows his best days are probably behind him, but that doesn't mean he's ready to retire and become a fishing Welcome to The Buoys, a West Coast haven where love comes in with the tide. Perfect for readers of Jill Shalvis and Susan Mallery, the Fishing for Trouble series features three unforgettable brothers—each of whom is a great catch.Major league pitcher Liam O'Donnell knows his best days are probably behind him, but that doesn't mean he's ready to retire and become a fishing guide. Still, after all the time he's spent chasing his dreams, he owes it to his brothers to pull his weight around the lodge. The Buoys is their father's legacy, and they can't let some developer take it from them. The one snag Liam isn't counting on is a blast from the past: his ex-wife.The moment Kate Hadley steps out of the seaplane, she knows this assignment is going to be trickier than she thought. She has to persuade the owners to sell—and one of them is Liam O'Donnell. Ten years ago, she made the biggest mistake of her life when she married Liam during a fling in Vegas. Now he's her only lifeline in the middle of nowhere. Kate's trying to keep things cool, but Liam just reminds her of the scorching few nights they spent together—and tempts her to make new memories that are just as steamy as the old. ...more","1577","9645","","0","Off the Hook (Fishing for Trouble #1)","37","Product Description","19","Product Information","19","NOARCHIVE,NOCACHE","","","","","","","","","19549","19549","19549","2.897","","437","92","4.750","95.538","Very Easy","12.442","2","2","","14","7","0","2.540","16","9","0","0","0","0","","","","","c614b6d2b3a6cfeb838b4b642e34279a","0.105","Wed, 08 Feb 2023 21:02:32 GMT","","","","en-us","1.1","","","","","","https://books.toscrape.com/catalogue/off-the-hook-fishing-for-trouble-1_601/index.html","2026-06-10 17:51:29"
"https://books.toscrape.com/media/cache/f0/e0/f0e0db3edcb14293a52b51929cc72979.jpg","image/jpeg","200","OK","Indexable","","","0","0","","0","0","","0","","0","","0","","0","","","","","","","","","","9708","9708","9708","1.439","","0","","","","","0.000","2","4","","0","0","0","0.000","0","0","0","0","0","0","","","","","","0.030","Wed, 08 Feb 2023 21:02:33 GMT","","","","","1.1","","","","","","https://books.toscrape.com/media/cache/f0/e0/f0e0db3edcb14293a52b51929cc72979.jpg","2026-06-10 17:51:30"
"https://books.toscrape.com/catalogue/category/books/romance_8/page-2.html","text/html","200","OK","Indexable","","Romance | 
     Books to Scrape - Sandbox","41","336","","0","0","","0","Romance","7","","0","","0","NOARCHIVE,NOCACHE","","","","","","","","","42636","42636","42636","6.319","","336","153","2.196","100.000","Very Easy","3.785","2","4","","1","1","0","0.360","85","68","0","0","0","0","","","","","501ecfc800536fbbdf9b61d8d8458912","0.102","Wed, 08 Feb 2023 21:02:32 GMT","","","","en-us","1.1","","","","","","https://books.toscrape.com/catalogue/category/books/romance_8/page-2.html","2026-06-10 17:51:29"
"https://books.toscrape.com/media/cache/44/cc/44ccc99c8f82c33d4f9d2afa4ef25787.jpg","image/jpeg","200","OK","Indexable","","","0","0","","0","0","","0","","0","","0","","0","","","","","","","","","","7130","7130","7130","1.057","","0","","","","","0.000","2","4","","0","0","0","0.000","0","0","0","0","0","0","","","","","","0.034","Wed, 08 Feb 2023 21:02:32 GMT","","","","","1.1","","","","","","https://books.toscrape.com/media/cache/44/cc/44ccc99c8f82c33d4f9d2afa4ef25787.jpg","2026-06-10 17:51:30"
"https://books.toscrape.com/media/cache/57/47/57472d9c6d483bee9c38c90bfa10b3ee.jpg","image/jpeg","200","OK","Indexable","","","0","0","","0","0","","0","","0","","0","","0","","","","","","","","","","10542","10542","10542","1.562","","0","","","","","0.000","2","4","","0","0","0","0.000","0","0","0","0","0","0","","","","","","0.029","Wed, 08 Feb 2023 21:02:32 GMT","","","","","1.1","","","","","","https://books.toscrape.com/media/cache/57/47/57472d9c6d483bee9c38c90bfa10b3ee.jpg","2026-06-10 17:51:30"
"https://books.toscrape.com/media/cache/c4/d1/c4d1517cc9370e292366b6132ca9ca36.jpg","image/jpeg","200","OK","Indexable","","","0","0","","0","0","","0","","0","","0","","0","","","","","","","","","","7261","7261","7261","1.076","","0","","","","","0.000","2","4","","0","0","0","0.000","0","0","0","0","0","0","","","","","","0.114","Wed, 08 Feb 2023 21:02:33 GMT","","","","","1.1","","","","","","https://books.toscrape.com/media/cache/c4/d1/c4d1517cc9370e292366b6132ca9ca36.jpg","2026-06-10 17:51:30"
"https://books.toscrape.com/media/cache/cc/bd/ccbdae9e29b3594301528fa2c876ec29.jpg","image/jpeg","200","OK","Indexable","","","0","0","","0","0","","0","","0","","0","","0","","","","","","","","","","8732","8732","8732","1.294","","0","","","","","0.000","2","4","","0","0","0","0.000","0","0","0","0","0","0","","","","","","0.031","Wed, 08 Feb 2023 21:02:33 GMT","","","","","1.1","","","","","","https://books.toscrape.com/media/cache/cc/bd/ccbdae9e29b3594301528fa2c876ec29.jpg","2026-06-10 17:51:30"
"https://books.toscrape.com/catalogue/suddenly-in-love-lake-haven-1_835/index.html","text/html","200","OK","Indexable","","Suddenly in Love (Lake Haven #1) | Books to Scrape - Sandbox","60","554","Mia Lassiter is thrilled to finally put her artistic skills to use working for her aunt’s interior design shop in her hometown of East Beach. While renovating an old mansion overlooking stunning Lake Haven, she encounters a scruffy but attractive man named Brennan—the owner’s son. She doesn’t realize this sexy recluse is actually Everett Alden, the world-famous rock star i Mia Lassiter is thrilled to finally put her artistic skills to use working for her aunt’s interior design shop in her hometown of East Beach. While renovating an old mansion overlooking stunning Lake Haven, she encounters a scruffy but attractive man named Brennan—the owner’s son. She doesn’t realize this sexy recluse is actually Everett Alden, the world-famous rock star in hiding who’s nursing his own artistic and personal crises.As their personalities clash, tension simmers between the struggling artist and jaded musician, and their time spent alone together in the gorgeous old house only serves to turn up the heat. Soon, Mia and Brennan’s creative passions boil over to inspire passions of another kind…But reality comes crashing in when Mia’s celeb-obsessed cousin discovers Brennan’s true identity—and reveals it to the world. As paparazzi swarm the mansion, Brennan is thrust back into his rock star lifestyle. Will Mia lose her soul mate just when she’s finally found him? Can their love survive the glaring spotlight? ...more","1417","8604","","0","Suddenly in Love (Lake Haven #1)","32","Product Description","19","Product Information","19","NOARCHIVE,NOCACHE","","","","","","","","","19082","19082","19082","2.828","","377","88","4.284","82.431","Easy","11.850","2","2","","14","7","0","2.540","16","9","0","0","0","0","","","","","a256d0149690354a4894cda57607ede6","0.112","Wed, 08 Feb 2023 21:02:32 GMT","","","","en-us","1.1","","","","","","https://books.toscrape.com/catalogue/suddenly-in-love-lake-haven-1_835/index.html","2026-06-10 17:51:30"
"https://books.toscrape.com/media/cache/9c/2e/9c2e0eb8866b8e3f3b768994fd3d1c1a.jpg","image/jpeg","200","OK","Indexable","","","0","0","","0","0","","0","","0","","0","","0","","","","","","","","","","9954","9954","9954","1.475","","0","","","","","0.000","2","4","","0","0","0","0.000","0","0","0","0","0","0","","","","","","0.107","Wed, 08 Feb 2023 21:02:33 GMT","","","","","1.1","","","","","","https://books.toscrape.com/media/cache/9c/2e/9c2e0eb8866b8e3f3b768994fd3d1c1a.jpg","2026-06-10 17:51:30"
"https://books.toscrape.com/media/cache/40/16/4016ffba678f309171d8130135f6eb8e.jpg","image/jpeg","200","OK","Indexable","","","0","0","","0","0","","0","","0","","0","","0","","","","","","","","","","8902","8902","8902","1.319","","0","","","","","0.000","2","4","","0","0","0","0.000","0","0","0","0","0","0","","","","","","0.119","Wed, 08 Feb 2023 21:02:32 GMT","","","","","1.1","","","","","","https://books.toscrape.com/media/cache/40/16/4016ffba678f309171d8130135f6eb8e.jpg","2026-06-10 17:51:30"
"https://books.toscrape.com/catalogue/first-and-first-five-boroughs-3_893/index.html","text/html","200","OK","Indexable","","First and First (Five Boroughs #3) | Books to Scrape - Sandbox","62","548","Caleb Stone was raised on the Upper East Side, where wealth and lineage reigns, and “alternative lifestyles” are hidden. It took him years to come out to his family, but he’s still stuck in the stranglehold of their expectations. Caleb knows he has to build his confidence and shake things up, but he doesn’t know how… until Oliver Buckley enters the picture.Oli is everythin Caleb Stone was raised on the Upper East Side, where wealth and lineage reigns, and “alternative lifestyles” are hidden. It took him years to come out to his family, but he’s still stuck in the stranglehold of their expectations. Caleb knows he has to build his confidence and shake things up, but he doesn’t know how… until Oliver Buckley enters the picture.Oli is everything Caleb isn’t—risk-taking, provocative, and fiercely independent. Disowned by his family, Oli has made his own way in the world and is beholden to no one. After a chance encounter on New Year’s Eve, Caleb is smitten.As Caleb sheds the insecurities that have held him back for years, he makes bold steps toward changing his career and escaping years of sexual repression. But for Caleb to take full control of his life, he has to be brave enough to confront his feelings and trust Oli with his heart. ...more","1258","7561","","0","First and First (Five Boroughs #3)","34","Product Description","19","Product Information","19","NOARCHIVE,NOCACHE","","","","","","","","","18613","18613","18613","2.758","","364","87","4.184","88.936","Easy","11.207","2","2","","14","7","0","2.540","16","9","0","0","0","0","","","","","863bd7f896133910ba31a99894895326","0.114","Wed, 08 Feb 2023 21:02:32 GMT","","","","en-us","1.1","","","","","","https://books.toscrape.com/catalogue/first-and-first-five-boroughs-3_893/index.html","2026-06-10 17:51:30"
"https://books.toscrape.com/catalogue/doing-it-over-most-likely-to-1_802/index.html","text/html","200","OK","Indexable","","Doing It Over (Most Likely To #1) | Books to Scrape - Sandbox","61","543","Voted Most Likely to Succeed, Melanie Bartlett ended up anything but. The down-on-her-luck single mom wants a complete do-over—is that too much to ask? With her family long gone from River Bend, strong, independent Mel is as surprised as anyone to end up in the quaint small town she once called home. But with her friends, Jo and Zoe, by her side, and a comfortable room at Voted Most Likely to Succeed, Melanie Bartlett ended up anything but. The down-on-her-luck single mom wants a complete do-over—is that too much to ask? With her family long gone from River Bend, strong, independent Mel is as surprised as anyone to end up in the quaint small town she once called home. But with her friends, Jo and Zoe, by her side, and a comfortable room at Miss Gina’s quirky bed-and-breakfast, she just might have turned the corner on a new life.Wyatt Gibson never liked the big city. River Bend suits the ruggedly handsome builder just fine. Wyatt knows he’s home, even if that means being charmed by the appearance of Melanie and her spunky, adorable daughter. Is Wyatt’s calm devotion—even amid a coming storm—enough to convince Mel she may have found a home to call her own, a family that never leaves, and a true love to last a lifetime? ...more","1244","7745","","0","Doing It Over (Most Likely To #1)","33","Product Description","19","Product Information","19","NOARCHIVE,NOCACHE","","","","","","","","","18805","18805","18805","2.787","","376","83","4.530","91.987","Very Easy","11.169","2","2","","14","7","0","2.540","16","9","0","0","0","0","","","","","5bed6f86063bb77dc81db67987b572c9","0.032","Wed, 08 Feb 2023 21:02:32 GMT","","","","en-us","1.1","","","","","","https://books.toscrape.com/catalogue/doing-it-over-most-likely-to-1_802/index.html","2026-06-10 17:51:30"
"https://books.toscrape.com/catalogue/changing-the-game-play-by-play-2_317/index.html","text/html","200","OK","Indexable","","Changing the Game (Play by Play #2) | Books to Scrape - Sandbox","63","582","Most people play by the rules. Gavin and Liz aren't most people....Win at any cost. That's always been the mantra of sports agent Liz Darnell. When she carries things too far and risks losing her number-one client, baseball pro Gavin Riley, Liz realizes that she'll have to work extra innings to win him back. It might not be too much of a stretch. She's had a thing for this Most people play by the rules. Gavin and Liz aren't most people....Win at any cost. That's always been the mantra of sports agent Liz Darnell. When she carries things too far and risks losing her number-one client, baseball pro Gavin Riley, Liz realizes that she'll have to work extra innings to win him back. It might not be too much of a stretch. She's had a thing for this player's moves since she first laid eyes on him, and by the looks of it, he wants her just as bad.Gavin's more than ready—especially when Liz is offering herself as part of the bargain. And as much of her as Gavin wants. For added thrills, he decides to throw a little curve ball Liz's way to see just how far she's truly willing to go to keep him as a client. But when love unexpectedly enters the playing field, neither Liz nor Gavin are ready for the biggest game-changer of them all. ...more","1247","7430","","0","Changing the Game (Play by Play #2)","35","Product Description","19","Product Information","19","NOARCHIVE,NOCACHE","","","","","","","","","18987","18987","18987","2.814","","389","92","4.228","99.675","Very Easy","11.068","2","2","","2","1","0","0.360","16","9","0","0","0","0","","","","","83cbfe79559468d5164e33dad65dc70f","0.109","Wed, 08 Feb 2023 21:02:32 GMT","","","","en-us","1.1","","","","","","https://books.toscrape.com/catalogue/changing-the-game-play-by-play-2_317/index.html","2026-06-10 17:51:30"
"https://books.toscrape.com/catalogue/hold-your-breath-search-and-rescue-1_700/index.html","text/html","200","OK","Indexable","","Hold Your Breath (Search and Rescue #1) | Books to Scrape - Sandbox","67","620","In the remote Rocky Mountains, lives depend on the Search & Rescue brotherhood. But in a place this far off the map, trust is hard to come by and secrets can be murder...As the captain of Field County's ice rescue dive team, Callum Cook is driven to perfection. But when he meets new diver Louise ""Lou"" Sparks, all that hard-won order is obliterated in an instant. Lou is In the remote Rocky Mountains, lives depend on the Search & Rescue brotherhood. But in a place this far off the map, trust is hard to come by and secrets can be murder...As the captain of Field County's ice rescue dive team, Callum Cook is driven to perfection. But when he meets new diver Louise ""Lou"" Sparks, all that hard-won order is obliterated in an instant. Lou is a hurricane. A walking disaster. And with her, he's never felt more alive...even if keeping her safe may just kill him.Lou's new to the Rockies, intent on escaping her controlling ex, and she's determined to make it on her own terms...no matter how tempting Callum may be. But when a routine training exercise unearths a body, Lou and Callum find themselves thrust into a deadly game of cat and mouse with a killer who will stop at nothing to silence Lou-and prove that not even her new Search and Rescue family can keep her safe forever. ...more","1290","7849","","0","Hold Your Breath (Search and Rescue #1)","39","Product Description","19","Product Information","19","NOARCHIVE,NOCACHE","","","","","","","","","18910","18910","18910","2.802","","390","89","4.382","96.963","Very Easy","11.365","2","2","","14","7","0","2.540","16","9","0","0","0","0","","","","","c623e7f184c3a02bb15010e6b0179a80","0.030","Wed, 08 Feb 2023 21:02:32 GMT","","","","en-us","1.1","","","","","","https://books.toscrape.com/catalogue/hold-your-breath-search-and-rescue-1_700/index.html","2026-06-10 17:51:30"
"https://books.toscrape.com/media/cache/59/10/5910fbd8a95e8e9de9c660b71e0694e2.jpg","image/jpeg","200","OK","Indexable","","","0","0","","0","0","","0","","0","","0","","0","","","","","","","","","","10798","10798","10798","1.600","","0","","","","","0.000","2","4","","0","0","0","0.000","0","0","0","0","0","0","","","","","","0.032","Wed, 08 Feb 2023 21:02:32 GMT","","","","","1.1","","","","","","https://books.toscrape.com/media/cache/59/10/5910fbd8a95e8e9de9c660b71e0694e2.jpg","2026-06-10 17:51:30"
"https://books.toscrape.com/catalogue/dirty-dive-bar-1_615/index.html","text/html","200","OK","Indexable","","Dirty (Dive Bar #1) | Books to Scrape - Sandbox","47","414","The last thing Vaughan Hewson expects to find when he returns to his childhood home is a broken hearted bride in his shower, let alone the drama and chaos that comes with her.Lydia Green doesn't know whether to burn down the church or sit and cry in a corner. Discovering the love of your life is having an affair on your wedding day is bad enough. Finding out it's with his The last thing Vaughan Hewson expects to find when he returns to his childhood home is a broken hearted bride in his shower, let alone the drama and chaos that comes with her.Lydia Green doesn't know whether to burn down the church or sit and cry in a corner. Discovering the love of your life is having an affair on your wedding day is bad enough. Finding out it's with his best man is another thing all together. She narrowly escapes tying the knot and meets Vaughan only hours later.Vaughan is the exact opposite of the picture perfect, respected businessman she thought she'd marry. This former musician-turned-bartender is rough around the edges and unsettled. But she already tried Mr. Right and discovered he's all wrong-maybe it's time to give Mr. Right Now a chance.After all, what's wrong with getting dirty? ...more","1201","7389","","0","Dirty (Dive Bar #1)","19","Product Description","19","Product Information","19","NOARCHIVE,NOCACHE","","","","","","","","","18603","18603","18603","2.757","","363","89","4.079","96.654","Very Easy","10.848","2","2","","14","7","0","2.540","16","9","0","0","0","0","","","","","c378cfc6361f6236d75606ceaf4a2592","0.118","Wed, 08 Feb 2023 21:02:32 GMT","","","","en-us","1.1","","","","","","https://books.toscrape.com/catalogue/dirty-dive-bar-1_615/index.html","2026-06-10 17:51:30"
"https://books.toscrape.com/catalogue/sit-stay-love_486/index.html","text/html","200","OK","Indexable","","Sit, Stay, Love | Books to Scrape - Sandbox","43","376","Take one abrasive professional athlete, a quirky out-of-work schoolteacher, and an overweight geriatric dog, and you're ready for a lesson in love...Tippy style.Pro baseball pitcher Cal Crawford is not a dog guy. When he inherits his deceased mother's elderly dog, Tippy, he's quick to call on a pet-sitting service.Gina isn't thrilled to be a dog sitter when her aspirations Take one abrasive professional athlete, a quirky out-of-work schoolteacher, and an overweight geriatric dog, and you're ready for a lesson in love...Tippy style.Pro baseball pitcher Cal Crawford is not a dog guy. When he inherits his deceased mother's elderly dog, Tippy, he's quick to call on a pet-sitting service.Gina isn't thrilled to be a dog sitter when her aspirations lie in the classroom. Furthermore, she can't abide the unfriendly Cal, a man with all the charm of a wet towel. But with no other prospects and a deep love for all things canine, she takes the job caring for Tippy.As Gina travels through Cal's world with Tippy in tow, she begins to see Cal in a different light. Gina longs to show Cal the God-given blessings in his life that have nothing to do with baseball or fame. When her longing blooms into attraction, Gina does her best to suppress it. But Cal is falling in love with her too...Discover the charming story of Tippy, the dog who brought a family together. ...more","1373","8174","","0","Sit, Stay, Love","15","Product Description","19","Product Information","19","NOARCHIVE,NOCACHE","","","","","","","","","19110","19110","19110","2.832","","383","93","4.118","86.910","Easy","11.476","2","2","","10","5","0","1.810","16","9","0","0","0","0","","","","","1ddf4fa92552f11d7ba0fd17a33e1623","0.030","Wed, 08 Feb 2023 21:02:32 GMT","","","","en-us","1.1","","","","","","https://books.toscrape.com/catalogue/sit-stay-love_486/index.html","2026-06-10 17:51:30"
"https://books.toscrape.com/media/cache/ae/90/ae903f6f6d059954be4e85497dd76bf5.jpg","image/jpeg","200","OK","Indexable","","","0","0","","0","0","","0","","0","","0","","0","","","","","","","","","","10756","10756","10756","1.594","","0","","","","","0.000","2","4","","0","0","0","0.000","0","0","0","0","0","0","","","","","","0.036","Wed, 08 Feb 2023 21:02:33 GMT","","","","","1.1","","","","","","https://books.toscrape.com/media/cache/ae/90/ae903f6f6d059954be4e85497dd76bf5.jpg","2026-06-10 17:51:30"
"https://books.toscrape.com/catalogue/her-backup-boyfriend-the-sorensen-family-1_896/index.html","text/html","200","OK","Indexable","","Her Backup Boyfriend (The Sorensen Family #1) | Books to Scrape - Sandbox","73","677","One little white lie leads to more than she planned…Straight-laced lawyer Kate Matthews always plays by the rules. But when her ex gets engaged and a big promotion is on the line at work, she blurts out that she has a new boyfriend. And now that she’s proved she “has a life” outside of work, everything is perfect. Except for one teeny little detail—there is no boyfriend. A One little white lie leads to more than she planned…Straight-laced lawyer Kate Matthews always plays by the rules. But when her ex gets engaged and a big promotion is on the line at work, she blurts out that she has a new boyfriend. And now that she’s proved she “has a life” outside of work, everything is perfect. Except for one teeny little detail—there is no boyfriend. And now Kate’s liable for her little white lie…Dominic Sorensen is hot, charming, and very definitely not Kate’s type. But not only does Dominic want to help Kate renovate her home, he’s also willing to play “boyfriend.” All he wants in return is a little pro bono work for his sister. Now instead of Mr. Right, Kate has a delectable Mr. Fix-It-Right—and some unbelievable sexual chemistry. And if falling for Dominic is a breach of contract, Kate is guilty as charged… ...more","1227","7372","","0","Her Backup Boyfriend (The Sorensen Family #1)","45","Product Description","19","Product Information","19","NOARCHIVE,NOCACHE","","","","","","","","","18618","18618","18618","2.759","","367","89","4.124","92.001","Very Easy","11.135","2","2","","14","7","0","2.540","16","9","0","0","0","0","","","","","bdbc6cb8f13a34b82ba18f9868a7b975","0.030","Wed, 08 Feb 2023 21:02:32 GMT","","","","en-us","1.1","","","","","","https://books.toscrape.com/catalogue/her-backup-boyfriend-the-sorensen-family-1_896/index.html","2026-06-10 17:51:30"
"https://books.toscrape.com/media/cache/7e/67/7e67addd80caaf8a9f9e9daa9cf66bb2.jpg","image/jpeg","200","OK","Indexable","","","0","0","","0","0","","0","","0","","0","","0","","","","","","","","","","9067","9067","9067","1.344","","0","","","","","0.000","2","4","","0","0","0","0.000","0","0","0","0","0","0","","","","","","0.092","Wed, 08 Feb 2023 21:02:33 GMT","","","","","1.1","","","","","","https://books.toscrape.com/media/cache/7e/67/7e67addd80caaf8a9f9e9daa9cf66bb2.jpg","2026-06-10 17:51:31"
"https://books.toscrape.com/media/cache/0b/89/0b89c3b317d0f89da48356a0b5959c1e.jpg","image/jpeg","200","OK","Indexable","","","0","0","","0","0","","0","","0","","0","","0","","","","","","","","","","11293","11293","11293","1.674","","0","","","","","0.000","2","4","","0","0","0","0.000","0","0","0","0","0","0","","","","","","0.030","Wed, 08 Feb 2023 21:02:32 GMT","","","","","1.1","","","","","","https://books.toscrape.com/media/cache/0b/89/0b89c3b317d0f89da48356a0b5959c1e.jpg","2026-06-10 17:51:31"
"https://books.toscrape.com/media/cache/e9/f4/e9f4bc8cf5ffaea1504623c936e90a48.jpg","image/jpeg","200","OK","Indexable","","","0","0","","0","0","","0","","0","","0","","0","","","","","","","","","","11604","11604","11604","1.720","","0","","","","","0.000","2","4","","0","0","0","0.000","0","0","0","0","0","0","","","","","","0.104","Wed, 08 Feb 2023 21:02:33 GMT","","","","","1.1","","","","","","https://books.toscrape.com/media/cache/e9/f4/e9f4bc8cf5ffaea1504623c936e90a48.jpg","2026-06-10 17:51:31"
"https://books.toscrape.com/media/cache/3c/a2/3ca2e61181fc1122658af8f85354bae8.jpg","image/jpeg","200","OK","Indexable","","","0","0","","0","0","","0","","0","","0","","0","","","","","","","","","","7703","7703","7703","1.142","","0","","","","","0.000","2","4","","0","0","0","0.000","0","0","0","0","0","0","","","","","","0.111","Wed, 08 Feb 2023 21:02:32 GMT","","","","","1.1","","","","","","https://books.toscrape.com/media/cache/3c/a2/3ca2e61181fc1122658af8f85354bae8.jpg","2026-06-10 17:51:31"
"https://books.toscrape.com/catalogue/fifty-shades-darker-fifty-shades-2_892/index.html","text/html","200","OK","Indexable","","Fifty Shades Darker (Fifty Shades #2) | Books to Scrape - Sandbox","65","583","Daunted by the singular sexual tastes and dark secrets of the beautiful, tormented young entrepreneur Christian Grey, Anastasia Steele has broken off their relationship to start a new career with a Seattle publishing house.But desire for Christian still dominates her every waking thought, and when he proposes a new arrangement, Anastasia cannot resist. They rekindle their Daunted by the singular sexual tastes and dark secrets of the beautiful, tormented young entrepreneur Christian Grey, Anastasia Steele has broken off their relationship to start a new career with a Seattle publishing house.But desire for Christian still dominates her every waking thought, and when he proposes a new arrangement, Anastasia cannot resist. They rekindle their searing sensual affair, and Anastasia learns more about the harrowing past of her damaged, driven, and demanding Fifty Shades.While Christian wrestles with his inner demons, Anastasia must confront her anger and envy of the women who came before her and make the most important decision of her life.Erotic, sparkling and suspenseful, Fifty Shades Darker is the irresistibly addictive second part of the Fifty Shades trilogy.Learn more about E. L. James at thewriterscoffeeshop.com/ejames and on Twitter @E_L_JamesNeed the first Fifty Shades? Search Fifty Shades of Grey ...more","1327","8217","","0","Fifty Shades Darker (Fifty Shades #2)","37","Product Description","19","Product Information","19","NOARCHIVE,NOCACHE","","","","","","","","","18764","18764","18764","2.781","","348","89","3.910","70.618","Fairly Easy","11.502","2","2","","14","7","0","2.540","16","9","0","0","0","0","","","","","75f85aa8ec33094b63ebd45ffb0f279f","0.113","Wed, 08 Feb 2023 21:02:32 GMT","","","","en-us","1.1","","","","","","https://books.toscrape.com/catalogue/fifty-shades-darker-fifty-shades-2_892/index.html","2026-06-10 17:51:31"
"https://books.toscrape.com/media/cache/f7/a9/f7a90a63f66ac92cc280def001970ed2.jpg","image/jpeg","200","OK","Indexable","","","0","0","","0","0","","0","","0","","0","","0","","","","","","","","","","10905","10905","10905","1.616","","0","","","","","0.000","2","4","","0","0","0","0.000","0","0","0","0","0","0","","","","","","0.034","Wed, 08 Feb 2023 21:02:33 GMT","","","","","1.1","","","","","","https://books.toscrape.com/media/cache/f7/a9/f7a90a63f66ac92cc280def001970ed2.jpg","2026-06-10 17:51:31"
"https://books.toscrape.com/catalogue/the-wedding-pact-the-omalleys-2_767/index.html","text/html","200","OK","Indexable","","The Wedding Pact (The O'Malleys #2) | Books to Scrape - Sandbox","63","586","New York Times and USA Today bestselling author Katee Robert continues her smoking-hot series about the O'Malleys—wealthy, powerful, and full of scandalous family secrets. Carrigan O'Malley has always known her arranged marriage would be more about power and prestige than passion. But after one taste of the hard-bodied, whiskey-voiced James Halloran, she's ruined for anyo New York Times and USA Today bestselling author Katee Robert continues her smoking-hot series about the O'Malleys—wealthy, powerful, and full of scandalous family secrets. Carrigan O'Malley has always known her arranged marriage would be more about power and prestige than passion. But after one taste of the hard-bodied, whiskey-voiced James Halloran, she's ruined for anyone else. Too bad James and his family are enemy number 1. Hallorans vs. O'Malleys—that's how it's always been. James should be thinking more about how to expand his family's empire instead of how silky Carrigan's skin is against his and how he can next get her into his bed. Those are dangerous thoughts. But not nearly as dangerous as he'll be if he can't get what he wants: Carrigan by his side for the rest of their lives. ...more","1182","7387","","0","The Wedding Pact (The O'Malleys #2)","35","Product Description","19","Product Information","19","NOARCHIVE,NOCACHE","","","","","","","","","18691","18691","18691","2.770","","344","86","4.000","84.974","Easy","10.884","2","2","","14","7","0","2.540","16","9","0","0","0","0","","","","","7a0f4ce66081fb79c3892b042f8c219c","0.109","Wed, 08 Feb 2023 21:02:32 GMT","","","","en-us","1.1","","","","","","https://books.toscrape.com/catalogue/the-wedding-pact-the-omalleys-2_767/index.html","2026-06-10 17:51:31"
"https://books.toscrape.com/media/cache/a6/4b/a64b3c559f59748bfdbbe75be3e16075.jpg","image/jpeg","200","OK","Indexable","","","0","0","","0","0","","0","","0","","0","","0","","","","","","","","","","10239","10239","10239","1.517","","0","","","","","0.000","2","4","","0","0","0","0.000","0","0","0","0","0","0","","","","","","0.119","Wed, 08 Feb 2023 21:02:33 GMT","","","","","1.1","","","","","","https://books.toscrape.com/media/cache/a6/4b/a64b3c559f59748bfdbbe75be3e16075.jpg","2026-06-10 17:51:31"
"https://books.toscrape.com/catalogue/a-girls-guide-to-moving-on-new-beginnings-2_359/index.html","text/html","200","OK","Indexable","","A Girl's Guide to Moving On (New Beginnings #2) | Books to Scrape - Sandbox","75","684","NEW YORK TIMES BESTSELLER • In this powerful and uplifting novel, a mother and her daughter-in-law bravely leave their troubled marriages and face the challenge of starting over. Leaning on each other, Nichole and Leanne discover that their inner strength and capacity for love are greater than they ever imagined. When Nichole discovers that her husband, Jake, has been unfa NEW YORK TIMES BESTSELLER • In this powerful and uplifting novel, a mother and her daughter-in-law bravely leave their troubled marriages and face the challenge of starting over. Leaning on each other, Nichole and Leanne discover that their inner strength and capacity for love are greater than they ever imagined. When Nichole discovers that her husband, Jake, has been unfaithful, the illusion of her perfect life is indelibly shattered. While juggling her young son, a new job, and volunteer work, Nichole meets Rocco, who is the opposite of Jake in nearly every way. Though blunt-spoken and rough around the edges, Rocco proves to be a dedicated father and thoughtful friend. But just as their relationship begins to blossom, Jake wagers everything on winning Nichole back—including their son Owen’s happiness. Somehow, Nichole must find the courage to defy her fears and follow her heart, with far-reaching consequences for them all. Leanne has quietly ignored her husband’s cheating for decades, but is jolted into action by the echo of Nichole’s all-too-familiar crisis. While volunteering as a teacher of English as a second language, Leanne meets Nikolai, a charming, talented baker from Ukraine. Resolved to avoid the heartache and complications of romantic entanglements, Leanne nonetheless finds it difficult to resist Nikolai’s effusive overtures—until an unexpected tragedy tests the very fabric of her commitments. An inspiring novel of friendship, reinvention, and hope, A Girl’s Guide to Moving On affirms the ability of every woman to forge a new path, believe in love, and fearlessly find happiness.Praise for A Girl’s Guide to Moving On “Debbie Macomber’s finest novel. Betrayal and sorrow can happen in any stage of life and, in this wonderful story, her very nimble hands weave a spectacular kaleidoscope of courage, struggles, and finally joyous redemption and reinvention. Macomber totally understands the human heart. I absolutely loved it!”—Dorothea Benton Frank, New York Times bestselling author of All the Single Ladies “Whispers a message of love, hope, and, yes, reinvention to every woman who has ever wondered ‘Is that all there is?’ I predict every diehard Macomber fan—as well as legions of readers new to the Macomber magic—will be cheering for Leanne and Nichole, and clamoring for more, more, more.”—Mary Kay Andrews, New York Times bestselling author of Beach Town, Ladies’ Night, and Summer Rental “Macomber is a master at pulling heartstrings, and readers will delight in this heartwarming story of friendship, love, and second chances. Leanne, Nichole, Rocco, and Nikolai will renew your faith in love and hope. The perfect read curled up in front of the fire or on a beach, it’s as satisfying as a slice of freshly baked bread—wholesome, pleasantly filling, and delicious.”—Karen White, New York Times bestselling author of Flight Patterns “Beloved author Debbie Macomber reaches new heights in this wise and beautiful novel. It’s the kind of reading experience that comes along only rarely, bearing the hallmarks of a classic. The timeless wisdom in these pages will stay with you long after the book is closed.”—Susan Wiggs, #1 New York Times bestselling author of Starlight on Willow Lake “Debbie dazzles! A wonderful story of friendship, forgiveness and the power of love. I devoured every page!”—Susan Mallery, #1 New York Times bestselling author of The Friends We Keep ...more","3802","23379","","0","A Girl's Guide to Moving On (New Beginnings #2)","47","Product Description","19","Product Information","19","NOARCHIVE,NOCACHE","","","","","","","","","24172","24172","24172","3.582","","761","137","5.555","69.906","Normal","19.458","2","2","","8","4","0","1.450","16","9","0","0","0","0","","","","","de2db824f0f143e2b14c9c71aa18408","0.108","Wed, 08 Feb 2023 21:02:32 GMT","","","","en-us","1.1","","","","","","https://books.toscrape.com/catalogue/a-girls-guide-to-moving-on-new-beginnings-2_359/index.html","2026-06-10 17:51:31"
"https://books.toscrape.com/media/cache/1e/bb/1ebbbc3e2d3249b111033cfc40763b0b.jpg","image/jpeg","200","OK","Indexable","","","0","0","","0","0","","0","","0","","0","","0","","","","","","","","","","11147","11147","11147","1.652","","0","","","","","0.000","2","4","","0","0","0","0.000","0","0","0","0","0","0","","","","","","0.056","Wed, 08 Feb 2023 21:02:32 GMT","","","","","1.1","","","","","","https://books.toscrape.com/media/cache/1e/bb/1ebbbc3e2d3249b111033cfc40763b0b.jpg","2026-06-10 17:51:31"
"https://books.toscrape.com/media/cache/28/99/28992d89f4abf54fba183fc8d074adf3.jpg","image/jpeg","200","OK","Indexable","","","0","0","","0","0","","0","","0","","0","","0","","","","","","","","","","8764","8764","8764","1.299","","0","","","","","0.000","2","4","","0","0","0","0.000","0","0","0","0","0","0","","","","","","0.074","Wed, 08 Feb 2023 21:02:32 GMT","","","","","1.1","","","","","","https://books.toscrape.com/media/cache/28/99/28992d89f4abf54fba183fc8d074adf3.jpg","2026-06-10 17:51:31"
"https://books.toscrape.com/media/cache/8e/40/8e408552c2e7ee81cd60c03c79f604af.jpg","image/jpeg","200","OK","Indexable","","","0","0","","0","0","","0","","0","","0","","0","","","","","","","","","","8940","8940","8940","1.325","","0","","","","","0.000","2","4","","0","0","0","0.000","0","0","0","0","0","0","","","","","","0.104","Wed, 08 Feb 2023 21:02:33 GMT","","","","","1.1","","","","","","https://books.toscrape.com/media/cache/8e/40/8e408552c2e7ee81cd60c03c79f604af.jpg","2026-06-10 17:51:31"
"https://books.toscrape.com/catalogue/the-perfect-play-play-by-play-1_352/index.html","text/html","200","OK","Indexable","","The Perfect Play (Play by Play #1) | Books to Scrape - Sandbox","62","553","Football pro Mick Riley is an all-star, both on the field and in the bedroom. But a sexy, determinedly single mom just might be the one to throw him off his game...For years Mick has been taking full advantage of the life available to a pro athlete: fame, fortune, and a different girl in every city. But when he meets and beds confident, beautiful event planner Tara Lincoln Football pro Mick Riley is an all-star, both on the field and in the bedroom. But a sexy, determinedly single mom just might be the one to throw him off his game...For years Mick has been taking full advantage of the life available to a pro athlete: fame, fortune, and a different girl in every city. But when he meets and beds confident, beautiful event planner Tara Lincoln, he wants much more than the typical one-night stand. Too bad Tara's not interested in getting to know football's most notorious playboy any better.As the single mother of a teenage son, the last thing Tara needs is the jet-set lifestyle of Mick Riley; even though their steamy and passionate one-night stand was unforgettable. Tara's life is complicated enough without being thrust into the spotlight as Mick's latest girl du jour. Tara played the game of love once and lost big, and she doesn't intend to put herself out there again, especially with a heartbreaker like Mick.But when Mick sets his mind to win, nothing will stop him. And he has the perfect play in mind. ...more","1432","8582","","0","The Perfect Play (Play by Play #1)","34","Product Description","19","Product Information","19","NOARCHIVE,NOCACHE","","","","","","","","","19261","19261","19261","2.854","","409","91","4.495","92.231","Very Easy","11.802","2","2","","6","3","0","1.090","16","9","0","0","0","0","","","","","a87f05039e51ddba0755c5e7a4804056","0.114","Wed, 08 Feb 2023 21:02:32 GMT","","","","en-us","1.1","","","","","","https://books.toscrape.com/catalogue/the-perfect-play-play-by-play-1_352/index.html","2026-06-10 17:51:31"
"https://books.toscrape.com/media/cache/1d/78/1d78fe226e1adb9cb591fa21f8a9bf68.jpg","image/jpeg","200","OK","Indexable","","","0","0","","0","0","","0","","0","","0","","0","","","","","","","","","","10551","10551","10551","1.564","","0","","","","","0.000","2","4","","0","0","0","0.000","0","0","0","0","0","0","","","","","","0.036","Wed, 08 Feb 2023 21:02:32 GMT","","","","","1.1","","","","","","https://books.toscrape.com/media/cache/1d/78/1d78fe226e1adb9cb591fa21f8a9bf68.jpg","2026-06-10 17:51:31"
"https://books.toscrape.com/catalogue/the-wedding-dress_864/index.html","text/html","200","OK","Indexable","","The Wedding Dress | Books to Scrape - Sandbox","45","425","Four brides. One Dress.A tale of faith, redemption, and timeless love.Charlotte owns a chic Birmingham bridal boutique. Dressing brides for their big day is her gift . . . and her passion. But with her own wedding day approaching, why can't she find the perfect dress...or feel certain she should marry Tim?Then Charlotte discovers a vintage dress in a battered trunk at an e Four brides. One Dress.A tale of faith, redemption, and timeless love.Charlotte owns a chic Birmingham bridal boutique. Dressing brides for their big day is her gift . . . and her passion. But with her own wedding day approaching, why can't she find the perfect dress...or feel certain she should marry Tim?Then Charlotte discovers a vintage dress in a battered trunk at an estate sale. It looks brand-new-shimmering with pearls and satin, hand-stitched and timeless in its design. But where did it come from? Who wore it? Who welded the lock shut and tucked the dog tags in that little sachet? Who left it in the basement for a ten-year-old girl? And what about the mysterious man in the purple vest who insists the dress had been ""redeemed.""Charlotte's search for the gown's history-and its new bride-begins as a distraction from her sputtering love life. But it takes on a life of its own as she comes to know the women who have worn the dress. Emily from 1912. Mary Grace from 1939. Hillary from 1968. Each with her own story of promise, pain, and destiny. And each with something unique to share. For woven within the threads of the beautiful hundred-year-old gown is the truth about Charlotte's heritage, the power of courage and faith, and the timeless beauty of finding true love. ...more","1672","10174","","0","The Wedding Dress","17","Product Description","19","Product Information","19","NOARCHIVE,NOCACHE","","","","","","","","","19489","19489","19489","2.888","","435","110","3.955","93.522","Very Easy","12.737","2","2","","14","7","0","2.540","16","9","0","0","0","0","","","","","99ddcd8742e0c27b7f05d883b21c103e","0.118","Wed, 08 Feb 2023 21:02:32 GMT","","","","en-us","1.1","","","","","","https://books.toscrape.com/catalogue/the-wedding-dress_864/index.html","2026-06-10 17:51:31"
"https://books.toscrape.com/catalogue/black-dust_976/index.html","text/html","200","OK","Indexable","","Black Dust | Books to Scrape - Sandbox","38","346","No matter how busy he keeps himself, successful Broadway musician Tobias Spence can’t outrun the memory of a tragic car crash from his past that claimed a friend’s life and permanently injured his former boyfriend, Emmett.Even after losing Tobias, Emmett Henderson made peace with that awful night, living in his Indiana hometown where he has become a revered choral director No matter how busy he keeps himself, successful Broadway musician Tobias Spence can’t outrun the memory of a tragic car crash from his past that claimed a friend’s life and permanently injured his former boyfriend, Emmett.Even after losing Tobias, Emmett Henderson made peace with that awful night, living in his Indiana hometown where he has become a revered choral director. When his students are asked to perform in New York City, he decides to chance reconnecting with his former love, if for no other reason than to get a proper goodbye.When Emmett and Tobias finally meet 15 years after parting ways, it is clear to both of them that their feelings for each other have not changed. As they explore their renewed relationship, the two men face old hurts and the new challenges of a long-distance romance. Will Tobias lose his second chance at love to the ghosts he can’t seem to put to rest? ...more","1280","7948","","0","Black Dust","10","Product Description","19","Product Information","19","NOARCHIVE,NOCACHE","","","","","","","","","18533","18533","18533","2.747","","358","84","4.262","85.062","Easy","11.133","2","2","","16","8","0","2.900","16","9","0","0","0","0","","","","","5bec0320afad16bd8bda4778a82e40bd","0.115","Wed, 08 Feb 2023 21:02:32 GMT","","","","en-us","1.1","","","","","","https://books.toscrape.com/catalogue/black-dust_976/index.html","2026-06-10 17:51:31"
"https://books.toscrape.com/catalogue/take-me-home-tonight-rock-star-romance-3_605/index.html","text/html","200","OK","Indexable","","Take Me Home Tonight (Rock Star Romance #3) | Books to Scrape - Sandbox","71","682","A rocker gets a taste of unexpected passion in the latest red-hot Rock Star Romance from the award-winning author of I Want You to Want Me. Calix Bourbon might seem like a free spirit, but that’s all a front. In reality he’s just trying to keep his fractured family together while working as a session musician. When Blue Fire hires him to replace their keyboardist, Calix i A rocker gets a taste of unexpected passion in the latest red-hot Rock Star Romance from the award-winning author of I Want You to Want Me.   Calix Bourbon might seem like a free spirit, but that’s all a front. In reality he’s just trying to keep his fractured family together while working as a session musician. When Blue Fire hires him to replace their keyboardist, Calix is determined to make the most of the opportunity—but he can’t help being distracted by the band’s sexy personal chef.   Mimi’s temporary gig is great, but she has her heart set on auditioning for a televised cooking show. There’s just one problem: she only has a week to acquire the skills necessary to survive the competition. Luckily, the band’s new keyboard player can teach her exactly what she needs, in the kitchen and in the bedroom... ...more","1201","7223","","0","Take Me Home Tonight (Rock Star Romance #3)","43","Product Description","19","Product Information","19","NOARCHIVE,NOCACHE","","","","","","","","","18765","18765","18765","2.781","","370","86","4.302","93.860","Very Easy","11.026","2","2","","14","7","0","2.540","16","9","0","0","0","0","","","","","2907472617086341b00839a60006630a","0.111","Wed, 08 Feb 2023 21:02:32 GMT","","","","en-us","1.1","","","","","","https://books.toscrape.com/catalogue/take-me-home-tonight-rock-star-romance-3_605/index.html","2026-06-10 17:51:31"
"https://books.toscrape.com/media/cache/6b/07/6b07b77236b7c80f42bd90bf325e69f6.jpg","image/jpeg","200","OK","Indexable","","","0","0","","0","0","","0","","0","","0","","0","","","","","","","","","","47528","47528","47528","7.044","","0","","","","","0.000","2","4","","0","0","0","0.000","0","0","0","0","0","0","","","","","","0.031","Wed, 08 Feb 2023 21:02:32 GMT","","","","","1.1","","","","","","https://books.toscrape.com/media/cache/6b/07/6b07b77236b7c80f42bd90bf325e69f6.jpg","2026-06-10 17:51:31"
"https://books.toscrape.com/catalogue/a-gentlemans-position-society-of-gentlemen-3_584/index.html","text/html","200","OK","Indexable","","A Gentleman's Position (Society of Gentlemen #3) | Books to Scrape - Sandbox","76","699","Power, privilege, and the rigid rules of class leave two hearts yearning for connection in the sizzling new Society of Gentlemen novel from K. J. Charles. Among his eccentric though strictly principled group of friends, Lord Richard Vane is the confidant on whom everyone depends for advice, moral rectitude, and discreet assistance. Yet when Richard has a problem, he turns Power, privilege, and the rigid rules of class leave two hearts yearning for connection in the sizzling new Society of Gentlemen novel from K. J. Charles.  Among his eccentric though strictly principled group of friends, Lord Richard Vane is the confidant on whom everyone depends for advice, moral rectitude, and discreet assistance. Yet when Richard has a problem, he turns to his valet, a fixer of unparalleled genius—and the object of Richard’s deepest desires. If there is one rule a gentleman must follow, it is never to dally with servants. But when David is close enough to touch, the rules of class collide with the basest sort of animal instinct: overpowering lust.   For David Cyprian, burglary and blackmail are as much in a day’s work as bootblacking—anything for the man he’s devoted to. But the one thing he wants for himself is the one thing Richard refuses to give: his heart. With the tension between them growing to be unbearable, David’s seemingly incorruptible master has left him no choice. Putting his finely honed skills of seduction and manipulation to good use, he will convince Richard to forget all about his well-meaning objections and give in to sweet, sinful temptation.  Includes a special message from the editor, as well as an excerpt from another Loveswept title. ...more","1681","10158","","0","A Gentleman's Position (Society of Gentlemen #3)","48","Product Description","19","Product Information","19","NOARCHIVE,NOCACHE","","","","","","","","","19846","19846","19846","2.941","","435","97","4.485","82.676","Easy","12.885","2","2","","12","6","0","2.170","16","9","0","0","0","0","","","","","449934130dd43b24427d1827eae1d723","0.034","Wed, 08 Feb 2023 21:02:32 GMT","","","","en-us","1.1","","","","","","https://books.toscrape.com/catalogue/a-gentlemans-position-society-of-gentlemen-3_584/index.html","2026-06-10 17:51:31"
"https://books.toscrape.com/catalogue/chase-me-paris-nights-2_977/index.html","text/html","200","OK","Indexable","","Chase Me (Paris Nights #2) | Books to Scrape - Sandbox","54","497","A Michelin two-star chef at twenty-eight, Violette Lenoir could handle anything, including a cocky burglar who broke into her restaurant in the middle of the night.Or so she thought.Elite counterterrorist operative Chase “Smith” had been through things that made Hell Week look easy. But nothing had prepared him for a leather-clad blonde who held him at bay at knifepoint an A Michelin two-star chef at twenty-eight, Violette Lenoir could handle anything, including a cocky burglar who broke into her restaurant in the middle of the night.Or so she thought.Elite counterterrorist operative Chase “Smith” had been through things that made Hell Week look easy. But nothing had prepared him for a leather-clad blonde who held him at bay at knifepoint and dared him to take her on.Now if only saving the world didn’t require he ruin her life.Two people who thought they could handle anything now have to take on each other. It's a battle neither one expected. But with their futures on the line, they have nothing to lose...but their hearts.Warning: This book contains one arrogant Navy SEAL, nights of Paris passion, and a woman who wants to have it all. ...more","1160","7087","","0","Chase Me (Paris Nights #2)","26","Product Description","19","Product Information","19","NOARCHIVE,NOCACHE","","","","","","","","","19093","19093","19093","2.830","","340","89","3.820","88.250","Easy","10.373","2","2","","16","8","0","2.900","16","9","0","0","0","0","","","","","95b36a1ea906a59b66573748b275be08","0.033","Wed, 08 Feb 2023 21:02:32 GMT","","","","en-us","1.1","","","","","","https://books.toscrape.com/catalogue/chase-me-paris-nights-2_977/index.html","2026-06-10 17:51:31"
"https://books.toscrape.com/media/cache/6d/41/6d418a73cc7d4ecfd75ca11d854041db.jpg","image/jpeg","200","OK","Indexable","","","0","0","","0","0","","0","","0","","0","","0","","","","","","","","","","51619","51619","51619","7.650","","0","","","","","0.000","2","4","","0","0","0","0.000","0","0","0","0","0","0","","","","","","0.033","Wed, 08 Feb 2023 21:02:32 GMT","","","","","1.1","","","","","","https://books.toscrape.com/media/cache/6d/41/6d418a73cc7d4ecfd75ca11d854041db.jpg","2026-06-10 17:51:31"
"https://books.toscrape.com/media/cache/ea/04/ea0476a6f4c318ceccf5e2f2b39f2b15.jpg","image/jpeg","200","OK","Indexable","","","0","0","","0","0","","0","","0","","0","","0","","","","","","","","","","9483","9483","9483","1.405","","0","","","","","0.000","2","4","","0","0","0","0.000","0","0","0","0","0","0","","","","","","0.032","Wed, 08 Feb 2023 21:02:33 GMT","","","","","1.1","","","","","","https://books.toscrape.com/media/cache/ea/04/ea0476a6f4c318ceccf5e2f2b39f2b15.jpg","2026-06-10 17:51:31"
"https://books.toscrape.com/media/cache/de/76/de76d5c473c358bd41c03cf710692bfb.jpg","image/jpeg","200","OK","Indexable","","","0","0","","0","0","","0","","0","","0","","0","","","","","","","","","","8663","8663","8663","1.284","","0","","","","","0.000","2","4","","0","0","0","0.000","0","0","0","0","0","0","","","","","","0.098","Wed, 08 Feb 2023 21:02:33 GMT","","","","","1.1","","","","","","https://books.toscrape.com/media/cache/de/76/de76d5c473c358bd41c03cf710692bfb.jpg","2026-06-10 17:51:32"
"https://books.toscrape.com/media/cache/05/ce/05ce699eaf78c0fae20308497c4f496a.jpg","image/jpeg","200","OK","Indexable","","","0","0","","0","0","","0","","0","","0","","0","","","","","","","","","","6730","6730","6730","0.997","","0","","","","","0.000","2","4","","0","0","0","0.000","0","0","0","0","0","0","","","","","","0.100","Wed, 08 Feb 2023 21:02:32 GMT","","","","","1.1","","","","","","https://books.toscrape.com/media/cache/05/ce/05ce699eaf78c0fae20308497c4f496a.jpg","2026-06-10 17:51:32"
"https://books.toscrape.com/media/cache/f0/aa/f0aa9ae0319b1d6e0706e6053020e696.jpg","image/jpeg","200","OK","Indexable","","","0","0","","0","0","","0","","0","","0","","0","","","","","","","","","","9399","9399","9399","1.393","","0","","","","","0.000","2","4","","0","0","0","0.000","0","0","0","0","0","0","","","","","","0.099","Wed, 08 Feb 2023 21:02:33 GMT","","","","","1.1","","","","","","https://books.toscrape.com/media/cache/f0/aa/f0aa9ae0319b1d6e0706e6053020e696.jpg","2026-06-10 17:51:32"
"https://books.toscrape.com/catalogue/run-spot-run-the-ethics-of-keeping-pets_106/index.html","text/html","200","OK","Indexable","","Run, Spot, Run: The Ethics of Keeping Pets | Books to Scrape - Sandbox","70","629","A life shared with pets brings many emotions. We feel love for our companions, certainly, and happiness at the thought that we’re providing them with a safe, healthy life. But there’s another emotion, less often acknowledged, that can be nearly as powerful: guilt. When we see our cats gazing wistfully out the window, or watch a goldfish swim lazy circles in a bowl, we can’ A life shared with pets brings many emotions. We feel love for our companions, certainly, and happiness at the thought that we’re providing them with a safe, healthy life. But there’s another emotion, less often acknowledged, that can be nearly as powerful: guilt. When we see our cats gazing wistfully out the window, or watch a goldfish swim lazy circles in a bowl, we can’t help but wonder: are we doing the right thing, keeping these independent beings locked up, subject to our control? Is keeping pets actually good for the pets themselves?   That’s the question that animates Jessica Pierce’s powerful Run, Spot, Run. A lover of pets herself (including, over the years, dogs, cats, fish, rats, hermit crabs, and more), Pierce understands the joys that pets bring us. But she also refuses to deny the ambiguous ethics at the heart of the relationship, and through a mix of personal stories, philosophical reflections, and scientifically informed analyses of animal behavior and natural history, she puts pet-keeping to the test. Is it ethical to keep pets at all? Are some species more suited to the relationship than others? Are there species one should never attempt to own? And are there ways that we can improve our pets’ lives, so that we can be confident that we are giving them as much as they give us?   Deeply empathetic, yet rigorous and unflinching in her thinking, Pierce has written a book that is sure to help any pet owner, unsettling assumptions but also giving them the knowledge to build deeper, better relationships with the animals with whom they’ve chosen to share their lives. ...more","1988","12009","","0","Run, Spot, Run: The Ethics of Keeping Pets","42","Product Description","19","Product Information","19","NOARCHIVE,NOCACHE","","","","","","","","","21183","21183","21183","3.139","","494","106","4.660","86.336","Easy","13.552","2","2","","14","7","0","2.540","16","9","0","0","0","0","","","","","efe83ff75375a7b10b112bd5ac39db9b","0.094","Wed, 08 Feb 2023 21:02:32 GMT","","","","en-us","1.1","","","","","","https://books.toscrape.com/catalogue/run-spot-run-the-ethics-of-keeping-pets_106/index.html","2026-06-10 17:51:32"
"https://books.toscrape.com/media/cache/12/6e/126ef8f6473b81808ebbb9cff155e883.jpg","image/jpeg","200","OK","Indexable","","","0","0","","0","0","","0","","0","","0","","0","","","","","","","","","","5970","5970","5970","0.885","","0","","","","","0.000","2","4","","0","0","0","0.000","0","0","0","0","0","0","","","","","","0.026","Wed, 08 Feb 2023 21:02:32 GMT","","","","","1.1","","","","","","https://books.toscrape.com/media/cache/12/6e/126ef8f6473b81808ebbb9cff155e883.jpg","2026-06-10 17:51:32"
"https://books.toscrape.com/media/cache/65/71/6571919836ec51ed54f0050c31d8a0cd.jpg","image/jpeg","200","OK","Indexable","","","0","0","","0","0","","0","","0","","0","","0","","","","","","","","","","10001","10001","10001","1.482","","0","","","","","0.000","2","4","","0","0","0","0.000","0","0","0","0","0","0","","","","","","0.099","Wed, 08 Feb 2023 21:02:32 GMT","","","","","1.1","","","","","","https://books.toscrape.com/media/cache/65/71/6571919836ec51ed54f0050c31d8a0cd.jpg","2026-06-10 17:51:32"
"https://books.toscrape.com/catalogue/the-nicomachean-ethics_75/index.html","text/html","200","OK","Indexable","","The Nicomachean Ethics | Books to Scrape - Sandbox","50","473","‘One swallow does not make a summer; neither does one day. Similarly neither can one day, or a brief space of time, make a man blessed and happy’In the Nicomachean Ethics, Aristotle sets out to examine the nature of happiness. He argues that happiness consists in ‘activity of the soul in accordance with virtue’, for example with moral virtues, such as courage, generosity a ‘One swallow does not make a summer; neither does one day. Similarly neither can one day, or a brief space of time, make a man blessed and happy’In the Nicomachean Ethics, Aristotle sets out to examine the nature of happiness. He argues that happiness consists in ‘activity of the soul in accordance with virtue’, for example with moral virtues, such as courage, generosity and justice, and intellectual virtues, such as knowledge, wisdom and insight. The Ethics also discusses the nature of practical reasoning, the value and the objects of pleasure, the different forms of friendship, and the relationship between individual virtue, society and the State. Aristotle’s work has had a profound and lasting influence on all subsequent Western thought about ethical matters.J. A. K. Thomson’s translation has been revised by Hugh Tredennick, and is accompanied by a new introduction by Jonathan Barnes. This edition also includes an updated list for further reading and a new chronology of Aristotle’s life and works.Previously published as Ethics ...more","1429","8744","","0","The Nicomachean Ethics","22","Product Description","19","Product Information","19","NOARCHIVE,NOCACHE","","","","","","","","","19933","19933","19933","2.954","","377","94","4.011","76.201","Fairly Easy","11.396","2","2","","14","7","0","2.540","16","9","0","0","0","0","","","","","45a6d8db3a55689c396262205584a732","0.098","Wed, 08 Feb 2023 21:02:32 GMT","","","","en-us","1.1","","","","","","https://books.toscrape.com/catalogue/the-nicomachean-ethics_75/index.html","2026-06-10 17:51:32"
"https://books.toscrape.com/media/cache/df/c9/dfc9ed72e963572d23233b3a8cb01676.jpg","image/jpeg","200","OK","Indexable","","","0","0","","0","0","","0","","0","","0","","0","","","","","","","","","","8047","8047","8047","1.193","","0","","","","","0.000","2","4","","0","0","0","0.000","0","0","0","0","0","0","","","","","","0.030","Wed, 08 Feb 2023 21:02:33 GMT","","","","","1.1","","","","","","https://books.toscrape.com/media/cache/df/c9/dfc9ed72e963572d23233b3a8cb01676.jpg","2026-06-10 17:51:32"
"https://books.toscrape.com/catalogue/kierkegaard-a-christian-missionary-to-christians_527/index.html","text/html","200","OK","Indexable","","Kierkegaard: A Christian Missionary to Christians | Books to Scrape - Sandbox","77","687","Soren Kierkegaard (1813-1855) had a mission. The church had become weak, flabby and inconsequential. Being a Christian was more a cultural heritage than a spiritual reality. His mission reintroduce the Christian faith to Christians. How could he break through to people who were members of the church and thought they were Christians already? Like an Old Testament prophet, K Soren Kierkegaard (1813-1855) had a mission. The church had become weak, flabby and inconsequential. Being a Christian was more a cultural heritage than a spiritual reality. His mission reintroduce the Christian faith to Christians. How could he break through to people who were members of the church and thought they were Christians already? Like an Old Testament prophet, Kierkegaard used a variety of pointed and dramatic ways to shake people from their slumber. He incisively diagnosed the spiritual ailments of his age and offered a fresh take on classic Christian teaching. Mark Tietjen thinks that Kierkegaard's critique of his contemporaries strikes close to home today. We also need to listen to one of the most insightful yet complex Christian thinkers of any era. Through an examination of core Christian doctrines the person of Jesus Christ, human nature, Christian witness and love Tietjen helps us hear Kierkegaard's missionary message to a church that often fails to follow Christ with purity of heart."" ...more","1402","8643","","0","Kierkegaard: A Christian Missionary to Christians","49","Product Description","19","Product Information","19","NOARCHIVE,NOCACHE","","","","","","","","","19206","19206","19206","2.846","","369","95","3.884","78.858","Fairly Easy","11.732","2","2","","14","7","0","2.540","16","9","0","0","0","0","","","","","9a14d07e8954876fb487722b0e27b233","0.098","Wed, 08 Feb 2023 21:02:32 GMT","","","","en-us","1.1","","","","","","https://books.toscrape.com/catalogue/kierkegaard-a-christian-missionary-to-christians_527/index.html","2026-06-10 17:51:32"
"https://books.toscrape.com/media/cache/71/df/71df730cf38c232ee58a2e407135f055.jpg","image/jpeg","200","OK","Indexable","","","0","0","","0","0","","0","","0","","0","","0","","","","","","","","","","9991","9991","9991","1.481","","0","","","","","0.000","2","4","","0","0","0","0.000","0","0","0","0","0","0","","","","","","0.108","Wed, 08 Feb 2023 21:02:33 GMT","","","","","1.1","","","","","","https://books.toscrape.com/media/cache/71/df/71df730cf38c232ee58a2e407135f055.jpg","2026-06-10 17:51:32"
"https://books.toscrape.com/catalogue/untitled-collection-sabbath-poems-2014_953/index.html","text/html","200","OK","Indexable","","Untitled Collection: Sabbath Poems 2014 | Books to Scrape - Sandbox","67","617","More than thirty-five years ago, when the weather allowed, Wendell Berry began spending his sabbaths outdoors, walking and wandering around familiar territory, seeking a deep intimacy only time could provide. These walks arranged themselves into poems and each year since he has completed a sequence dated by the year of its composition. Last year we collected the lot into a More than thirty-five years ago, when the weather allowed, Wendell Berry began spending his sabbaths outdoors, walking and wandering around familiar territory, seeking a deep intimacy only time could provide. These walks arranged themselves into poems and each year since he has completed a sequence dated by the year of its composition. Last year we collected the lot into a collection, This Day, the Sabbath Poems 1979-2013. This new sequence for the following year is one of the richest yet. This group provides a virtual syllabus for all of Mr. Berry’s cultural and agricultural work in concentrated form. Many of these poems are drawn from the view from a small porch in the woods, a place of stillness and reflection, a vantage point “of the one/life of the forest composed/of uncountable lives in countless/years each life coherent itself within/ the coherence, the great composure,/of all.” A new collection of Wendell Berry poems is always an occasion of joyful celebration and this one is especially so. ...more","1397","8575","","0","Untitled Collection: Sabbath Poems 2014","39","Product Description","19","Product Information","19","NOARCHIVE,NOCACHE","","","","","","","","","19629","19629","19629","2.909","","380","91","4.176","83.489","Easy","11.537","2","2","","14","7","0","2.540","16","9","0","0","0","0","","","","","2995c447eb2d9d37a0ddeb691aa82711","0.032","Wed, 08 Feb 2023 21:02:32 GMT","","","","en-us","1.1","","","","","","https://books.toscrape.com/catalogue/untitled-collection-sabbath-poems-2014_953/index.html","2026-06-10 17:51:32"
"https://books.toscrape.com/catalogue/the-stranger_861/index.html","text/html","200","OK","Indexable","","The Stranger | Books to Scrape - Sandbox","40","368","This is an alternate cover edition for ISBN 0679720200.Through the story of an ordinary man unwittingly drawn into a senseless murder on an Algerian beach, Camus explored what he termed ""the nakedness of man faced with the absurd."" First published in English in 1946; now in a new translation by Matthew Ward.","309","1946","","0","The Stranger","12","Product Description","19","Product Information","19","NOARCHIVE,NOCACHE","","","","","","","","","16653","16653","16653","2.468","","192","65","2.954","94.562","Very Easy","6.507","2","2","","14","7","0","2.540","16","9","0","0","0","0","","","","","f1392a0de5088bba10ce97350ff0fc7f","0.100","Wed, 08 Feb 2023 21:02:32 GMT","","","","en-us","1.1","","","","","","https://books.toscrape.com/catalogue/the-stranger_861/index.html","2026-06-10 17:51:32"
"https://books.toscrape.com/catalogue/beyond-good-and-evil_6/index.html","text/html","200","OK","Indexable","","Beyond Good and Evil | Books to Scrape - Sandbox","48","443","Friedrich Nietzsche's Beyond Good and Evil is translated from the German by R.J. Hollingdale with an introduction by Michael Tanner in Penguin Classics.Beyond Good and Evil confirmed Nietzsche's position as the towering European philosopher of his age. The work dramatically rejects the tradition of Western thought with its notions of truth and God, good and evil. Nietzsche Friedrich Nietzsche's Beyond Good and Evil is translated from the German by R.J. Hollingdale with an introduction by Michael Tanner in Penguin Classics.Beyond Good and Evil confirmed Nietzsche's position as the towering European philosopher of his age. The work dramatically rejects the tradition of Western thought with its notions of truth and God, good and evil. Nietzsche demonstrates that the Christian world is steeped in a false piety and infected with a 'slave morality'. With wit and energy, he turns from this critique to a philosophy that celebrates the present and demands that the individual imposes their own 'will to power' upon the world.This edition includes a commentary on the text by the translator and Michael Tanner's introduction, which explains some of the more abstract passages in Beyond Good and Evil.Frederich Nietzsche (1844-1900) became the chair of classical philology at Basel University at the age of 24 until his bad health forced him to retire in 1879. He divorced himself from society until his final collapse in 1899 when he became insane. A powerfully original thinker, Nietzsche's influence on subsequent writers, such as George Bernard Shaw, D.H. Lawrence, Thomas Mann and Jean-Paul Sartre, was considerable.If you enjoyed Beyond Good and Evil you might like Nietzsche's Thus Spoke Zarathustra, also available in Penguin Classics.'One of the greatest books of a very great thinker'Michael Tanner ...more","1819","11188","","0","Beyond Good and Evil","20","Product Description","19","Product Information","19","NOARCHIVE,NOCACHE","","","","","","","","","20545","20545","20545","3.045","","428","105","4.076","77.972","Fairly Easy","12.877","2","2","","14","7","0","2.540","16","9","0","0","0","0","","","","","1d121603139052151164c83dc9896cd4","0.098","Wed, 08 Feb 2023 21:02:32 GMT","","","","en-us","1.1","","","","","","https://books.toscrape.com/catalogue/beyond-good-and-evil_6/index.html","2026-06-10 17:51:32"
"https://books.toscrape.com/catalogue/the-crossover_398/index.html","text/html","200","OK","Indexable","","The Crossover | Books to Scrape - Sandbox","41","381","""With a bolt of lightning on my kicks . . .The court is SIZZLING. My sweat is DRIZZLING. Stop all that quivering. Cuz tonight I'm delivering,"" announces dread-locked, 12-year old Josh Bell. He and his twin brother Jordan are awesome on the court. But Josh has more than basketball in his blood, he's got mad beats, too, that tell his family's story in verse, in this fast and ""With a bolt of lightning on my kicks . . .The court is SIZZLING. My sweat is DRIZZLING. Stop all that quivering. Cuz tonight I'm delivering,"" announces dread-locked, 12-year old Josh Bell. He and his twin brother Jordan are awesome on the court. But Josh has more than basketball in his blood, he's got mad beats, too, that tell his family's story in verse, in this fast and furious middle grade novel of family and brotherhood. Josh and Jordan must come to grips with growing up on and off the court to realize breaking the rules comes at a terrible price, as their story's heart-stopping climax proves a game-changer for the entire family. ...more","1026","6163","","0","The Crossover","13","Product Description","19","Product Information","19","NOARCHIVE,NOCACHE","","","","","","","","","18533","18533","18533","2.747","","330","89","3.708","97.706","Very Easy","9.858","2","2","","6","3","0","1.090","16","9","0","0","0","0","","","","","53d6a0c06695eb9e24e923294c5357bc","0.034","Wed, 08 Feb 2023 21:02:32 GMT","","","","en-us","1.1","","","","","","https://books.toscrape.com/catalogue/the-crossover_398/index.html","2026-06-10 17:51:32"
"https://books.toscrape.com/catalogue/leave-this-song-behind-teen-poetry-at-its-best_474/index.html","text/html","200","OK","Indexable","","Leave This Song Behind: Teen Poetry at Its Best | Books to Scrape - Sandbox","75","678","It's been 10 years since the last book in the ""Teen Ink"" series"" Written in the Dirt ""was published. Now, a whole new batch of teen writers has emerged with their own unique voices. ""Leave This Song Behind"" features the best poetry submitted by those writers to ""Teen Ink"" over the last five years. The pieces in this book were chosen because they were so powerful that they It's been 10 years since the last book in the ""Teen Ink"" series"" Written in the Dirt ""was published. Now, a whole new batch of teen writers has emerged with their own unique voices. ""Leave This Song Behind"" features the best poetry submitted by those writers to ""Teen Ink"" over the last five years. The pieces in this book were chosen because they were so powerful that they stood out from the rest. ""Teen Ink"" editors took a deep look into each poem's strengths then divided ""Leave This Song Behind"" into seven sections based on the poetic techniques or qualities that moved them most. Vivid sensory details made some poems shine; others caught their attention with simple, sparse language. Still others were chosen because of their thoughtful use of form; compelling stories; strong figurative language; unexpected connections and wit; and fresh writing about familiar topics.Dig in and let these brave young voices capture your heart and mind with their passion, their pain, and their amazing poetry! ...more","1386","8434","","0","Leave This Song Behind: Teen Poetry at Its Best","47","Product Description","19","Product Information","19","NOARCHIVE,NOCACHE","","","","","","","","","19155","19155","19155","2.839","","393","91","4.319","95.033","Very Easy","11.643","2","2","","10","5","0","1.810","16","9","0","0","0","0","","","","","aadd91e480c1a1c693b75b939563ceaa","0.031","Wed, 08 Feb 2023 21:02:32 GMT","","","","en-us","1.1","","","","","","https://books.toscrape.com/catalogue/leave-this-song-behind-teen-poetry-at-its-best_474/index.html","2026-06-10 17:51:32"
"https://books.toscrape.com/catalogue/twenty-love-poems-and-a-song-of-despair_91/index.html","text/html","200","OK","Indexable","","Twenty Love Poems and a Song of Despair | Books to Scrape - Sandbox","67","633","Drawn from the most intimate and personal associations, Pablo Neruda's most beloved collection of poetry juxtaposes the exuberance of youthful passion with the desolation of grief, the sensuality of the body with the metaphorical nuances of nature. Pulitzer Prize-winning poet W. S. Merwin's masterly translation faces the original Spanish text. This edition also features an Drawn from the most intimate and personal associations, Pablo Neruda's most beloved collection of poetry juxtaposes the exuberance of youthful passion with the desolation of grief, the sensuality of the body with the metaphorical nuances of nature. Pulitzer Prize-winning poet W. S. Merwin's masterly translation faces the original Spanish text. This edition also features an insightful Introduction by Cristina Garcia. More than eighty years after its publication, Twenty Love Poems and a Song of Despair stands as an essential collection that continues to inspire lovers and poets around the world. ...more","984","6020","","0","Twenty Love Poems and a Song of Despair","39","Product Description","19","Product Information","19","NOARCHIVE,NOCACHE","","","","","","","","","18222","18222","18222","2.701","","299","82","3.646","77.224","Fairly Easy","9.900","2","2","","2","1","0","0.360","16","9","0","0","0","0","","","","","fa654373c915c721c2f3a6cae0596871","0.032","Wed, 08 Feb 2023 21:02:32 GMT","","","","en-us","1.1","","","","","","https://books.toscrape.com/catalogue/twenty-love-poems-and-a-song-of-despair_91/index.html","2026-06-10 17:51:32"
"https://books.toscrape.com/catalogue/booked_365/index.html","text/html","200","OK","Indexable","","Booked | Books to Scrape - Sandbox","34","318","Like lightning/you strike/fast and free/legs zoom/down field/eyes fixed/on the checkered ball/on the goal/ten yards to go/can’t nobody stop you/can’t nobody cop you… In this follow-up to the Newbery-winning novel THE CROSSOVER, soccer, family, love, and friendship, take center stage as twelve-year-old Nick learns the power of words as he wrestles with problems at home, sta Like lightning/you strike/fast and free/legs zoom/down field/eyes fixed/on the checkered ball/on the goal/ten yards to go/can’t nobody stop you/can’t nobody cop you… In this follow-up to the Newbery-winning novel THE CROSSOVER,  soccer, family, love, and friendship, take center stage as twelve-year-old Nick learns the power of words as he wrestles with problems at home, stands up to a bully, and tries to impress the girl of his dreams. Helping him along are his best friend and sometimes teammate Coby, and The Mac, a rapping librarian who gives Nick inspiring books to read.   This electric and heartfelt novel-in-verse by poet Kwame Alexander bends and breaks as it captures all the thrills and setbacks, action and emotion of a World Cup match! ...more","1135","7015","","0","Booked","6","Product Description","19","Product Information","19","NOARCHIVE,NOCACHE","","","","","","","","","18500","18500","18500","2.742","","319","78","4.090","87.585","Easy","10.299","2","2","","4","2","0","0.720","16","9","0","0","0","0","","","","","92a1ab718534a455de92f416c860097b","0.034","Wed, 08 Feb 2023 21:02:32 GMT","","","","en-us","1.1","","","","","","https://books.toscrape.com/catalogue/booked_365/index.html","2026-06-10 17:51:32"
"https://books.toscrape.com/catalogue/the-collected-poems-of-wb-yeats-the-collected-works-of-wb-yeats-1_441/index.html","text/html","200","OK","Indexable","","The Collected Poems of W.B. Yeats (The Collected Works of W.B. Yeats #1) | Books to Scrape - Sandbox","100","922","The Collected Poems of W. B. Yeats includes all of the poems authorized by Yeats for inclusion in his standard canon. Breathtaking in range, it encompasses the entire arc of his career, from luminous reworking of ancient Irish myths and legends to passionate meditations on the demands and rewards of youth and old age, from exquisite, occasionally whimsical songs of love, n The Collected Poems of W. B. Yeats includes all of the poems authorized by Yeats for inclusion in his standard canon. Breathtaking in range, it encompasses the entire arc of his career, from luminous reworking of ancient Irish myths and legends to passionate meditations on the demands and rewards of youth and old age, from exquisite, occasionally whimsical songs of love, nature, and art to somber and angry poems of life in a nation torn by war and uprising. In observing the development of rich and recurring images and themes over the course of his body of work, we can trace the quest of this century's greatest poet to unite intellect and artistry in a single magnificent vision.Revised and corrected, this edition includes Yeat's own notes on his poetry, complemented by explanatory notes from esteemed Yeats scholar Richard J. Finneran. The Collected Poems of W. B. Yeats is the most comprehensive edition of one of the world's most beloved poets available in paperback. ...more","1363","8388","","0","The Collected Poems of W.B. Yeats (The Collected Works of W.B. Yeats #1)","72","Product Description","19","Product Information","19","NOARCHIVE,NOCACHE","","","","","","","","","19234","19234","19234","2.850","","392","100","3.920","87.394","Easy","11.756","2","2","","8","4","0","1.450","16","9","0","0","0","0","","","","","c35bcfec7f8aa6f691c818927fe8393b","0.032","Wed, 08 Feb 2023 21:02:32 GMT","","","","en-us","1.1","","","","","","https://books.toscrape.com/catalogue/the-collected-poems-of-wb-yeats-the-collected-works-of-wb-yeats-1_441/index.html","2026-06-10 17:51:32"
"https://books.toscrape.com/catalogue/poems-that-make-grown-women-cry_824/index.html","text/html","200","OK","Indexable","","Poems That Make Grown Women Cry | Books to Scrape - Sandbox","59","586","Following the success of their anthology Poems That Make Grown Men Cry, father-and-son team Anthony and Ben Holden, working with Amnesty International, have asked the same revealing question of 100 remarkable women. What poem has moved you to tears?The poems chosen range from the eighth century to today, from Rumi and Shakespeare to Sylvia Plath, W.H. Auden to Carol Ann Du Following the success of their anthology Poems That Make Grown Men Cry, father-and-son team Anthony and Ben Holden, working with Amnesty International, have asked the same revealing question of 100 remarkable women. What poem has moved you to tears?The poems chosen range from the eighth century to today, from Rumi and Shakespeare to Sylvia Plath, W.H. Auden to Carol Ann Duffy, Pablo Neruda and Derek Walcott to Imtiaz Dharker and Warsan Shire. Their themes range from love and loss, through mortality and mystery, war and peace, to the beauty and variety of nature. From Yoko Ono to Judi Dench, Chimamanda Ngozi Adichie to Elena Ferrante, Carol Ann Duffy to Kaui Hart Hemmings, and Joan Baez to Nikki Giovanni, this unique collection delivers private insights into the minds of women whose writing, acting, and thinking are admired around the world. ...more","1236","7913","","0","Poems That Make Grown Women Cry","31","Product Description","19","Product Information","19","NOARCHIVE,NOCACHE","","","","","","","","","18892","18892","18892","2.800","","357","87","4.103","83.946","Easy","11.079","2","2","","14","7","0","2.540","16","9","0","0","0","0","","","","","a62bd97366d8b692ac5506f24d55a535","0.035","Wed, 08 Feb 2023 21:02:32 GMT","","","","en-us","1.1","","","","","","https://books.toscrape.com/catalogue/poems-that-make-grown-women-cry_824/index.html","2026-06-10 17:51:32"
"https://books.toscrape.com/catalogue/quarter-life-poetry-poems-for-the-young-broke-and-hangry_727/index.html","text/html","200","OK","Indexable","","Quarter Life Poetry: Poems for the Young, Broke and Hangry | Books to Scrape - Sandbox","86","786","The creator of the popular Tumblr and Instagram ""Quarter Life Poetry"" tackles the real-life truths of work, money, sex, and many other challenges 20-somethings face in a laugh-out-loud collection of poetry.Samantha Jayne knows that life post-college isn't as glamorous as all undergrads think it's going to be... because she's currently living it. A graphic artist, Sam start The creator of the popular Tumblr and Instagram ""Quarter Life Poetry"" tackles the real-life truths of work, money, sex, and many other challenges 20-somethings face in a laugh-out-loud collection of poetry.Samantha Jayne knows that life post-college isn't as glamorous as all undergrads think it's going to be... because she's currently living it. A graphic artist, Sam started creating doodles and funny poems about her life as a 25-year-old. And when she decided to put them on Instagram, the captions were full of other people tagging friends and saying, ""This is literally us."" At a time where it seems like everyone around you is getting married, making more money than you do, and paying off their student loans, Sam's poetry captures the voice of millennials everywhere who know that being in your 20s can sometimes be the exact opposite of ""the best years of your life."" ...more","1262","7651","","0","Quarter Life Poetry: Poems for the Young, Broke and Hangry","58","Product Description","19","Product Information","19","NOARCHIVE,NOCACHE","","","","","","","","","18939","18939","18939","2.807","","365","89","4.101","88.868","Easy","11.379","2","2","","14","7","0","2.540","16","9","0","0","0","0","","","","","757f78b9da7b658ffc2172573c6f066b","0.030","Wed, 08 Feb 2023 21:02:32 GMT","","","","en-us","1.1","","","","","","https://books.toscrape.com/catalogue/quarter-life-poetry-poems-for-the-young-broke-and-hangry_727/index.html","2026-06-10 17:51:32"
"https://books.toscrape.com/catalogue/howl-and-other-poems_522/index.html","text/html","200","OK","Indexable","","Howl and Other Poems | Books to Scrape - Sandbox","48","458","The prophetic poem that launched a generation when it was first published in 1965 is here presented in a commemorative fortieth Anniversary Edition.When the book arrived from its British printers, it was seized almost immediately by U.S. Customs, and shortly thereafter the San Francisco police arrested its publisher and editor, Lawrence Ferlinghetti, together with City Lig The prophetic poem that launched a generation when it was first published in 1965 is here presented in a commemorative fortieth Anniversary Edition.When the book arrived from its British printers, it was seized almost immediately by U.S. Customs, and shortly thereafter the San Francisco police arrested its publisher and editor, Lawrence Ferlinghetti, together with City Lights Bookstore manager Shigeyoshi Murao. The two of them were charged with disseminating obscene literature, and the case went to trial in the municipal court of Judge Clayton Horn. A parade of distinguished literary and academic witnesses persuaded the judge that the title poem was indeed not obscene and that it had “redeeming social significance.”Thus was Howl & Other Poems freed to become the single most influential poetic work of the post-World War II era, with over 900,000 copies now in print."" ...more","1262","7763","","0","Howl and Other Poems","20","Product Description","19","Product Information","19","NOARCHIVE,NOCACHE","","","","","","","","","18701","18701","18701","2.771","","343","88","3.898","81.282","Easy","11.005","2","2","","12","6","0","2.170","16","9","0","0","0","0","","","","","cb6ecbe50b4bf9c043803bab3ee20c1e","0.030","Wed, 08 Feb 2023 21:02:32 GMT","","","","en-us","1.1","","","","","","https://books.toscrape.com/catalogue/howl-and-other-poems_522/index.html","2026-06-10 17:51:32"
"https://books.toscrape.com/catalogue/salt_731/index.html","text/html","200","OK","Indexable","","salt. | Books to Scrape - Sandbox","33","290","Salt is a journey through warmth and sharpness. This collection of poetry explores the realities of multiple identities, language, diasporic life & pain, the self, community, healing, celebration, and love.","206","1212","","0","salt.","5","Product Description","19","Product Information","19","NOARCHIVE,NOCACHE","","","","","","","","","16501","16501","16501","2.445","","176","64","2.750","96.852","Very Easy","6.082","2","2","","14","7","0","2.540","16","9","0","0","0","0","","","","","4341fca76892443432b73a894d2bd991","0.030","Wed, 08 Feb 2023 21:02:32 GMT","","","","en-us","1.1","","","","","","https://books.toscrape.com/catalogue/salt_731/index.html","2026-06-10 17:51:32"
"https://books.toscrape.com/catalogue/slow-states-of-collapse-poems_960/index.html","text/html","200","OK","Indexable","","Slow States of Collapse: Poems | Books to Scrape - Sandbox","58","536","The eagerly anticipated debut from one of Canada’s most exciting new poets In her debut collection, Ashley-Elizabeth Best explores the cultivation of resilience during uncertain and often trying times. It’s a book built around day-to-day conflicts — poems about love, family, grief, power, and longing. Navigating the fault lines of popular culture and traditional poetry to The eagerly anticipated debut from one of Canada’s most exciting new poets In her debut collection, Ashley-Elizabeth Best explores the cultivation of resilience during uncertain and often trying times. It’s a book built around day-to-day conflicts — poems about love, family, grief, power, and longing. Navigating the fault lines of popular culture and traditional poetry to assert that we are all history makers, Slow States of Collapse enters the landscape of personal narrative in an attempt to reconcile life’s little universal griefs.Slow States of Collapse presents a world that is at once menacing and full of wonder and grace. It’s a poetry of “casual cruelty” and “kisses like / puncture wounds,” of “something too tender to touch” and “the threat of an intense beauty.” In this collection, illness confronts bedside manners while a migrant restlessness also paints remarkable portraits of shifting self-image, and in the process the nature of personal and political power is reimagined. ...more","1379","8266","","0","Slow States of Collapse: Poems","30","Product Description","19","Product Information","19","NOARCHIVE,NOCACHE","","","","","","","","","19846","19846","19846","2.941","","366","88","4.159","73.864","Fairly Easy","11.314","2","2","","14","7","0","2.540","16","9","0","0","0","0","","","","","8de2ce695ce574703b1d1a9d864ba142","0.028","Wed, 08 Feb 2023 21:02:32 GMT","","","","en-us","1.1","","","","","","https://books.toscrape.com/catalogue/slow-states-of-collapse-poems_960/index.html","2026-06-10 17:51:32"
"https://books.toscrape.com/catalogue/you-cant-bury-them-all-poems_961/index.html","text/html","200","OK","Indexable","","You can't bury them all: Poems | Books to Scrape - Sandbox","58","527","A poetry that is at once harrowing, angry, and achingly beautiful Patrick Woodcock has spent the past seven years engaging with and being shaped by the people, politics, and landscapes of the Kurdish north of Iraq, Fort Good Hope in the Northwest Territories, and Azerbaijan. His powerful new collection offers a poetry that simultaneously explores hope and horror while doc A poetry that is at once harrowing, angry, and achingly beautiful Patrick Woodcock has spent the past seven years engaging with and being shaped by the people, politics, and landscapes of the Kurdish north of Iraq, Fort Good Hope in the Northwest Territories, and Azerbaijan. His powerful new collection offers a poetry that simultaneously explores hope and horror while documenting the transformative processes of coping. You can’t bury them all follows the narratives we construct to survive the tragic failures of our humanity to their very end: everything that’s buried by snow, dirt, and ash, just like everything that’s buried by politics, homophobia, sexism, racism, religion; and history is resurrected, demanding to be heard and addressed.In Woodcock’s poetry, how we deal with what resurfaces is the key. What do those who suffer really mean to those who have abandoned them to small, conscience-soothing charitable donations or the occasional tweet? How can the poet, or anyone else, sleep at night knowing homosexuals are being thrown off building tops, after one steps into a hole and finds an abandoned corpse in an Azeri cemetery, or after the elders of an Aboriginal community are left helpless against those who only want to exploit them? Still, You can’t bury them all demonstrates that the world is not just the horrific place the media often portrays. In each of the worlds he touches, Woodcock discovers a spirit and strength to celebrate. ...more","1843","11307","","0","You can't bury them all: Poems","30","Product Description","19","Product Information","19","NOARCHIVE,NOCACHE","","","","","","","","","20803","20803","20803","3.083","","453","98","4.622","78.885","Fairly Easy","13.017","2","2","","16","8","0","2.900","16","9","0","0","0","0","","","","","d0d8ff5dbcd178b1ccbab67c3e9b80fb","0.029","Wed, 08 Feb 2023 21:02:32 GMT","","","","en-us","1.1","","","","","","https://books.toscrape.com/catalogue/you-cant-bury-them-all-poems_961/index.html","2026-06-10 17:51:32"
"https://books.toscrape.com/catalogue/night-sky-with-exit-wounds_822/index.html","text/html","200","OK","Indexable","","Night Sky with Exit Wounds | Books to Scrape - Sandbox","54","494","“Reading Vuong is like watching a fish move: he manages the varied currents of English with muscled intuition. His poems are by turns graceful and wonderstruck. His lines are both long and short, his pose narrative and lyric, his diction formal and insouciant. From the outside, Vuong has fashioned a poetry of inclusion.”—The New YorkerOcean Vuong's first full-length collec “Reading Vuong is like watching a fish move: he manages the varied currents of English with muscled intuition. His poems are by turns graceful and wonderstruck. His lines are both long and short, his pose narrative and lyric, his diction formal and insouciant. From the outside, Vuong has fashioned a poetry of inclusion.”—The New YorkerOcean Vuong's first full-length collection aims straight for the perennial ""big""—and very human—subjects of romance, family, memory, grief, war, and melancholia. None of these he allows to overwhelm his spirit or his poems, which demonstrate, through breath and cadence and unrepentant enthrallment, that a gentle palm on a chest can calm the fiercest hungers. ...more","1081","6659","","0","Night Sky with Exit Wounds","26","Product Description","19","Product Information","19","NOARCHIVE,NOCACHE","","","","","","","","","18444","18444","18444","2.733","","322","87","3.701","86.688","Easy","10.450","2","2","","14","7","0","2.540","16","9","0","0","0","0","","","","","35a4e2bc1da2793715ccb1ab1cf1a791","0.031","Wed, 08 Feb 2023 21:02:32 GMT","","","","en-us","1.1","","","","","","https://books.toscrape.com/catalogue/night-sky-with-exit-wounds_822/index.html","2026-06-10 17:51:33"
"https://books.toscrape.com/catalogue/out-of-print-city-lights-spotlight-no-14_536/index.html","text/html","200","OK","Indexable","","Out of Print: City Lights Spotlight No. 14 | Books to Scrape - Sandbox","70","606","The third full-length collectionby Julien Poirier, Out of Print is a truly bicoastal volume, reflecting the poet's years in New York as well as his return to his Bay Area roots. Consider it a meetinghouse between late New York School and contemporary California surrealism, a series of quips intercepted from America's underground poetry telegraph, or an absurdist mirror hel The third full-length collection by Julien Poirier, Out of Print is a truly bicoastal volume, reflecting the poet's years in New York as well as his return to his Bay Area roots. Consider it a meetinghouse between late New York School and contemporary California surrealism, a series of quips intercepted from America's underground poetry telegraph, or an absurdist mirror held up to consumerist culture.""Welcome Julien Poirier! What a distinct inspired voice. His work is abundant in surprise. His musical,often bonkers play of language is, for me, a source of delight & revelation.""—David Meltzer""Julien Poirier’s poems calibrate the vernacular in a sublime mathematics of commonalities. The effect is that of feelings on the run, enunciated clearly. In a sudden down-draught—'You’re wind, you melt on my tongue'—he’ll take the contemporary love poem into new stretches of believability while knowingly calling to account the failings that, whether perennial or merely topical, hem round ourselves to disastrous effect. For, no mistake, Out of Print means business: a forceful wake-up call, allowing as how for this old world the time for meaningful action may well have run out and we’ve joined the fabled damned, lost but for such eloquence, affection, and mad, mad laughter in Hell’s despite.""—Bill Berkson""Out of Print’s unexpectedly a love poem, its humor sharpening into dissonant pleasure. And what a pleasure! Julien Poirier’s weirdly direct and directly weird poems notice what an event is, whether it’s four square monks in a Coupe de Ville or becoming the Invisible Hand, and render that event into a sensual and searching landscape. You are really there, no where, but there, in poetry as a means to think differently, and maybe, absurdly, hope.""—Karen WeiserJulien Poirier is the co-founder of Ugly Duckling Presse. He has taught poetry in New York City and San Francisco public schools and at San Quentin State Prison. Previous books include Way Too West (2015) and El Golpe Chileño (2010). ...more","2390","14509","","0","Out of Print: City Lights Spotlight No. 14","42","Product Description","19","Product Information","19","NOARCHIVE,NOCACHE","","","","","","","","","21251","21251","21251","3.149","","535","115","4.652","73.869","Fairly Easy","15.365","2","2","","14","7","0","2.540","16","9","0","0","0","0","","","","","52dbf6a2a9bf036e7c645585d2aa5ef","0.031","Wed, 08 Feb 2023 21:02:32 GMT","","","","en-us","1.1","","","","","","https://books.toscrape.com/catalogue/out-of-print-city-lights-spotlight-no-14_536/index.html","2026-06-10 17:51:33"
"https://books.toscrape.com/media/cache/7d/cf/7dcf6c3b419bf7e7e3b3b8162b177869.jpg","image/jpeg","200","OK","Indexable","","","0","0","","0","0","","0","","0","","0","","0","","","","","","","","","","9410","9410","9410","1.395","","0","","","","","0.000","2","4","","0","0","0","0.000","0","0","0","0","0","0","","","","","","0.031","Wed, 08 Feb 2023 21:02:33 GMT","","","","","1.1","","","","","","https://books.toscrape.com/media/cache/7d/cf/7dcf6c3b419bf7e7e3b3b8162b177869.jpg","2026-06-10 17:51:33"
"https://books.toscrape.com/catalogue/les-fleurs-du-mal_530/index.html","text/html","200","OK","Indexable","","Les Fleurs du Mal | Books to Scrape - Sandbox","45","409","Presents the first American translation of the complete text of Baudelaire's 1857 masterwork and includes the complete original French texts for easy comparison.","161","999","","0","Les Fleurs du Mal","17","Product Description","19","Product Information","19","NOARCHIVE,NOCACHE","","","","","","","","","16576","16576","16576","2.457","","173","65","2.662","99.973","Very Easy","5.855","2","2","","14","7","0","2.540","16","9","0","0","0","0","","","","","a64281ffd12d9edb0f031ad44b312382","0.031","Wed, 08 Feb 2023 21:02:32 GMT","","","","en-us","1.1","","","","","","https://books.toscrape.com/catalogue/les-fleurs-du-mal_530/index.html","2026-06-10 17:51:33"
"https://books.toscrape.com/media/cache/61/2c/612caeb0b2acb35c100629f0f52a40d7.jpg","image/jpeg","200","OK","Indexable","","","0","0","","0","0","","0","","0","","0","","0","","","","","","","","","","10236","10236","10236","1.517","","0","","","","","0.000","2","4","","0","0","0","0.000","0","0","0","0","0","0","","","","","","0.034","Wed, 08 Feb 2023 21:02:32 GMT","","","","","1.1","","","","","","https://books.toscrape.com/media/cache/61/2c/612caeb0b2acb35c100629f0f52a40d7.jpg","2026-06-10 17:51:33"
"https://books.toscrape.com/media/cache/8d/1e/8d1e285bf672b2ea66879490cc5f6904.jpg","image/jpeg","200","OK","Indexable","","","0","0","","0","0","","0","","0","","0","","0","","","","","","","","","","9220","9220","9220","1.366","","0","","","","","0.000","2","4","","0","0","0","0.000","0","0","0","0","0","0","","","","","","0.030","Wed, 08 Feb 2023 21:02:33 GMT","","","","","1.1","","","","","","https://books.toscrape.com/media/cache/8d/1e/8d1e285bf672b2ea66879490cc5f6904.jpg","2026-06-10 17:51:33"
"https://books.toscrape.com/media/cache/c3/a9/c3a90a5baa833a37c29c4b03a444737c.jpg","image/jpeg","200","OK","Indexable","","","0","0","","0","0","","0","","0","","0","","0","","","","","","","","","","10020","10020","10020","1.485","","0","","","","","0.000","2","4","","0","0","0","0.000","0","0","0","0","0","0","","","","","","0.108","Wed, 08 Feb 2023 21:02:33 GMT","","","","","1.1","","","","","","https://books.toscrape.com/media/cache/c3/a9/c3a90a5baa833a37c29c4b03a444737c.jpg","2026-06-10 17:51:33"
"https://books.toscrape.com/media/cache/9b/4e/9b4ece2ab5a6335c8594c878e2f22df1.jpg","image/jpeg","200","OK","Indexable","","","0","0","","0","0","","0","","0","","0","","0","","","","","","","","","","9581","9581","9581","1.420","","0","","","","","0.000","2","4","","0","0","0","0.000","0","0","0","0","0","0","","","","","","0.105","Wed, 08 Feb 2023 21:02:33 GMT","","","","","1.1","","","","","","https://books.toscrape.com/media/cache/9b/4e/9b4ece2ab5a6335c8594c878e2f22df1.jpg","2026-06-10 17:51:33"
"https://books.toscrape.com/catalogue/settling-the-score-the-summer-games-1_50/index.html","text/html","200","OK","Indexable","","Settling the Score (The Summer Games #1) | Books to Scrape - Sandbox","68","643","From the USA TODAY Bestselling author of Scoring Wilder, comes a sexy new standalone novel.As an Olympic rookie, Andie Foster has spent far more time in her cleats than between the sheets. For 21 years, her Friday nights have consisted of blocking shots rather than taking them. But now that she's landed in Rio, she's ready to see for herself if the rumors about the Olympic From the USA TODAY Bestselling author of Scoring Wilder, comes a sexy new standalone novel.As an Olympic rookie, Andie Foster has spent far more time in her cleats than between the sheets. For 21 years, her Friday nights have consisted of blocking shots rather than taking them. But now that she's landed in Rio, she's ready to see for herself if the rumors about the Olympic Village are true:• The athletes are all sex-crazed maniacs... • The committee passes out condoms like candy... • The games continue long after the medals have been handed out... As Andie walks the line between rumor and reality, she's forced into the path of Frederick Archibald, a decorated Olympic swimmer and owner of a sexy British accent--too bad he's unavailable in a way that ""it's complicated"" doesn't even begin to explain.In other words: off limits.It doesn't matter that he has abs that could bring peace to the Middle East and a smile that makes even the Queen blush; Andie fully intends on keeping her focus on the soccer field. But the Village is small. Suffocating. Everywhere Andie goes, Freddie happens to be there--shirtless, wet from the pool, and determined to show her a whole new meaning of the phrase ""international affairs"".Due to strong language and sexual content, this book is not intended for readers under the age of 18. ...more","1709","10458","","0","Settling the Score (The Summer Games #1)","40","Product Description","19","Product Information","19","NOARCHIVE,NOCACHE","","","","","","","","","20179","20179","20179","2.991","","454","100","4.540","92.098","Very Easy","12.864","2","2","","4","2","0","0.720","16","9","0","0","0","0","","","","","b667b3d8c3b0a6a1d207b78aeebcd98c","0.104","Wed, 08 Feb 2023 21:02:32 GMT","","","","en-us","1.1","","","","","","https://books.toscrape.com/catalogue/settling-the-score-the-summer-games-1_50/index.html","2026-06-10 17:51:33"
"https://books.toscrape.com/catalogue/sugar-rush-offensive-line-2_108/index.html","text/html","200","OK","Indexable","","Sugar Rush (Offensive Line #2) | Books to Scrape - Sandbox","58","529","Colt Avery is on fire. Dubbed one of the NFL's best kept secrets, he's in the spotlight for the first time in his career. Women want him, coaches are courting him, and his Kansas cornfield good looks are too good not to be shared. His face is everywhere; TV, magazines, billboards. The entire world is in love with him. Everyone wants a piece of him.Everyone but Lilly Hendri Colt Avery is on fire. Dubbed one of the NFL's best kept secrets, he's in the spotlight for the first time in his career. Women want him, coaches are courting him, and his Kansas cornfield good looks are too good not to be shared. His face is everywhere; TV, magazines, billboards. The entire world is in love with him. Everyone wants a piece of him.Everyone but Lilly Hendricks.Lilly grew up in L.A. where pretty faces are a dime a dozen. She's seen first hand what happens when you get swept up in the whirlwind of fame and fortune; you get dropped on your ass, and there's no one there to help you up. She stays away from the flashbulbs, avoiding the limelight, perfectly content to be recognized for her cupcakes and her karaoke skills, nothing more.But Colt isn't easy to say no to, especially when he refuses to go away no matter how many times Lilly tells him to. He's addicted to her baking. To her beauty. To her bark that's almost as sexy as her bite, and he's not going anywhere until she gives him a chance. No matter what it costs him.Fame is a rush, but falling in love?That sh#t is sweet as sugar. ...more","1496","9042","","0","Sugar Rush (Offensive Line #2)","30","Product Description","19","Product Information","19","NOARCHIVE,NOCACHE","","","","","","","","","19755","19755","19755","2.928","","433","104","4.163","95.345","Very Easy","11.922","2","2","","6","3","0","1.090","16","9","0","0","0","0","","","","","60260ad98c5bb2f1c8e1f03971a3992d","0.111","Wed, 08 Feb 2023 21:02:32 GMT","","","","en-us","1.1","","","","","","https://books.toscrape.com/catalogue/sugar-rush-offensive-line-2_108/index.html","2026-06-10 17:51:33"
"https://books.toscrape.com/catalogue/friday-night-lights-a-town-a-team-and-a-dream_158/index.html","text/html","200","OK","Indexable","","Friday Night Lights: A Town, a Team, and a Dream | Books to Scrape - Sandbox","76","696","Return once again to the enduring account of life in the Mojo lane, to the Permian Panthers of Odessa -- the winningest high school football team in Texas history. Odessa is not known to be a town big on dreams, but the Panthers help keep the hopes and dreams of this small, dusty town going. Socially and racially divided, its fragile economy follows the treacherous boom-bu Return once again to the enduring account of life in the Mojo lane, to the Permian Panthers of Odessa -- the winningest high school football team in Texas history. Odessa is not known to be a town big on dreams, but the Panthers help keep the hopes and dreams of this small, dusty town going. Socially and racially divided, its fragile economy follows the treacherous boom-bust path of the oil business.In bad times, the unemployment rate barrels out of control; in good times, its murder rate skyrockets. But every Friday night from September to December, when the Permian High School Panthers play football, this West Texas town becomes a place where dreams can come true. With frankness and compassion, Bissinger chronicles one of the Panthers' dramatic seasons and shows how single-minded devotion to the team shapes the community and inspires-and sometimes shatters-the teenagers who wear the Panthers' uniforms. Includes Reader's Group Guide inside.Now a major motion picture starring Billy Bob Thorton. ...more","1393","8672","","0","Friday Night Lights: A Town, a Team, and a Dream","48","Product Description","19","Product Information","19","NOARCHIVE,NOCACHE","","","","","","","","","19481","19481","19481","2.887","","394","89","4.427","85.963","Easy","11.684","2","2","","8","4","0","1.450","16","9","0","0","0","0","","","","","7202775c711906d13a07ca19692aa23c","0.105","Wed, 08 Feb 2023 21:02:32 GMT","","","","en-us","1.1","","","","","","https://books.toscrape.com/catalogue/friday-night-lights-a-town-a-team-and-a-dream_158/index.html","2026-06-10 17:51:33"
"https://books.toscrape.com/catalogue/the-book-of-basketball-the-nba-according-to-the-sports-guy_232/index.html","text/html","200","OK","Indexable","","The Book of Basketball: The NBA According to The Sports Guy | Books to Scrape - Sandbox","87","802","There is only one writer on the planet who possesses enough basketball knowledge and passion to write the definitive book on the NBA.* Bill Simmons, the from-the-womb hoops addict known to millions as ESPN.com’s Sports Guy, is that writer. And The Book of Basketball is that book. Nowhere in the roundball universe will you find another single volume that covers as much in s There is only one writer on the planet who possesses enough basketball knowledge and passion to write the definitive book on the NBA.* Bill Simmons, the from-the-womb hoops addict known to millions as ESPN.com’s Sports Guy, is that writer. And The Book of Basketball is that book. Nowhere in the roundball universe will you find another single volume that covers as much in such depth as this wildly opinionated and thoroughly entertaining look at the past, present, and future of pro basketball.From the age-old question of who actually won the rivalry between Bill Russell and Wilt Chamberlain to the one about which team was truly the best of all time, Simmons opens–and then closes, once and for all–every major pro basketball debate. Then he takes it further by completely reevaluating not only how NBA Hall of Fame inductees should be chosen but how the institution must be reshaped from the ground up, the result being the Pyramid: Simmons’s one-of-a-kind, five-level shrine to the ninety-six greatest players in the history of pro basketball. And ultimately he takes fans to the heart of it all, as he uses a conversation with one NBA great to uncover that coveted thing: The Secret of Basketball.Comprehensive, authoritative, controversial, hilarious, and impossible to put down (even for Celtic-haters), The Book of Basketball offers every hardwood fan a courtside seat beside the game’s finest, funniest, and fiercest chronicler.* More to the point, he’s the only one crazy enough to try to pull it off. ...more","1898","11625","","0","The Book of Basketball: The NBA According to The Sports Guy","59","Product Description","19","Product Information","19","NOARCHIVE,NOCACHE","","","","","","","","","20622","20622","20622","3.056","","480","102","4.706","85.734","Easy","13.608","2","2","","10","5","0","1.810","16","9","0","0","0","0","","","","","20cdcadfba30246f3af55c5dc9358126","0.110","Wed, 08 Feb 2023 21:02:32 GMT","","","","en-us","1.1","","","","","","https://books.toscrape.com/catalogue/the-book-of-basketball-the-nba-according-to-the-sports-guy_232/index.html","2026-06-10 17:51:33"
"https://books.toscrape.com/catalogue/icing-aces-hockey-2_25/index.html","text/html","200","OK","Indexable","","Icing (Aces Hockey #2) | Books to Scrape - Sandbox","50","455","Hailed by Jami Davenport as her “go-to author for hockey romance,” the bestselling author of the Heller Brothers Hockey series sets the ice ablaze with another sexy novel featuring the gorgeous men of the Chicago Aces.Duncan Armstrong may be an NHL star, but he’s a country boy at heart. His ultimate fantasy is going home with the Stanley Cup, not a gold-digging airhead who Hailed by Jami Davenport as her “go-to author for hockey romance,” the bestselling author of the Heller Brothers Hockey series sets the ice ablaze with another sexy novel featuring the gorgeous men of the Chicago Aces.Duncan Armstrong may be an NHL star, but he’s a country boy at heart. His ultimate fantasy is going home with the Stanley Cup, not a gold-digging airhead who aspires to be a trophy wife and nothing more. Newly single and hoping to enjoy a night out with his teammates, he ends up hitting it off with a down-to-earth waitress who’s a complete breath of fresh air—until Duncan learns that she’s a part-time model. He tries to forget about her, but their sizzling chemistry has him coming back for more.Amber is working hard to put herself through school, and has zero interest in dating a professional athlete. She’s seen firsthand how fame and fortune can mess with their heads—her father’s brilliant football career ended in a firestorm of addiction and infidelity. So Duncan’s attentions immediately have her on the defensive. Still, there’s something different about him. And once she stops trying to freeze him out, irresistible temptation turns into all-consuming passion. ...more","1578","9692","","0","Icing (Aces Hockey #2)","22","Product Description","19","Product Information","19","NOARCHIVE,NOCACHE","","","","","","","","","19789","19789","19789","2.933","","417","93","4.484","84.818","Easy","12.305","2","2","","2","1","0","0.360","16","9","0","0","0","0","","","","","405c92e58ca1ef280775f9ce3abdd9e6","0.116","Wed, 08 Feb 2023 21:02:32 GMT","","","","en-us","1.1","","","","","","https://books.toscrape.com/catalogue/icing-aces-hockey-2_25/index.html","2026-06-10 17:51:33"
"https://books.toscrape.com/media/cache/fe/72/fe72f0532301ec28892ae79a629a293c.jpg","image/jpeg","200","OK","Indexable","","","0","0","","0","0","","0","","0","","0","","0","","","","","","","","","","31047","31047","31047","4.601","","0","","","","","0.000","2","4","","0","0","0","0.000","0","0","0","0","0","0","","","","","","0.033","Wed, 08 Feb 2023 21:02:33 GMT","","","","","1.1","","","","","","https://books.toscrape.com/media/cache/fe/72/fe72f0532301ec28892ae79a629a293c.jpg","2026-06-10 17:51:33"
"https://books.toscrape.com/media/cache/a2/f5/a2f5b5fd4421d56d37c73a7fb29f5f40.jpg","image/jpeg","200","OK","Indexable","","","0","0","","0","0","","0","","0","","0","","0","","","","","","","","","","10535","10535","10535","1.561","","0","","","","","0.000","2","4","","0","0","0","0.000","0","0","0","0","0","0","","","","","","0.030","Wed, 08 Feb 2023 21:02:33 GMT","","","","","1.1","","","","","","https://books.toscrape.com/media/cache/a2/f5/a2f5b5fd4421d56d37c73a7fb29f5f40.jpg","2026-06-10 17:51:33"
"https://books.toscrape.com/catalogue/crazy-love-overwhelmed-by-a-relentless-god_682/index.html","text/html","200","OK","Indexable","","Crazy Love: Overwhelmed by a Relentless God | Books to Scrape - Sandbox","71","664","Have you ever wondered if we're missing it? It's crazy, if you think about it. The God of the universe—the Creator of nitrogen and pine needles, galaxies and E-minor—loves us with a radical, unconditional, self-sacrificing love. And what is our typical response? We go to church, sing songs, and try not to cuss. Whether you've verbalized it yet or not, we all know something Have you ever wondered if we're missing it? It's crazy, if you think about it. The God of the universe—the Creator of nitrogen and pine needles, galaxies and E-minor—loves us with a radical, unconditional, self-sacrificing love. And what is our typical response? We go to church, sing songs, and try not to cuss. Whether you've verbalized it yet or not, we all know something's wrong. Does something deep inside your heart long to break free from the status quo? Are you hungry for an authentic faith that addresses the problems of our world with tangible, even radical, solutions? God is calling you to a passionate love relationship with Himself. Because the answer to religious complacency isn't working harder at a list of do's and don'ts-it's falling in love with God. And once you encounter His love, as Francis describes it, you will never be the same. Because when you're wildly in love with someone, it changes everything. Learn more about Crazy Love at www.crazylovebook.com ...more","1368","8290","","0","Crazy Love: Overwhelmed by a Relentless God","43","Product Description","19","Product Information","19","NOARCHIVE,NOCACHE","","","","","","","","","19775","19775","19775","2.931","","389","98","3.969","84.932","Easy","11.322","2","2","","12","6","0","2.170","16","9","0","0","0","0","","","","","781945ba376c4163f87063248fcd8fb7","0.033","Wed, 08 Feb 2023 21:02:32 GMT","","","","en-us","1.1","","","","","","https://books.toscrape.com/catalogue/crazy-love-overwhelmed-by-a-relentless-god_682/index.html","2026-06-10 17:51:33"
"https://books.toscrape.com/media/cache/cd/db/cddb3eb483ef11a088d519205b7098fb.jpg","image/jpeg","200","OK","Indexable","","","0","0","","0","0","","0","","0","","0","","0","","","","","","","","","","8919","8919","8919","1.322","","0","","","","","0.000","2","4","","0","0","0","0.000","0","0","0","0","0","0","","","","","","0.028","Wed, 08 Feb 2023 21:02:33 GMT","","","","","1.1","","","","","","https://books.toscrape.com/media/cache/cd/db/cddb3eb483ef11a088d519205b7098fb.jpg","2026-06-10 17:51:33"
"https://books.toscrape.com/catalogue/unqualified-how-god-uses-broken-people-to-do-big-things_873/index.html","text/html","200","OK","Indexable","","(Un)Qualified: How God Uses Broken People to Do Big Things | Books to Scrape - Sandbox","86","794","Who You Think You Are is Not as Important as Who God Says You AreMany of us wrestle with the gap between our weaknesses and our dreams, between who we are and who God says we are meant to be. We feel unqualified to do God’s work or to live out the calling we imagine. But God has a way of using our weaknesses for good. In fact, God loves unqualified people.In (Un)Qualified, Who You Think You Are is Not as Important as Who God Says You AreMany of us wrestle with the gap between our weaknesses and our dreams, between who we are and who God says we are meant to be. We feel unqualified to do God’s work or to live out the calling we imagine. But God has a way of using our weaknesses for good. In fact, God loves unqualified people.In (Un)Qualified, Pastor Steven Furtick helps you peel back the assumptions you’ve made about yourself and see yourself as God sees you. Because true peace and confidence come not from worldly perfection but from acceptance: God’s acceptance of you, your acceptance of yourself, and your acceptance of God’s process of change.This is a book about understanding your identity in light of who God is. It’s a book about coming to terms with the good, the bad, and the unmentionable in your life and learning to let God use you. It’s about charging into the gap between your present and your hopes and meeting God there. After all, God can’t bless who you pretend to be. But he longs to bless who you really are; a flawed and broken person. Good thing for us that God is in the business of using broken people to do big things. Being Unqualified Is God’s Favorite QualificationOur culture tells us that the answer to our failures is to fix them. The solution to our weaknesses is to hide them. The secret to our success is to appear as flawless as possible. But God’s qualifying system is different than the world’s. So is his view of our weaknesses, our purpose, and our true selves.In (Un)Qualified, Steven Furtick explores who God is as the great “I AM,” and then helps us discover our own identity. Delving into the story of Jacob, Furtick invites us to acknowledge our weaknesses and ask God to work through them.The truth is, God has created us to be more, to accomplish more, and to love life more than we ever thought possible. But to become who he has called us to be, we must embrace who we are right now. (Un)Qualified equips us to face obstacles and failures without losing a sense of purpose. We can have a thriving sense of hope that God is working in us and through us, not in spite of our weaknesses but often as a direct result of them. ...more","2591","16042","","0","(Un)Qualified: How God Uses Broken People to Do Big Things","58","Product Description","19","Product Information","19","NOARCHIVE,NOCACHE","","","","","","","","","22260","22260","22260","3.299","","645","124","5.202","91.247","Very Easy","15.686","2","2","","12","6","0","2.170","16","9","0","0","0","0","","","","","6bd19314a3dd352437db8341fb883885","0.034","Wed, 08 Feb 2023 21:02:32 GMT","","","","en-us","1.1","","","","","","https://books.toscrape.com/catalogue/unqualified-how-god-uses-broken-people-to-do-big-things_873/index.html","2026-06-10 17:51:33"
"https://books.toscrape.com/catalogue/blue-like-jazz-nonreligious-thoughts-on-christian-spirituality_461/index.html","text/html","200","OK","Indexable","","Blue Like Jazz: Nonreligious Thoughts on Christian Spirituality | Books to Scrape - Sandbox","91","803","""I never liked jazz music because jazz music doesn't resolve. I used to not like God because God didn't resolve. But that was before any of this happened."" ―Donald MillerIn Donald Miller's early years, he was vaguely familiar with a distant God. But when he came to know Jesus Christ, he pursued the Christian life with great zeal. Within a few years he had a successful mini ""I never liked jazz music because jazz music doesn't resolve. I used to not like God because God didn't resolve. But that was before any of this happened."" ―Donald MillerIn Donald Miller's early years, he was vaguely familiar with a distant God. But when he came to know Jesus Christ, he pursued the Christian life with great zeal. Within a few years he had a successful ministry that ultimately left him feeling empty, burned out, and, once again, far away from God. In this intimate, soul-searching account, Miller describes his remarkable journey back to a culturally relevant, infinitely loving God.For anyone wondering if the Christian faith is still relevant in a postmodern culture.For anyone thirsting for a genuine encounter with a God who is real.For anyone yearning for a renewed sense of passion in  life.Blue Like Jazz is a fresh and original perspective on life, love, and redemption. ...more","1282","7710","","0","Blue Like Jazz: Nonreligious Thoughts on Christian Spirituality","63","Product Description","19","Product Information","19","NOARCHIVE,NOCACHE","","","","","","","","","19563","19563","19563","2.899","","378","96","3.938","83.100","Easy","11.201","2","2","","12","6","0","2.170","16","9","0","0","0","0","","","","","edf72788d40c2b2cad25f8bf88f45848","0.031","Wed, 08 Feb 2023 21:02:32 GMT","","","","en-us","1.1","","","","","","https://books.toscrape.com/catalogue/blue-like-jazz-nonreligious-thoughts-on-christian-spirituality_461/index.html","2026-06-10 17:51:33"
"https://books.toscrape.com/media/cache/03/f1/03f1e337afadba35687672b5625a9757.jpg","image/jpeg","200","OK","Indexable","","","0","0","","0","0","","0","","0","","0","","0","","","","","","","","","","4299","4299","4299","0.637","","0","","","","","0.000","2","4","","0","0","0","0.000","0","0","0","0","0","0","","","","","","0.116","Wed, 08 Feb 2023 21:02:32 GMT","","","","","1.1","","","","","","https://books.toscrape.com/media/cache/03/f1/03f1e337afadba35687672b5625a9757.jpg","2026-06-10 17:51:33"
"https://books.toscrape.com/catalogue/the-e-myth-revisited-why-most-small-businesses-dont-work-and-what-to-do-about-it_545/index.html","text/html","200","OK","Indexable","","The E-Myth Revisited: Why Most Small Businesses Don't Work and What to Do About It | Books to Scrape - Sandbox","110","1017","E-Myth  'e-,'mith n 1: the entrepreneurial myth: the myth that most people who start small businesses are entrepreneurs 2: the fatal assumption that an individual who understands the technical work of a business can successfully run a business that does that technical workVoted #1 business book by Inc. 500 CEOs.An instant classic, this revised and updated edition of the E-Myth  'e-,'mith n 1: the entrepreneurial myth: the myth that most people who start small businesses are entrepreneurs 2: the fatal assumption that an individual who understands the technical work of a business can successfully run a business that does that technical workVoted #1 business book by Inc. 500 CEOs.An instant classic, this revised and updated edition of the phenomenal bestseller dispels the myths about starting your own business. Small business consultant and author Michael E. Gerber, with sharp insight gained from years of experience, points out how common assumptions, expectations, and even technical expertise can get in the way of running a successful business.Gerber walks you through the steps in the life of a business—from entrepreneurial infancy through adolescent growing pains to the mature entrepreneurial perspective: the guiding light of all businesses that succeed—and shows how to apply the lessons of franchising to any business, whether or not it is a franchise. Most importantly, Gerber draws the vital, often overlooked distinction between working on your business and working in your business.The E-Myth Revisited will help you grow your business in a productive, assured way. ...more","1598","9877","","0","The E-Myth Revisited: Why Most Small Businesses Don't Work and What to Do About It","82","Product Description","19","Product Information","19","NOARCHIVE,NOCACHE","","","","","","","","","20358","20358","20358","3.017","","421","105","4.010","79.382","Fairly Easy","12.483","2","2","","14","7","0","2.540","16","9","0","0","0","0","","","","","6229083367ea6dfbb616e3942292ca74","0.032","Wed, 08 Feb 2023 21:02:32 GMT","","","","en-us","1.1","","","","","","https://books.toscrape.com/catalogue/the-e-myth-revisited-why-most-small-businesses-dont-work-and-what-to-do-about-it_545/index.html","2026-06-10 17:51:33"
"https://books.toscrape.com/catalogue/the-art-of-startup-fundraising_606/index.html","text/html","200","OK","Indexable","","The Art of Startup Fundraising | Books to Scrape - Sandbox","58","521","The Art of Startup Fundraising takes a fresh look at raising money for startups, with a focus on the changing face of startup finance. New regulations are making the old go-to advice less relevant, as startup money is increasingly moving online. These new waters are all but uncharted—and founders need an accessible guide. This book helps you navigate the online world of st The Art of Startup Fundraising takes a fresh look at raising money for startups, with a focus on the changing face of startup finance. New regulations are making the old go-to advice less relevant, as startup money is increasingly moving online. These new waters are all but uncharted—and founders need an accessible guide. This book helps you navigate the online world of startup fundraising with easy-to-follow explanations and expert perspective on the new digital world of finance. You'll find tips and tricks on raising money and investing in startups from early stage to growth stage, and develop a clear strategy based on the new realities surrounding today's startup landscape.The finance world is in a massive state of flux. Changes are occurring at an increasing pace in all sectors, but few more intensely than the startup sphere. When the paradigm changes, your processes must change with it. This book shows you how startup funding works, with expert coaching toward the new rules on the field.-Learn how the JOBS Act impacts the fundraising model-Gain insight on startups from early stage to growth stage-Find the money you need to get your venture going-Craft your pitch and optimize the strategy-Build momentum-Identify the right investors-Avoid the common mistakesDon't rely on the ""how we did it"" tales from superstar startups, as these stories are unique and applied to exceptional scenarios. The game has changed, and playing by the old rules only gets you left behind. Whether you're founding a startup or looking to invest, The Art of Startup Fundraising provides the up-to-the-minute guidance you need.PRAISE FOR THE ART OF STARTUP FUNDRAISING:“The Art of Startup Fundraising is a must read for anyone who even considers starting a business. Fundraising is hard. This book gives you the roadmap to get where you are going. Alejandro Cremades speaks with wisdom and from experience.“ - Tim Draper , Founder of Draper Associates, DFJ, and Draper University.""The Art of Startup Fundraising should be a mandatory reading for entrepreneurs that are looking to raise capital. This book will enable Alejandro to help many more early stage companies answer the tough questions when fundraising."" - Marco Landi, Former Chief Operating Officer at Apple and Chairman at Atlantis Ventures""Raising capital is often the most daunting and least understood aspects of starting a new business and there are few people more experienced than Alejandro Cremades to act as a guide. The Art of Startup Fundraising unlocks key secrets of fundraising for newly minted entrepreneurs."" - Jeff Stibel, Chairman of BrainGate, Inc. and Vice Chairman of Dun & Bradstreet, Inc.; New York Times bestselling author of Breakpoint and Wired for Thought.""This book provides a clear, concise tour of the fundraising game. With his crowdfunding and entrepreneurial expertise in full display, Cremades does a terrific job making a complicated process simple and accessible."" - Jeff Bussgang, General Partner at Flybridge Capital Partners and Senior Lecturer at Harvard Business School“Entrepreneurs need to be amazing at recruiting, selling and fundraising. The Art of Startup Fundraising provides the essential toolkit for mastering a core skill for any entrepreneur.” - Gil Penchina, serial entrepreneur and prolific angel investor“For many entrepreneurs finding the right investor for their venture can be a daunting task. Alejandro's experience with equity crowdfunding gives a unique perspective on the fundraising game. The Art of Startup Fundraising is very insightful for entrepreneurs looking to close a round of financing and chan","4000","24689","","0","The Art of Startup Fundraising","30","Product Description","19","Product Information","19","NOARCHIVE,NOCACHE","","","","","","","","","31425","31425","31425","4.657","","1280","217","5.899","64.496","Normal","25.736","2","2","","14","7","0","2.540","16","9","0","0","0","0","","","","","ba8534adc7695fac4fbf023b9d5bac76","0.029","Wed, 08 Feb 2023 21:02:32 GMT","","","","en-us","1.1","","","","","","https://books.toscrape.com/catalogue/the-art-of-startup-fundraising_606/index.html","2026-06-10 17:51:33"
"https://books.toscrape.com/catalogue/the-third-wave-an-entrepreneurs-vision-of-the-future_862/index.html","text/html","200","OK","Indexable","","The Third Wave: An Entrepreneur’s Vision of the Future | Books to Scrape - Sandbox","82","741","NEW YORK TIMES BESTSELLERWALL STREET JOURNAL BESTSELLEROne of America’s most accomplished entrepreneurs—a pioneer who made the Internet part of everyday life and orchestrated the largest merger in the history of business—shares a roadmap for how anyone can succeed in a world of rapidly changing technology.Steve Case’s career began when he cofounded America Online (AOL) in NEW YORK TIMES BESTSELLERWALL STREET JOURNAL BESTSELLEROne of America’s most accomplished entrepreneurs—a pioneer who made the Internet part of everyday life and orchestrated the largest merger in the history of business—shares a roadmap for how anyone can succeed in a world of rapidly changing technology.Steve Case’s career began when he cofounded America Online (AOL) in 1985. At the time, only three percent of Americans were online. It took a decade for AOL to achieve mainstream success, and there were many near-death experiences and back-to-the-wall pivots. AOL became the top performing company of the 1990s, and at its peak more than half of all consumer Internet traffic in the United States ran through the service. After Case engineered AOL’s merger with Time Warner and he became Chairman of the combined business, Case oversaw the biggest media and communications empire in the world. In The Third Wave, which pays homage to the work of the futurist Alvin Toffler (from whom Case has borrowed the title, and whose work inspired him as a young man), Case takes us behind the scenes of some of the most consequential and riveting business decisions of our time while offering illuminating insights from decades of working as an entrepreneur, an investor, a philanthropist, and an advocate for sensible bipartisan policies. We are entering, as Case explains, a new paradigm called the “Third Wave” of the Internet. The first wave saw AOL and other companies lay the foundation for consumers to connect to the Internet. The second wave saw companies like Google and Facebook build on top of the Internet to create search and social networking capabilities, while apps like Snapchat and Instagram leverage the smartphone revolution. Now, Case argues, we’re entering the Third Wave: a period in which entrepreneurs will vastly transform major “real world” sectors like health, education, transportation, energy, and food—and in the process change the way we live our daily lives. But success in the Third Wave will require a different skill set, and Case outlines the path forward.The Third Wave is part memoir, part manifesto, and part playbook for the future. With passion and clarity, Case explains the ways in which newly emerging technology companies (a growing number of which, he argues, will not be based in Silicon Valley) will have to rethink their relationships with customers, with competitors, and with governments; and offers advice for how entrepreneurs can make winning business decisions and strategies—and how all of us can make sense of this changing digital age. ...more","2975","18746","","0","The Third Wave: An Entrepreneur’s Vision of the Future","54","Product Description","19","Product Information","19","NOARCHIVE,NOCACHE","","","","","","","","","22305","22305","22305","3.306","","629","117","5.376","74.142","Fairly Easy","17.275","2","2","","14","7","0","2.540","16","9","0","0","0","0","","","","","78cfa15b11c7feb5e13516b3b5808035","0.033","Wed, 08 Feb 2023 21:02:32 GMT","","","","en-us","1.1","","","","","","https://books.toscrape.com/catalogue/the-third-wave-an-entrepreneurs-vision-of-the-future_862/index.html","2026-06-10 17:51:34"
"https://books.toscrape.com/catalogue/quench-your-own-thirst-business-lessons-learned-over-a-beer-or-two_629/index.html","text/html","200","OK","Indexable","","Quench Your Own Thirst: Business Lessons Learned Over a Beer or Two | Books to Scrape - Sandbox","95","890","Founder of The Boston Beer Company, brewer of Samuel Adams Boston Lager, and a key catalyst of the American craft beer revolution, Jim Koch offers his unique perspective when it comes to business, beer, and turning your passion into a successful company or career.In 1984, it looked like an unwinnable David and Goliath struggle: one guy against the mammoth American beer ind Founder of The Boston Beer Company, brewer of Samuel Adams Boston Lager, and a key catalyst of the American craft beer revolution, Jim Koch offers his unique perspective when it comes to business, beer, and turning your passion into a successful company or career.In 1984, it looked like an unwinnable David and Goliath struggle: one guy against the mammoth American beer industry. When others scoffed at Jim Koch’s plan to leave his consulting job and start a brewery that would challenge American palates, he chose a nineteenth-century family recipe and launched Samuel Adams. Now one of America’s leading craft breweries, Samuel Adams has redefined the way Americans think about beer and helped spur a craft beer revolution.In Quench Your Own Thirst, Koch offers unprecedented insights into the whirlwind ride from scrappy start-up to thriving public company. His innovative business model and refreshingly frank stories offer counterintuitive lessons that you can apply to business and to life.Koch covers everything from finding your own Yoda to his theory on how a piece of string can teach you the most important lesson you’ll ever learn about business. He also has surprising advice on sales, marketing, hiring, and company culture. Koch’s anecdotes, quirky musings, and bits of wisdom go far beyond brewing. A fun, engaging guide for building a career or launching a successful business based on your passions, Quench Your Own Thirst is the key to the ultimate dream: being successful while doing what you love. ...more","1904","11881","","0","Quench Your Own Thirst: Business Lessons Learned Over a Beer or Two","67","Product Description","19","Product Information","19","NOARCHIVE,NOCACHE","","","","","","","","","20705","20705","20705","3.068","","476","104","4.577","78.489","Fairly Easy","13.601","2","2","","14","7","0","2.540","16","9","0","0","0","0","","","","","80b2c676b9ec23c0638776c7f34aafee","0.034","Wed, 08 Feb 2023 21:02:32 GMT","","","","en-us","1.1","","","","","","https://books.toscrape.com/catalogue/quench-your-own-thirst-business-lessons-learned-over-a-beer-or-two_629/index.html","2026-06-10 17:51:34"
"https://books.toscrape.com/catalogue/made-to-stick-why-some-ideas-survive-and-others-die_715/index.html","text/html","200","OK","Indexable","","Made to Stick: Why Some Ideas Survive and Others Die | Books to Scrape - Sandbox","80","740","Mark Twain once observed, “A lie can get halfway around the world before the truth can even get its boots on.” His observation rings true: Urban legends, conspiracy theories, and bogus public-health scares circulate effortlessly. Meanwhile, people with important ideas–business people, teachers, politicians, journalists, and others–struggle to make their ideas “stick.” Why Mark Twain once observed, “A lie can get halfway around the world before the truth can even get its boots on.” His observation rings true: Urban legends, conspiracy theories, and bogus public-health scares circulate effortlessly. Meanwhile, people with important ideas–business people, teachers, politicians, journalists, and others–struggle to make their ideas “stick.” Why do some ideas thrive while others die? And how do we improve the chances of worthy ideas? In Made to Stick, accomplished educators and idea collectors Chip and Dan Heath tackle head-on these vexing questions. Inside, the brothers Heath reveal the anatomy of ideas that stick and explain ways to make ideas stickier, such as applying the “human scale principle,” using the “Velcro Theory of Memory,” and creating “curiosity gaps.”In this indispensable guide, we discover that sticky messages of all kinds–from the infamous “kidney theft ring” hoax to a coach’s lessons on sportsmanship to a vision for a new product at Sony–draw their power from the same six traits.Made to Stick is a book that will transform the way you communicate ideas. It’s a fast-paced tour of success stories (and failures)–the Nobel Prize-winning scientist who drank a glass of bacteria to prove a point about stomach ulcers; the charities who make use of “the Mother Teresa Effect”; the elementary-school teacher whose simulation actually prevented racial prejudice. Provocative, eye-opening, and often surprisingly funny, Made to Stick shows us the vital principles of winning ideas–and tells us how we can apply these rules to making our own messages stick. ...more","1992","12228","","0","Made to Stick: Why Some Ideas Survive and Others Die","52","Product Description","19","Product Information","19","NOARCHIVE,NOCACHE","","","","","","","","","20826","20826","20826","3.086","","468","105","4.457","76.857","Fairly Easy","13.899","2","2","","14","7","0","2.540","16","9","0","0","0","0","","","","","ffd5c4d0282824b6b4034d3a656ee52","0.035","Wed, 08 Feb 2023 21:02:32 GMT","","","","en-us","1.1","","","","","","https://books.toscrape.com/catalogue/made-to-stick-why-some-ideas-survive-and-others-die_715/index.html","2026-06-10 17:51:34"
"https://books.toscrape.com/media/cache/11/2c/112c55a6bcd401c3bd603f5ddb2e6b82.jpg","image/jpeg","200","OK","Indexable","","","0","0","","0","0","","0","","0","","0","","0","","","","","","","","","","9112","9112","9112","1.350","","0","","","","","0.000","2","4","","0","0","0","0.000","0","0","0","0","0","0","","","","","","0.035","Wed, 08 Feb 2023 21:02:32 GMT","","","","","1.1","","","","","","https://books.toscrape.com/media/cache/11/2c/112c55a6bcd401c3bd603f5ddb2e6b82.jpg","2026-06-10 17:51:34"
"https://books.toscrape.com/media/cache/19/aa/19aa1184a3565b1dae6092146018e109.jpg","image/jpeg","200","OK","Indexable","","","0","0","","0","0","","0","","0","","0","","0","","","","","","","","","","7931","7931","7931","1.175","","0","","","","","0.000","2","4","","0","0","0","0.000","0","0","0","0","0","0","","","","","","0.035","Wed, 08 Feb 2023 21:02:32 GMT","","","","","1.1","","","","","","https://books.toscrape.com/media/cache/19/aa/19aa1184a3565b1dae6092146018e109.jpg","2026-06-10 17:51:34"
"https://books.toscrape.com/catalogue/shoe-dog-a-memoir-by-the-creator-of-nike_831/index.html","text/html","200","OK","Indexable","","Shoe Dog: A Memoir by the Creator of NIKE | Books to Scrape - Sandbox","69","636","In this candid and riveting memoir, for the first time ever, Nike founder and CEO Phil Knight shares the inside story of the company’s early days as an intrepid start-up and its evolution into one of the world’s most iconic, game-changing, and profitable brands.In 1962, fresh out of business school, Phil Knight borrowed $50 from his father and created a company with a simp In this candid and riveting memoir, for the first time ever, Nike founder and CEO Phil Knight shares the inside story of the company’s early days as an intrepid start-up and its evolution into one of the world’s most iconic, game-changing, and profitable brands.In 1962, fresh out of business school, Phil Knight borrowed $50 from his father and created a company with a simple mission: import high-quality, low-cost athletic shoes from Japan. Selling the shoes from the trunk of his lime green Plymouth Valiant, Knight grossed $8,000 his first year. Today, Nike’s annual sales top $30 billion. In an age of startups, Nike is the ne plus ultra of all startups, and the swoosh has become a revolutionary, globe-spanning icon, one of the most ubiquitous and recognizable symbols in the world today.But Knight, the man behind the swoosh, has always remained a mystery. Now, for the first time, in a memoir that is candid, humble, gutsy, and wry, he tells his story, beginning with his crossroads moment. At 24, after backpacking around the world, he decided to take the unconventional path, to start his own business—a business that would be dynamic, different.Knight details the many risks and daunting setbacks that stood between him and his dream—along with his early triumphs. Above all, he recalls the formative relationships with his first partners and employees, a ragtag group of misfits and seekers who became a tight-knit band of brothers. Together, harnessing the transcendent power of a shared mission, and a deep belief in the spirit of sport, they built a brand that changed everything. ...more","1981","12097","","0","Shoe Dog: A Memoir by the Creator of NIKE","41","Product Description","19","Product Information","19","NOARCHIVE,NOCACHE","","","","","","","","","20631","20631","20631","3.058","","491","100","4.910","89.339","Easy","13.818","2","2","","14","7","0","2.540","16","9","0","0","0","0","","","","","c68631d016b45cadcdaa8b489b0ee3ed","0.028","Wed, 08 Feb 2023 21:02:32 GMT","","","","en-us","1.1","","","","","","https://books.toscrape.com/catalogue/shoe-dog-a-memoir-by-the-creator-of-nike_831/index.html","2026-06-10 17:51:34"
"https://books.toscrape.com/media/cache/2d/fd/2dfdc52bcdbd82dee50372bc46c83e15.jpg","image/jpeg","200","OK","Indexable","","","0","0","","0","0","","0","","0","","0","","0","","","","","","","","","","10508","10508","10508","1.557","","0","","","","","0.000","2","4","","0","0","0","0.000","0","0","0","0","0","0","","","","","","0.110","Wed, 08 Feb 2023 21:02:32 GMT","","","","","1.1","","","","","","https://books.toscrape.com/media/cache/2d/fd/2dfdc52bcdbd82dee50372bc46c83e15.jpg","2026-06-10 17:51:34"
"https://books.toscrape.com/catalogue/born-for-this-how-to-find-the-work-you-were-meant-to-do_588/index.html","text/html","200","OK","Indexable","","Born for This: How to Find the Work You Were Meant to Do | Books to Scrape - Sandbox","84","772","To the outside observer, it seems like they’ve won the career lottery—that by some stroke of luck or circumstance, they’ve found the one thing they love so much that it doesn’t even feel like work, and they’re getting paid well to do it. In reality, their good fortune has nothing to do with chance. There’s a method for finding your perfect job, and Chris Guillebeau, the be To the outside observer, it seems like they’ve won the career lottery—that by some stroke of luck or circumstance, they’ve found the one thing they love so much that it doesn’t even feel like work, and they’re getting paid well to do it. In reality, their good fortune has nothing to do with chance. There’s a method for finding your perfect job, and Chris Guillebeau, the bestselling author of The $100 Startup, has created a practical guide for how to do it—whethe rwithin a traditional company or business, or by striking out on your own. Finding the work you were “born to do” isn’t just about discovering your passion. Doing what brings you joy is great, but if you aren’t earning a living, it’s a hobby, not a career. And those who jump out of bed excited to go to work every morning don’t just have jobs that turn their passions into paychecks. They have jobs where they also can lose themselves for hours in the flow of meaningful work. This intersection of joy, money, and flow is what Guillebeau will help you find in this book. Through inspiring stories of those who have successfully landed their dream career, as well as actionable tools, exercises, and thought experiments, he’ll guide you through today’s vast menu of career options to discover the work perfectly suited to your unique interests, skills, and experiences.You’ll learn how to:• Hack the job of your dreams within a traditional organization by making it work for you• Find not only your ideal work but also your ideal working conditions• Create plans that will allow you to take smarter career risks and “beat the house” every time• Start a profitable “side hustle” and earn extra cash on top of your primary stream of income• Escape the prison of working for someone else and build a mini-empire as an entrepreneur• Become a rock star at any creative endeavor by creating a loyal base of fans and followersWhichever path you choose, this book will show you how to find that one job or career that feels so right, it’s like you were born to do it. ...more","2410","14485","","0","Born for This: How to Find the Work You Were Meant to Do","56","Product Description","19","Product Information","19","NOARCHIVE,NOCACHE","","","","","","","","","21919","21919","21919","3.248","","596","109","5.468","92.270","Very Easy","15.172","2","2","","14","7","0","2.540","16","9","0","0","0","0","","","","","439610341b2d706b1b6cb9ebd7396b78","0.110","Wed, 08 Feb 2023 21:02:32 GMT","","","","en-us","1.1","","","","","","https://books.toscrape.com/catalogue/born-for-this-how-to-find-the-work-you-were-meant-to-do_588/index.html","2026-06-10 17:51:34"
"https://books.toscrape.com/media/cache/d0/77/d077a30042df6b916bfc8d257345c69e.jpg","image/jpeg","200","OK","Indexable","","","0","0","","0","0","","0","","0","","0","","0","","","","","","","","","","8833","8833","8833","1.309","","0","","","","","0.000","2","4","","0","0","0","0.000","0","0","0","0","0","0","","","","","","0.119","Wed, 08 Feb 2023 21:02:33 GMT","","","","","1.1","","","","","","https://books.toscrape.com/media/cache/d0/77/d077a30042df6b916bfc8d257345c69e.jpg","2026-06-10 17:51:34"
"https://books.toscrape.com/media/cache/18/f4/18f45d31e3892fee589e23f15d759ee3.jpg","image/jpeg","200","OK","Indexable","","","0","0","","0","0","","0","","0","","0","","0","","","","","","","","","","9285","9285","9285","1.376","","0","","","","","0.000","2","4","","0","0","0","0.000","0","0","0","0","0","0","","","","","","0.035","Wed, 08 Feb 2023 21:02:32 GMT","","","","","1.1","","","","","","https://books.toscrape.com/media/cache/18/f4/18f45d31e3892fee589e23f15d759ee3.jpg","2026-06-10 17:51:34"
"https://books.toscrape.com/catalogue/the-10-entrepreneur-live-your-startup-dream-without-quitting-your-day-job_836/index.html","text/html","200","OK","Indexable","","The 10% Entrepreneur: Live Your Startup Dream Without Quitting Your Day Job | Books to Scrape - Sandbox","103","951","Choosing between the stability of a traditional career and the upside of entrepreneurship? Why not have both?Becoming a full-time entrepreneur can look glamorous from the outside. Who doesn’t want to chase their dreams, be their own boss, and do what they love? But the truth is that entrepreneurship is often a slog, with no regular hours, no job security, and very little p Choosing between the stability of a traditional career and the upside of entrepreneurship? Why not have both?Becoming a full-time entrepreneur can look glamorous from the outside. Who doesn’t want to chase their dreams, be their own boss, and do what they love? But the truth is that entrepreneurship is often a slog, with no regular hours, no job security, and very little pay.  What if there was a way to have the stability of a day job with the excitement of a startup? All of the benefits of entrepreneurship with none of the pitfalls? In The 10% Entrepreneur, Patrick McGinnis shows you how, by investing just 10% of your time and resources, you can become an entrepreneur without losing a steady paycheck.  McGinnis details a step-by-step plan that takes you from identifying your first entrepreneurial project to figuring out the smartest way to commit resources to it. He shows you how to select and engage in projects that will provide you with upside outside the office while making your better at your day job. He also profiles real-world 10% Entrepreneurs such as...•Luke Holden, a cash-strapped recent college graduate, who started his own lobster-roll empire and oversaw much of its first year of operations, all while working full time in corporate America•Dipali Patwa, a designer and mom whose side project designing and selling infant clothing is now a sensation.•A group of friends who met at a 6am Bible study class and went on to start a brewery that now generates millions in sales . A successful 10% Entrepreneur himself, McGinnis explains the multiple paths you can follow to invest your cash, time, and expertise in a start-up—including as a founder, angel, adviser, or aficionado. Most importantly, you don’t have to have millions in disposable income to become a 10% Entrepreneur. When you put McGinnis’s 10% principles into action, you’ll quickly start racking up small wins, then watch as they snowball into your new (and far more entrepreneurial) life. ...more","2366","14426","","0","The 10% Entrepreneur: Live Your Startup Dream Without Quitting Your Day Job","75","Product Description","19","Product Information","19","NOARCHIVE,NOCACHE","","","","","","","","","21352","21352","21352","3.164","","559","113","4.947","80.287","Easy","15.393","2","2","","14","7","0","2.540","16","9","0","0","0","0","","","","","44040b527d011d4e666dad94c6475507","0.119","Wed, 08 Feb 2023 21:02:32 GMT","","","","en-us","1.1","","","","","","https://books.toscrape.com/catalogue/the-10-entrepreneur-live-your-startup-dream-without-quitting-your-day-job_836/index.html","2026-06-10 17:51:34"
"https://books.toscrape.com/media/cache/54/10/5410a58193e2373c04b3021ade78a82b.jpg","image/jpeg","200","OK","Indexable","","","0","0","","0","0","","0","","0","","0","","0","","","","","","","","","","5850","5850","5850","0.867","","0","","","","","0.000","2","4","","0","0","0","0.000","0","0","0","0","0","0","","","","","","0.033","Wed, 08 Feb 2023 21:02:32 GMT","","","","","1.1","","","","","","https://books.toscrape.com/media/cache/54/10/5410a58193e2373c04b3021ade78a82b.jpg","2026-06-10 17:51:34"
"https://books.toscrape.com/media/cache/39/f1/39f167dff90d7f84f5c8dc5e05d4051b.jpg","image/jpeg","200","OK","Indexable","","","0","0","","0","0","","0","","0","","0","","0","","","","","","","","","","11405","11405","11405","1.690","","0","","","","","0.000","2","4","","0","0","0","0.000","0","0","0","0","0","0","","","","","","0.118","Wed, 08 Feb 2023 21:02:32 GMT","","","","","1.1","","","","","","https://books.toscrape.com/media/cache/39/f1/39f167dff90d7f84f5c8dc5e05d4051b.jpg","2026-06-10 17:51:34"
"https://books.toscrape.com/media/cache/82/93/82939ca78da0b724f16ec814849514fd.jpg","image/jpeg","200","OK","Indexable","","","0","0","","0","0","","0","","0","","0","","0","","","","","","","","","","7360","7360","7360","1.091","","0","","","","","0.000","2","4","","0","0","0","0.000","0","0","0","0","0","0","","","","","","0.167","Wed, 08 Feb 2023 21:02:33 GMT","","","","","1.1","","","","","","https://books.toscrape.com/media/cache/82/93/82939ca78da0b724f16ec814849514fd.jpg","2026-06-10 17:51:34"
"https://books.toscrape.com/catalogue/rich-dad-poor-dad_483/index.html","text/html","200","OK","Indexable","","Rich Dad, Poor Dad | Books to Scrape - Sandbox","46","421","Personal finance author and lecturer Robert T. Kiyosaki developed his unique economic perspective from two very different influences - his two fathers. One father (Robert's real father) was a highly educated man but fiscally poor. The other father was the father of Robert's best friend - that Dad was an eighth-grade drop-out who became a self-made multi-millionaire. The li Personal finance author and lecturer Robert T. Kiyosaki developed his unique economic perspective from two very different influences - his two fathers. One father (Robert's real father) was a highly educated man but fiscally poor. The other father was the father of Robert's best friend - that Dad was an eighth-grade drop-out who became a self-made multi-millionaire. The lifelong monetary problems experienced by his poor dad pounded home the counterpoint communicated by his rich dad. Taking that message to heart, Kiyosaki was able to retire at 47. ...more","936","5751","","0","Rich Dad, Poor Dad","18","Product Description","19","Product Information","19","NOARCHIVE,NOCACHE","","","","","","","","","18661","18661","18661","2.766","","301","86","3.500","87.203","Easy","9.383","2","2","","14","7","0","2.540","16","9","0","0","0","0","","","","","fd855505c222a834dc1040ffe279b1ba","0.174","Wed, 08 Feb 2023 21:02:32 GMT","","","","en-us","1.1","","","","","","https://books.toscrape.com/catalogue/rich-dad-poor-dad_483/index.html","2026-06-10 17:51:34"
"https://books.toscrape.com/media/cache/aa/67/aa677a97ecdcbbde7471f1c90ed0cf6f.jpg","image/jpeg","200","OK","Indexable","","","0","0","","0","0","","0","","0","","0","","0","","","","","","","","","","8081","8081","8081","1.198","","0","","","","","0.000","2","4","","0","0","0","0.000","0","0","0","0","0","0","","","","","","0.111","Wed, 08 Feb 2023 21:02:33 GMT","","","","","1.1","","","","","","https://books.toscrape.com/media/cache/aa/67/aa677a97ecdcbbde7471f1c90ed0cf6f.jpg","2026-06-10 17:51:34"
"https://books.toscrape.com/media/cache/b3/7b/b37be83183f1dcb759d92bda8f8998a4.jpg","image/jpeg","200","OK","Indexable","","","0","0","","0","0","","0","","0","","0","","0","","","","","","","","","","7449","7449","7449","1.104","","0","","","","","0.000","2","4","","0","0","0","0.000","0","0","0","0","0","0","","","","","","0.104","Wed, 08 Feb 2023 21:02:33 GMT","","","","","1.1","","","","","","https://books.toscrape.com/media/cache/b3/7b/b37be83183f1dcb759d92bda8f8998a4.jpg","2026-06-10 17:51:34"
"https://books.toscrape.com/media/cache/e2/2e/e22e4a82d97f9f0689d5295a98f5dcff.jpg","image/jpeg","200","OK","Indexable","","","0","0","","0","0","","0","","0","","0","","0","","","","","","","","","","7524","7524","7524","1.115","","0","","","","","0.000","2","4","","0","0","0","0.000","0","0","0","0","0","0","","","","","","0.113","Wed, 08 Feb 2023 21:02:33 GMT","","","","","1.1","","","","","","https://books.toscrape.com/media/cache/e2/2e/e22e4a82d97f9f0689d5295a98f5dcff.jpg","2026-06-10 17:51:34"
"https://books.toscrape.com/media/cache/08/04/08044269fc197645268a6197c57e6173.jpg","image/jpeg","200","OK","Indexable","","","0","0","","0","0","","0","","0","","0","","0","","","","","","","","","","11373","11373","11373","1.685","","0","","","","","0.000","2","4","","0","0","0","0.000","0","0","0","0","0","0","","","","","","0.033","Wed, 08 Feb 2023 21:02:32 GMT","","","","","1.1","","","","","","https://books.toscrape.com/media/cache/08/04/08044269fc197645268a6197c57e6173.jpg","2026-06-10 17:51:35"
"https://books.toscrape.com/catalogue/rework_212/index.html","text/html","200","OK","Indexable","","Rework | Books to Scrape - Sandbox","34","318","Most business books give you the same old advice: Write a business plan, study the competition, seek investors, yadda yadda. If you're looking for a book like that, put this one back on the shelf.Rework shows you a better, faster, easier way to succeed in business. Read it and you'll know why plans are actually harmful, why you don't need outside investors, and why you're Most business books give you the same old advice: Write a business plan, study the competition, seek investors, yadda yadda. If you're looking for a book like that, put this one back on the shelf.Rework shows you a better, faster, easier way to succeed in business. Read it and you'll know why plans are actually harmful, why you don't need outside investors, and why you're better off ignoring the competition. The truth is, you need less than you think. You don't need to be a workaholic. You don't need to staff up. You don't need to waste time on paperwork or meetings. You don't even need an office. Those are all just excuses.  What you really need to do is stop talking and start working. This book shows you the way. You'll learn how to be more productive, how to get exposure without breaking the bank, and tons more counterintuitive ideas that will inspire and provoke you.With its straightforward language and easy-is-better approach, Rework is the perfect playbook for anyone who’s ever dreamed of doing it on their own. Hardcore entrepreneurs, small-business owners, people stuck in day jobs they hate, victims of ""downsizing,"" and artists who don’t want to starve anymore will all find valuable guidance in these pages. ...more","1616","9858","","0","Rework","6","Product Description","19","Product Information","19","NOARCHIVE,NOCACHE","","","","","","","","","20159","20159","20159","2.988","","422","103","4.097","93.418","Very Easy","11.938","2","2","","14","7","0","2.540","16","9","0","0","0","0","","","","","ea6a54bedaea1f32c60f837572deae0f","0.093","Wed, 08 Feb 2023 21:02:32 GMT","","","","en-us","1.1","","","","","","https://books.toscrape.com/catalogue/rework_212/index.html","2026-06-10 17:51:34"
"https://books.toscrape.com/catalogue/the-lean-startup-how-todays-entrepreneurs-use-continuous-innovation-to-create-radically-successful-businesses_260/index.html","text/html","200","OK","Indexable","","The Lean Startup: How Today's Entrepreneurs Use Continuous Innovation to Create Radically Successful Businesses | Books to Scrape - Sandbox","139","1282","Most startups fail. But many of those failures are preventable. The Lean Startup is a new approach being adopted across the globe, changing the way companies are built and new products are launched. Eric Ries defines a startup asan organization dedicated to creating something new under conditions of extreme uncertainty. This is just as true for one person in a garage or a Most startups fail. But many of those failures are preventable.  The Lean Startup is a new approach being adopted across the globe, changing the way companies are built and new products are launched. Eric Ries defines a startup as an organization dedicated to creating something new under conditions of extreme uncertainty. This is just as true for one person in a garage or a group of seasoned professionals in a Fortune 500 boardroom. What they have in common is a mission to penetrate that fog of uncertainty to discover a successful path to a sustainable business. The Lean Startup approach fosters companies that are both more capital efficient and that leverage human creativity more effectively.  Inspired by lessons from lean manufacturing, it relies on “validated learning,” rapid scientific experimentation, as well as a number of counter-intuitive practices that shorten product development cycles, measure actual progress without resorting to vanity metrics, and learn what customers really want. It enables a company to shift directions with agility, altering plans inch by inch, minute by minute. Rather than wasting time creating elaborate business plans, The Lean Startup offers entrepreneurs - in companies of all sizes - a way to test their vision continuously, to adapt and adjust before it’s too late. Ries provides a scientific approach to creating and managing successful startups in a age when companies need to innovate more than ever. ...more","1842","11308","","0","The Lean Startup: How Today's Entrepreneurs Use Continuous Innovation to Create Radically Successful Businesses","111","Product Description","19","Product Information","19","NOARCHIVE,NOCACHE","","","","","","","","","20953","20953","20953","3.105","","467","106","4.406","71.568","Fairly Easy","13.553","2","2","","14","7","0","2.540","16","9","0","0","0","0","","","","","5a7bb5d93d08cc0ed96df78cf0552ddd","0.036","Wed, 08 Feb 2023 21:02:32 GMT","","","","en-us","1.1","","","","","","https://books.toscrape.com/catalogue/the-lean-startup-how-todays-entrepreneurs-use-continuous-innovation-to-create-radically-successful-businesses_260/index.html","2026-06-10 17:51:35"
"https://books.toscrape.com/media/cache/e3/d0/e3d05227f3fc24f0e0c84ccebe108fb0.jpg","image/jpeg","200","OK","Indexable","","","0","0","","0","0","","0","","0","","0","","0","","","","","","","","","","8854","8854","8854","1.312","","0","","","","","0.000","2","4","","0","0","0","0.000","0","0","0","0","0","0","","","","","","0.032","Wed, 08 Feb 2023 21:02:33 GMT","","","","","1.1","","","","","","https://books.toscrape.com/media/cache/e3/d0/e3d05227f3fc24f0e0c84ccebe108fb0.jpg","2026-06-10 17:51:35"
"https://books.toscrape.com/catalogue/someone-like-you-the-harrisons-2_735/index.html","text/html","200","OK","Indexable","","Someone Like You (The Harrisons #2) | Books to Scrape - Sandbox","63","590","Pierce Harrison--yes, that Pierce Harrison, black sheep of the wealthy Harrison clan--has come home to his family's luxurious Long Island compound. The big question is why the dangerously sexy soccer star agreed to coach a kids' soccer team. His co-coach Abby McCord should be grateful. Instead she's fending off some seriously smoldering advances from the scandal-ridden ath Pierce Harrison--yes, that Pierce Harrison, black sheep of the wealthy Harrison clan--has come home to his family's luxurious Long Island compound. The big question is why the dangerously sexy soccer star agreed to coach a kids' soccer team. His co-coach Abby McCord should be grateful. Instead she's fending off some seriously smoldering advances from the scandal-ridden athlete. Good thing bad boys are so not her type . . . Abby is definitely not lacking in passion, but the sweet-faced beauty needs to learn a thing or two about taking a team to the championship--and a whole lot about how to let a man into her once-broken heart. Pierce definitely knows how to make the moves, but will Abby trust that the bachelor the world has condemned as a scoundrel can settle down with the one woman who has taken hold of his heart? ...more","1210","7516","","0","Someone Like You (The Harrisons #2)","35","Product Description","19","Product Information","19","NOARCHIVE,NOCACHE","","","","","","","","","18639","18639","18639","2.762","","352","85","4.141","90.393","Very Easy","10.972","2","2","","4","2","0","0.720","16","9","0","0","0","0","","","","","f260c21242a621c21471cac78659b5de","0.031","Wed, 08 Feb 2023 21:02:32 GMT","","","","en-us","1.1","","","","","","https://books.toscrape.com/catalogue/someone-like-you-the-harrisons-2_735/index.html","2026-06-10 17:51:35"
"https://books.toscrape.com/media/cache/4d/18/4d1891e435c6692c864331c585e0d014.jpg","image/jpeg","200","OK","Indexable","","","0","0","","0","0","","0","","0","","0","","0","","","","","","","","","","10128","10128","10128","1.501","","0","","","","","0.000","2","4","","0","0","0","0.000","0","0","0","0","0","0","","","","","","0.106","Wed, 08 Feb 2023 21:02:32 GMT","","","","","1.1","","","","","","https://books.toscrape.com/media/cache/4d/18/4d1891e435c6692c864331c585e0d014.jpg","2026-06-10 17:51:35"
"https://books.toscrape.com/media/cache/97/27/97275841c81e66d53bf9313cba06f23e.jpg","image/jpeg","200","OK","Indexable","","","0","0","","0","0","","0","","0","","0","","0","","","","","","","","","","39929","39929","39929","5.917","","0","","","","","0.000","2","4","","0","0","0","0.000","0","0","0","0","0","0","","","","","","0.114","Wed, 08 Feb 2023 21:02:33 GMT","","","","","1.1","","","","","","https://books.toscrape.com/media/cache/97/27/97275841c81e66d53bf9313cba06f23e.jpg","2026-06-10 17:51:35"
"https://books.toscrape.com/catalogue/we-are-all-completely-beside-ourselves_301/index.html","text/html","200","OK","Indexable","","We Are All Completely Beside Ourselves | Books to Scrape - Sandbox","66","610","Meet the Cooke family. Our narrator is Rosemary Cooke. As a child, she never stopped talking; as a young woman, she has wrapped herself in silence: the silence of intentional forgetting, of protective cover. Something happened, something so awful she has buried it in the recesses of her mind.Now her adored older brother is a fugitive, wanted by the FBI for domestic terrori Meet the Cooke family. Our narrator is Rosemary Cooke. As a child, she never stopped talking; as a young woman, she has wrapped herself in silence: the silence of intentional forgetting, of protective cover. Something happened, something so awful she has buried it in the recesses of her mind.Now her adored older brother is a fugitive, wanted by the FBI for domestic terrorism. And her once lively mother is a shell of her former self, her clever and imperious father now a distant, brooding man.And Fern, Rosemary’s beloved sister, her accomplice in all their childhood mischief? Fern’s is a fate the family, in all their innocence, could never have imagined. ...more","1045","6340","","0","We Are All Completely Beside Ourselves","38","Product Description","19","Product Information","19","NOARCHIVE,NOCACHE","","","","","","","","","18414","18414","18414","2.729","","327","87","3.759","84.011","Easy","10.307","2","2","","2","1","0","0.360","16","9","0","0","0","0","","","","","443705393b42f85b4314c0df8080e409","0.114","Wed, 08 Feb 2023 21:02:32 GMT","","","","en-us","1.1","","","","","","https://books.toscrape.com/catalogue/we-are-all-completely-beside-ourselves_301/index.html","2026-06-10 17:51:35"
"https://books.toscrape.com/media/cache/6e/4e/6e4e8f4f4abd94356a9be840e4681e65.jpg","image/jpeg","200","OK","Indexable","","","0","0","","0","0","","0","","0","","0","","0","","","","","","","","","","8729","8729","8729","1.294","","0","","","","","0.000","2","4","","0","0","0","0.000","0","0","0","0","0","0","","","","","","0.035","Wed, 08 Feb 2023 21:02:32 GMT","","","","","1.1","","","","","","https://books.toscrape.com/media/cache/6e/4e/6e4e8f4f4abd94356a9be840e4681e65.jpg","2026-06-10 17:51:35"
"https://books.toscrape.com/catalogue/when-we-collided_955/index.html","text/html","200","OK","Indexable","","When We Collided | Books to Scrape - Sandbox","44","414","We are seventeen and shattered and still dancing. We have messy, throbbing hearts, and we are stronger than anyone could ever know…Jonah never thought a girl like Vivi would come along.Vivi didn’t know Jonah would light up her world.Neither of them expected a summer like this…a summer that would rewrite their futures.In an unflinching story about new love, old wounds, and We are seventeen and shattered and still dancing. We have messy, throbbing hearts, and we are stronger than anyone could ever know…Jonah never thought a girl like Vivi would come along.Vivi didn’t know Jonah would light up her world.Neither of them expected a summer like this…a summer that would rewrite their futures.In an unflinching story about new love, old wounds, and forces beyond our control, two teens find that when you collide with the right person at just the right time, it will change you forever. ...more","895","5551","","0","When We Collided","16","Product Description","19","Product Information","19","NOARCHIVE,NOCACHE","","","","","","","","","17981","17981","17981","2.665","","295","80","3.688","93.829","Very Easy","9.483","2","2","","6","3","0","1.090","16","9","0","0","0","0","","","","","e881397eecb61cdf2638b866ab9ce423","0.115","Wed, 08 Feb 2023 21:02:32 GMT","","","","en-us","1.1","","","","","","https://books.toscrape.com/catalogue/when-we-collided_955/index.html","2026-06-10 17:51:35"
"https://books.toscrape.com/catalogue/dark-notes_800/index.html","text/html","200","OK","Indexable","","Dark Notes | Books to Scrape - Sandbox","38","351","They call me a slut. Maybe I am.Sometimes I do things I despise.Sometimes men take without asking.But I have a musical gift, only a year left of high school, and a plan.With one obstacle.Emeric Marceaux doesn’t just take.He seizes my will power and bangs it like a dark note.When he commands me to play, I want to give him everything.I kneel for his punishments, tremble for They call me a slut. Maybe I am.Sometimes I do things I despise.Sometimes men take without asking.But I have a musical gift, only a year left of high school, and a plan.With one obstacle.Emeric Marceaux doesn’t just take.He seizes my will power and bangs it like a dark note.When he commands me to play, I want to give him everything.I kneel for his punishments, tremble for his touch, and risk it all for our stolen moments.He’s my obsession, my master, my music.And my teacher. ...more","862","5312","","0","Dark Notes","10","Product Description","19","Product Information","19","NOARCHIVE,NOCACHE","","","","","","","","","18309","18309","18309","2.713","","298","93","3.204","91.161","Very Easy","9.061","2","2","","4","2","0","0.720","16","9","0","0","0","0","","","","","9d3fd25a5778ac585bcdf65d3e0df6c0","0.038","Wed, 08 Feb 2023 21:02:32 GMT","","","","en-us","1.1","","","","","","https://books.toscrape.com/catalogue/dark-notes_800/index.html","2026-06-10 17:51:35"
"https://books.toscrape.com/media/cache/c0/59/c05972805aa7201171b8fc71a5b00292.jpg","image/jpeg","200","OK","Indexable","","","0","0","","0","0","","0","","0","","0","","0","","","","","","","","","","30784","30784","30784","4.562","","0","","","","","0.000","2","4","","0","0","0","0.000","0","0","0","0","0","0","","","","","","0.119","Wed, 08 Feb 2023 21:02:33 GMT","","","","","1.1","","","","","","https://books.toscrape.com/media/cache/c0/59/c05972805aa7201171b8fc71a5b00292.jpg","2026-06-10 17:51:35"
"https://books.toscrape.com/catalogue/suzie-snowflake-one-beautiful-flake-a-self-esteem-story_568/index.html","text/html","200","OK","Indexable","","Suzie Snowflake: One beautiful flake (a self-esteem story) | Books to Scrape - Sandbox","86","769","Follow Suzie on a magical journey of discovering her true self worth within.A beautifully illustrated self-esteem story for all ages!Suzie Snowflake struggles with what she sees as ""flaws"" and ""imperfections"" in her beautiful design. ""How can I notice my outer is bright, when there are parts of myself I don't really like?""Through the love and wisdom of her parents, Suzie d Follow Suzie on a magical journey of discovering her true self worth within.﻿A beautifully illustrated self-esteem story for all ages!﻿﻿﻿Suzie Snowflake struggles with what she sees as ""flaws"" and ""imperfections"" in her beautiful design. ""How can I notice my outer is bright, when there are parts of myself I don't really like?""Through the love and wisdom of her parents, Suzie discovers her true inner beauty and light. ""It's who you are inside that counts, your inner light that shines through, and who you are outside is wondrous too.""""Look at your art, look at your design, six magical sides, created one of a kind!""""Suzie dear, we love you for you. Each and every single part of you too!""A wonderful affirmation of the importance of self-love and uniqueness; nurturing to every child. Coupled with 36 uplifting, awe-inspiring illustrations!Crystaline Rose is a teacher and children’s book author. She has read her books to thousands of children in classrooms and book readings. They are met with ‘Aha’ moments, appreciation and excitement. “The illustrations are magical and the story has meaning!” ""It's my favorite book ever!"" Parents share that their children are asking for “the rainbow book!” and look forward to reading it again and again."" ""This is more than a children's book"" ""There is inspiration and hope to be found at any age."" ...more","1729","10367","","0","Suzie Snowflake: One beautiful flake (a self-esteem story)","58","Product Description","19","Product Information","19","NOARCHIVE,NOCACHE","","","","","","","","","20386","20386","20386","3.021","","440","111","3.964","83.602","Easy","12.911","2","2","","14","7","0","2.540","16","9","0","0","0","0","","","","","3bb9f3d08c6596a01cf7005589d46d9f","0.031","Wed, 08 Feb 2023 21:02:32 GMT","","","","en-us","1.1","","","","","","https://books.toscrape.com/catalogue/suzie-snowflake-one-beautiful-flake-a-self-esteem-story_568/index.html","2026-06-10 17:51:35"
"https://books.toscrape.com/media/cache/db/cc/dbcc9d63b73ce9058d53f36465dbe2b2.jpg","image/jpeg","200","OK","Indexable","","","0","0","","0","0","","0","","0","","0","","0","","","","","","","","","","14755","14755","14755","2.187","","0","","","","","0.000","2","4","","0","0","0","0.000","0","0","0","0","0","0","","","","","","0.123","Wed, 08 Feb 2023 21:02:33 GMT","","","","","1.1","","","","","","https://books.toscrape.com/media/cache/db/cc/dbcc9d63b73ce9058d53f36465dbe2b2.jpg","2026-06-10 17:51:35"
"https://books.toscrape.com/media/cache/c3/d0/c3d0f2fb5cacbca64639a679b962e1b9.jpg","image/jpeg","200","OK","Indexable","","","0","0","","0","0","","0","","0","","0","","0","","","","","","","","","","8417","8417","8417","1.247","","0","","","","","0.000","2","4","","0","0","0","0.000","0","0","0","0","0","0","","","","","","0.034","Wed, 08 Feb 2023 21:02:33 GMT","","","","","1.1","","","","","","https://books.toscrape.com/media/cache/c3/d0/c3d0f2fb5cacbca64639a679b962e1b9.jpg","2026-06-10 17:51:35"
"https://books.toscrape.com/catalogue/like-never-before-walker-family-2_476/index.html","text/html","200","OK","Indexable","","Like Never Before (Walker Family #2) | Books to Scrape - Sandbox","64","584","Maple Valley became Amelia Bentley's haven after her heart and her dreams of a family were shattered. But her new life as a newspaper editor is shaken when the small-town paper is in danger of closing. Her one hope: A lead on an intriguing story that just might impress the new publisher...if only she new who he was.After his biggest campaign success yet, widowed speechwrit Maple Valley became Amelia Bentley's haven after her heart and her dreams of a family were shattered. But her new life as a newspaper editor is shaken when the small-town paper is in danger of closing. Her one hope: A lead on an intriguing story that just might impress the new publisher...if only she new who he was.After his biggest campaign success yet, widowed speechwriter Logan Walker now has the chance of a lifetime--a spot on a presidential campaign. But his plans are interrupted when he finds out he's inherited his hometown newspaper. He travels home intent on selling the paper and spending some much-needed time with his young daughter before making the leap into national politics.But instead of a quick sale and peaceful break from his hectic career, Logan finds himself helping Amelia chase her story. She's scrappy, but wounded. He's dependable, but lost. They may butt heads more than expected, but a series of leads on Maple Valley's quirky unsolved mystery is just the start of the sparks that fly in the office and in their hearts. ...more","1437","8853","","0","Like Never Before (Walker Family #2)","36","Product Description","19","Product Information","19","NOARCHIVE,NOCACHE","","","","","","","","","19378","19378","19378","2.872","","396","96","4.125","84.294","Easy","11.762","2","2","","14","7","0","2.540","16","9","0","0","0","0","","","","","70087ce75da74ea5cce57dadf57428f8","0.039","Wed, 08 Feb 2023 21:02:32 GMT","","","","en-us","1.1","","","","","","https://books.toscrape.com/catalogue/like-never-before-walker-family-2_476/index.html","2026-06-10 17:51:35"
"https://books.toscrape.com/media/cache/fa/f6/faf6d69a42f477e1da80a71f05a4dc25.jpg","image/jpeg","200","OK","Indexable","","","0","0","","0","0","","0","","0","","0","","0","","","","","","","","","","10897","10897","10897","1.615","","0","","","","","0.000","2","4","","0","0","0","0.000","0","0","0","0","0","0","","","","","","0.130","Wed, 08 Feb 2023 21:02:33 GMT","","","","","1.1","","","","","","https://books.toscrape.com/media/cache/fa/f6/faf6d69a42f477e1da80a71f05a4dc25.jpg","2026-06-10 17:51:35"
"https://books.toscrape.com/media/cache/93/e0/93e0ec623673a8f83598c9aa7b6c94ec.jpg","image/jpeg","200","OK","Indexable","","","0","0","","0","0","","0","","0","","0","","0","","","","","","","","","","10824","10824","10824","1.604","","0","","","","","0.000","2","4","","0","0","0","0.000","0","0","0","0","0","0","","","","","","0.124","Wed, 08 Feb 2023 21:02:33 GMT","","","","","1.1","","","","","","https://books.toscrape.com/media/cache/93/e0/93e0ec623673a8f83598c9aa7b6c94ec.jpg","2026-06-10 17:51:35"
"https://books.toscrape.com/media/cache/32/2c/322c1f6cce6d5a69a7d2321779195a0c.jpg","image/jpeg","200","OK","Indexable","","","0","0","","0","0","","0","","0","","0","","0","","","","","","","","","","9132","9132","9132","1.353","","0","","","","","0.000","2","4","","0","0","0","0.000","0","0","0","0","0","0","","","","","","0.116","Wed, 08 Feb 2023 21:02:32 GMT","","","","","1.1","","","","","","https://books.toscrape.com/media/cache/32/2c/322c1f6cce6d5a69a7d2321779195a0c.jpg","2026-06-10 17:51:35"
"https://books.toscrape.com/catalogue/counted-with-the-stars-out-from-egypt-1_463/index.html","text/html","200","OK","Indexable","","Counted With the Stars (Out from Egypt #1) | Books to Scrape - Sandbox","70","640","A Story of Love, Desperation, and Hope During a Great Biblical EpochSold into slavery by her father and forsaken by the man she was supposed to marry, young Egyptian Kiya must serve a mistress who takes pleasure in her humiliation. When terrifying plagues strike Egypt, Kiya is in the middle of it all.To save her older brother and escape the bonds of slavery, Kiya flees wit A Story of Love, Desperation, and Hope During a Great Biblical EpochSold into slavery by her father and forsaken by the man she was supposed to marry, young Egyptian Kiya must serve a mistress who takes pleasure in her humiliation. When terrifying plagues strike Egypt, Kiya is in the middle of it all.To save her older brother and escape the bonds of slavery, Kiya flees with the Hebrews during the Great Exodus. She finds herself utterly dependent on a fearsome God she's only just beginning to learn about, and in love with a man who despises her people. With everything she's ever known swept away, will Kiya turn back toward Egypt or surrender her life and her future to Yahweh? ...more","1067","6533","","0","Counted With the Stars (Out from Egypt #1)","42","Product Description","19","Product Information","19","NOARCHIVE,NOCACHE","","","","","","","","","18496","18496","18496","2.741","","342","81","4.222","88.513","Easy","10.354","2","2","","14","7","0","2.540","16","9","0","0","0","0","","","","","9ac24be3841c14d788410e815ef16913","0.107","Wed, 08 Feb 2023 21:02:32 GMT","","","","en-us","1.1","","","","","","https://books.toscrape.com/catalogue/counted-with-the-stars-out-from-egypt-1_463/index.html","2026-06-10 17:51:35"
"https://books.toscrape.com/media/cache/17/e2/17e264d978942f73b859fa1c1d2cf827.jpg","image/jpeg","200","OK","Indexable","","","0","0","","0","0","","0","","0","","0","","0","","","","","","","","","","9730","9730","9730","1.442","","0","","","","","0.000","2","4","","0","0","0","0.000","0","0","0","0","0","0","","","","","","0.112","Wed, 08 Feb 2023 21:02:32 GMT","","","","","1.1","","","","","","https://books.toscrape.com/media/cache/17/e2/17e264d978942f73b859fa1c1d2cf827.jpg","2026-06-10 17:51:36"
"https://books.toscrape.com/catalogue/close-to-you_798/index.html","text/html","200","OK","Indexable","","Close to You | Books to Scrape - Sandbox","40","364","A disgraced scholar running from her past and an entrepreneur chasing his future find themselves thrown together—and fall in love—on a Tolkien tour of New Zealand.Allison Shire (yes, like where the Hobbits live) is a disgraced academic who is done with love. Her belief in “happily ever after” ended the day she discovered her husband was still married to a wife she knew not A disgraced scholar running from her past and an entrepreneur chasing his future find themselves thrown together—and fall in love—on a Tolkien tour of New Zealand.Allison Shire (yes, like where the Hobbits live) is a disgraced academic who is done with love. Her belief in “happily ever after” ended the day she discovered her husband was still married to a wife she knew nothing about. She finally finds a use for her English degree by guiding tours through the famous sites featured in the Lord of the Rings and The Hobbit movies. By living life on the road and traveling New Zealand as a luxury tour guide, Allison manages to outrun the pain of her past she can’t face.Jackson Gregory was on the cusp of making it big. Then suddenly his girlfriend left him—for his biggest business competitor—and took his most guarded commercial secrets with her. To make matters worse, the Iowa farm that has been in his family for generations is facing foreclosure. Determined to save his parents from financial ruin, he’ll do whatever it takes to convince his wealthy great-uncle to invest in his next scheme, which means accompanying him to the bottom of the world to spend three weeks pretending to be a die-hard Lord of the Rings fan, even though he knows nothing about the stories. The one thing that stands between him and his goal is a know-it-all tour guide who can’t stand him and pegged him as a fake the moment he walked off the plane.When Allison leads the group through the famous sites of the Tolkien movies, she and Jackson start to see each other differently, and as they keep getting thrown together on the tour, they find themselves drawn to each other. Neither expected to fall in love again, but can they find a way beyond their regrets to take a chance on the one thing they’re not looking for? ...more","2188","13403","","0","Close to You","12","Product Description","19","Product Information","19","NOARCHIVE,NOCACHE","","","","","","","","","21276","21276","21276","3.153","","530","106","5.000","88.907","Easy","14.125","2","2","","14","7","0","2.540","16","9","0","0","0","0","","","","","ca6b22b94973913a15cef0ccd0f1395","0.036","Wed, 08 Feb 2023 21:02:32 GMT","","","","en-us","1.1","","","","","","https://books.toscrape.com/catalogue/close-to-you_798/index.html","2026-06-10 17:51:36"
"https://books.toscrape.com/media/cache/21/21/2121ba78e26194d92c334fde3850f840.jpg","image/jpeg","200","OK","Indexable","","","0","0","","0","0","","0","","0","","0","","0","","","","","","","","","","10397","10397","10397","1.541","","0","","","","","0.000","2","4","","0","0","0","0.000","0","0","0","0","0","0","","","","","","0.030","Wed, 08 Feb 2023 21:02:32 GMT","","","","","1.1","","","","","","https://books.toscrape.com/media/cache/21/21/2121ba78e26194d92c334fde3850f840.jpg","2026-06-10 17:51:36"
"https://books.toscrape.com/catalogue/shadows-of-the-past-logan-point-1_541/index.html","text/html","200","OK","Indexable","","Shadows of the Past (Logan Point #1) | Books to Scrape - Sandbox","64","590","Psychology professor and criminal profiler Taylor Martin prides herself on being able to solve any crime, except the one she wants most desperately to solve--the disappearance of her father twenty years ago. When she finally has a lead on his whereabouts, Taylor returns home to Logan Point, Mississippi, to investigate. But as she is stalking the truth about the past, someo Psychology professor and criminal profiler Taylor Martin prides herself on being able to solve any crime, except the one she wants most desperately to solve--the disappearance of her father twenty years ago. When she finally has a lead on his whereabouts, Taylor returns home to Logan Point, Mississippi, to investigate. But as she is stalking the truth about the past, someone is stalking her.Nick Sinclair pens mystery novels for a living, but the biggest mystery to him is how he can ever get over the death of his wife--a tragedy he believes he could have prevented. With his estranged brother the only family he has left, Nick sets out to find him. But when he crosses paths with Taylor, all he seems to find is trouble. ...more","1109","6715","","0","Shadows of the Past (Logan Point #1)","36","Product Description","19","Product Information","19","NOARCHIVE,NOCACHE","","","","","","","","","18735","18735","18735","2.777","","341","85","4.012","85.911","Easy","10.451","2","2","","14","7","0","2.540","16","9","0","0","0","0","","","","","53130734cf228277fe48996f7a80ad95","0.110","Wed, 08 Feb 2023 21:02:32 GMT","","","","en-us","1.1","","","","","","https://books.toscrape.com/catalogue/shadows-of-the-past-logan-point-1_541/index.html","2026-06-10 17:51:35"
"https://books.toscrape.com/catalogue/if-i-run-if-i-run-1_174/index.html","text/html","200","OK","Indexable","","If I Run (If I Run #1) | Books to Scrape - Sandbox","50","421","Casey knows the truth.But it won’t set her free.Casey Cox’s DNA is all over the crime scene. There’s no use talking to police; they have failed her abysmally before. She has to flee before she’s arrested . . . or worse. The truth doesn’t matter anymore.But what is the truth? That’s the question haunting Dylan Roberts, the war-weary veteran hired to find Casey. PTSD has mar Casey knows the truth.But it won’t set her free.Casey Cox’s DNA is all over the crime scene. There’s no use talking to police; they have failed her abysmally before. She has to flee before she’s arrested . . . or worse. The truth doesn’t matter anymore.But what is the truth? That’s the question haunting Dylan Roberts, the war-weary veteran hired to find Casey. PTSD has marked him damaged goods, but bringing Casey back can redeem him. Though the crime scene seems to tell the whole story, details of the murder aren’t adding up. Casey Cox doesn’t fit the profile of a killer. But are Dylan’s skewed perceptions keeping him from being objective? If she isn’t guilty, why did she run?Unraveling her past and the evidence that condemns her will take more time than he has, but as Dylan’s damaged soul intersects with hers, he is faced with two choices. The girl who occupies his every thought is a psychopathic killer . . . or a selfless hero. And the truth could be the most deadly weapon yet. ...more","1378","8366","","0","If I Run (If I Run #1)","22","Product Description","19","Product Information","19","NOARCHIVE,NOCACHE","","","","","","","","","19207","19207","19207","2.846","","400","103","3.883","98.201","Very Easy","11.517","2","2","","14","7","0","2.540","16","9","0","0","0","0","","","","","9eb9b57a249f683b632fa6f6cdd1820b","0.033","Wed, 08 Feb 2023 21:02:32 GMT","","","","en-us","1.1","","","","","","https://books.toscrape.com/catalogue/if-i-run-if-i-run-1_174/index.html","2026-06-10 17:51:36"
"https://books.toscrape.com/catalogue/redeeming-love_826/index.html","text/html","200","OK","Indexable","","Redeeming Love | Books to Scrape - Sandbox","42","401","California's gold country, 1850. A time when men sold their souls for a bag of gold and women sold their bodies for a place to sleep.Angel expects nothing from men but betrayal. Sold into prostitution as a child she survives by keeping her hatred alive. And what she hates most are the men who use her, leaving her empty and dead inside.Then she meets Michael Hosea. A man wh California's gold country, 1850. A time when men sold their souls for a bag of gold and women sold their bodies for a place to sleep.Angel expects nothing from men but betrayal. Sold into prostitution as a child she survives by keeping her hatred alive. And what she hates most are the men who use her, leaving her empty and dead inside.Then she meets Michael Hosea. A man who seeks his Father's heart in everything, Michael obeys God's call to marry Angel and to love her unconditionally. Slowly, day by day, he defies Angel's every bitter expectation, until despite her resistance, her frozen heart begins to thaw.But with her unexpected softening come overwhelming feelings of unworthiness and fear. And so Angel runs. Back to the darkness, away from her husband's pursuing love, terrified of the truth she no longer can deny: Her final healing must come from the One who loves her even more than Michael does ... the One who will never let her go. ...more","1335","8210","","0","Redeeming Love","14","Product Description","19","Product Information","19","NOARCHIVE,NOCACHE","","","","","","","","","19710","19710","19710","2.921","","384","101","3.802","89.515","Easy","10.990","2","2","","14","7","0","2.540","16","9","0","0","0","0","","","","","8112728ea08111c474118e86b7d539bf","0.104","Wed, 08 Feb 2023 21:02:32 GMT","","","","en-us","1.1","","","","","","https://books.toscrape.com/catalogue/redeeming-love_826/index.html","2026-06-10 17:51:36"
"https://books.toscrape.com/catalogue/critique-of-pure-reason_366/index.html","text/html","200","OK","Indexable","","Critique of Pure Reason | Books to Scrape - Sandbox","51","463","This entirely new translation of Critique of Pure Reason is the most accurate and informative English translation ever produced of this epochal philosophical text. Though its simple, direct style will make it suitable for all new readers of Kant, the translation displays a philosophical and textual sophistication that will enlighten Kant scholars as well. This translation This entirely new translation of Critique of Pure Reason is the most accurate and informative English translation ever produced of this epochal philosophical text. Though its simple, direct style will make it suitable for all new readers of Kant, the translation displays a philosophical and textual sophistication that will enlighten Kant scholars as well. This translation recreates as far as possible a text with the same interpretative nuances and richness as the original.This translation of Kant's Critique is a superb volume that forms the heart of Cambridge's excellent series of translations of Kant's works. Because of the quality of the translation, but also because of the various supplementary materials which it provides...it will very likely replace Norman Kemp Smith's translation as the standard edition for scholars. It is difficult to imagine that anyone would be able to improve on this volume in the foreseeable future. ...more","1323","7890","","0","Critique of Pure Reason","23","Product Description","19","Product Information","19","NOARCHIVE,NOCACHE","","","","","","","","","19683","19683","19683","2.917","","350","87","4.023","73.435","Fairly Easy","10.956","2","2","","14","7","0","2.540","16","9","0","0","0","0","","","","","bc5acc5f32175eb289ed923bef3ce2f5","0.063","Wed, 08 Feb 2023 21:02:32 GMT","","","","en-us","1.1","","","","","","https://books.toscrape.com/catalogue/critique-of-pure-reason_366/index.html","2026-06-10 17:51:36"
"https://books.toscrape.com/catalogue/meditations_33/index.html","text/html","200","OK","Indexable","","Meditations | Books to Scrape - Sandbox","39","358","Written in Greek, without any intention of publication, by the only Roman emperor who was also a philosopher, the Meditations of Marcus Aurelius (AD 121-180) offer a remarkable series of challenging spiritual reflections and exercises developed as the emperor struggled to understand himself and make sense of the universe. Ranging from doubt and despair to conviction and ex Written in Greek, without any intention of publication, by the only Roman emperor who was also a philosopher, the Meditations of Marcus Aurelius (AD 121-180) offer a remarkable series of challenging spiritual reflections and exercises developed as the emperor struggled to understand himself and make sense of the universe. Ranging from doubt and despair to conviction and exaltation, they cover such diverse topics as the nature of moral virtue, human rationality, divine providence, and Marcus' own emotions. But while the Meditations were composed to provide personal consolation and encouragement, in developing his beliefs Marcus Aurelius also created one of the greatest of all works of philosophy: a timeless collection of extended meditations and short aphorisms that has been consulted and admired by statesmen, thinkers and readers through the centuries. ...more","1248","7746","","0","Meditations","11","Product Description","19","Product Information","19","NOARCHIVE,NOCACHE","","","","","","","","","19512","19512","19512","2.892","","333","84","3.964","69.433","Normal","10.626","2","2","","14","7","0","2.540","16","9","0","0","0","0","","","","","4d43cc89198b8176510d2948d4b86ea7","0.080","Wed, 08 Feb 2023 21:02:32 GMT","","","","en-us","1.1","","","","","","https://books.toscrape.com/catalogue/meditations_33/index.html","2026-06-10 17:51:36"
"https://books.toscrape.com/media/cache/ab/45/ab45f300aa15066ad1260d6f1398d03e.jpg","image/jpeg","200","OK","Indexable","","","0","0","","0","0","","0","","0","","0","","0","","","","","","","","","","10227","10227","10227","1.516","","0","","","","","0.000","2","4","","0","0","0","0.000","0","0","0","0","0","0","","","","","","0.029","Wed, 08 Feb 2023 21:02:33 GMT","","","","","1.1","","","","","","https://books.toscrape.com/media/cache/ab/45/ab45f300aa15066ad1260d6f1398d03e.jpg","2026-06-10 17:51:36"
"https://books.toscrape.com/catalogue/proofs-of-god-classical-arguments-from-tertullian-to-barth_538/index.html","text/html","200","OK","Indexable","","Proofs of God: Classical Arguments from Tertullian to Barth | Books to Scrape - Sandbox","87","783","Leading theologian Matthew Levering presents a thoroughgoing critical survey of the proofs of God's existence for readers interested in traditional Christian responses to the problem of atheism. Beginning with Tertullian and ending with Karl Barth, Levering covers twenty-one theologians and philosophers from the early church to the modern period, examining how they answere Leading theologian Matthew Levering presents a thoroughgoing critical survey of the proofs of God's existence for readers interested in traditional Christian responses to the problem of atheism. Beginning with Tertullian and ending with Karl Barth, Levering covers twenty-one theologians and philosophers from the early church to the modern period, examining how they answered the critics of their day. He also shows the relevance of the classical arguments to contemporary debates and challenges to Christianity. In addition to students, this book will appeal to readers of apologetics. ...more","971","5991","","0","Proofs of God: Classical Arguments from Tertullian to Barth","59","Product Description","19","Product Information","19","NOARCHIVE,NOCACHE","","","","","","","","","18210","18210","18210","2.699","","293","79","3.709","72.273","Fairly Easy","10.044","2","2","","14","7","0","2.540","16","9","0","0","0","0","","","","","a847053cf69dd23bbe3bf25d4c3af690","0.033","Wed, 08 Feb 2023 21:02:32 GMT","","","","en-us","1.1","","","","","","https://books.toscrape.com/catalogue/proofs-of-god-classical-arguments-from-tertullian-to-barth_538/index.html","2026-06-10 17:51:36"
"https://books.toscrape.com/catalogue/sophies-world_966/index.html","text/html","200","OK","Indexable","","Sophie's World | Books to Scrape - Sandbox","42","383","A page-turning novel that is also an exploration of the great philosophical concepts of Western thought, Sophie’s World has fired the imagination of readers all over the world, with more than twenty million copies in print.One day fourteen-year-old Sophie Amundsen comes home from school to find in her mailbox two notes, with one question on each: “Who are you?” and “Where A page-turning novel that is also an exploration of the great philosophical concepts of Western thought, Sophie’s World has fired the imagination of readers all over the world, with more than twenty million copies in print.One day fourteen-year-old Sophie Amundsen comes home from school to find in her mailbox two notes, with one question on each: “Who are you?” and “Where does the world come from?” From that irresistible beginning, Sophie becomes obsessed with questions that take her far beyond what she knows of her Norwegian village. Through those letters, she enrolls in a kind of correspondence course, covering Socrates to Sartre, with a mysterious philosopher, while receiving letters addressed to another girl. Who is Hilde? And why does her mail keep turning up? To unravel this riddle, Sophie must use the philosophy she is learning—but the truth turns out to be far more complicated than she could have imagined. ...more","1310","8090","","0","Sophie's World","14","Product Description","19","Product Information","19","NOARCHIVE,NOCACHE","","","","","","","","","18632","18632","18632","2.761","","353","89","3.966","84.417","Easy","11.226","2","2","","16","8","0","2.900","16","9","0","0","0","0","","","","","d77b882b203ac150c353738e036c11a0","0.033","Wed, 08 Feb 2023 21:02:32 GMT","","","","en-us","1.1","","","","","","https://books.toscrape.com/catalogue/sophies-world_966/index.html","2026-06-10 17:51:36"
"https://books.toscrape.com/media/cache/91/e6/91e6190dcdd7d6cdeb94a82b60917ec4.jpg","image/jpeg","200","OK","Indexable","","","0","0","","0","0","","0","","0","","0","","0","","","","","","","","","","7145","7145","7145","1.059","","0","","","","","0.000","2","4","","0","0","0","0.000","0","0","0","0","0","0","","","","","","0.034","Wed, 08 Feb 2023 21:02:33 GMT","","","","","1.1","","","","","","https://books.toscrape.com/media/cache/91/e6/91e6190dcdd7d6cdeb94a82b60917ec4.jpg","2026-06-10 17:51:36"
"https://books.toscrape.com/catalogue/the-death-of-humanity-and-the-case-for-life_932/index.html","text/html","200","OK","Indexable","","The Death of Humanity: and the Case for Life | Books to Scrape - Sandbox","72","654","Do you believe human life is inherently valuable? Unfortunately, in the secularized age of state-sanctioned euthanasia and abortion-on-demand, many are losing faith in the simple value of human life. To the disillusioned, human beings are a cosmic accident whose intrinsic value is worth no more than other animals.The Death of Humanity explores our culture's declining respe Do you believe human life is inherently valuable? Unfortunately, in the secularized age of state-sanctioned euthanasia and abortion-on-demand, many are losing faith in the simple value of human life. To the disillusioned, human beings are a cosmic accident whose intrinsic value is worth no more than other animals.The Death of Humanity explores our culture's declining respect for the sanctity of human life, drawing on philosophy and history to reveal the dark road ahead for society if we lose our faith in human life. ...more","905","5527","","0","The Death of Humanity: and the Case for Life","44","Product Description","19","Product Information","19","NOARCHIVE,NOCACHE","","","","","","","","","17915","17915","17915","2.655","","292","80","3.650","75.651","Fairly Easy","9.684","2","2","","14","7","0","2.540","16","9","0","0","0","0","","","","","bcb8997cb3eb470e66919a77363a2521","0.037","Wed, 08 Feb 2023 21:02:32 GMT","","","","en-us","1.1","","","","","","https://books.toscrape.com/catalogue/the-death-of-humanity-and-the-case-for-life_932/index.html","2026-06-10 17:51:36"
"https://books.toscrape.com/catalogue/at-the-existentialist-cafe-freedom-being-and-apricot-cocktails-with-jean-paul-sartre-simone-de-beauvoir-albert-camus-martin-heidegger-edmund-husserl-karl-jaspers-maurice-merleau-ponty-and-others_459/index.html","text/html","200","OK","Indexable","","At The Existentialist Café: Freedom, Being, and apricot cocktails with: Jean-Paul Sartre, Simone de Beauvoir, Albert Camus, Martin Heidegger, Edmund Husserl, Karl Jaspers, Maurice Merleau-Ponty and others | Books to Scrape - Sandbox","232","2097","Paris, near the turn of 1933. Three young friends meet over apricot cocktails at the Bec-de-Gaz bar on the rue Montparnasse. They are Jean-Paul Sartre, Simone de Beauvoir and their friend Raymond Aron, who opens their eyes to a radical new way of thinking. Pointing to his drink, he says, 'You can make philosophy out of this cocktail!'From this moment of inspiration, Sartre Paris, near the turn of 1933. Three young friends meet over apricot cocktails at the Bec-de-Gaz bar on the rue Montparnasse. They are Jean-Paul Sartre, Simone de Beauvoir and their friend Raymond Aron, who opens their eyes to a radical new way of thinking. Pointing to his drink, he says, 'You can make philosophy out of this cocktail!'From this moment of inspiration, Sartre will create his own extraordinary philosophy of real, experienced life – of love and desire, of freedom and being, of cafés and waiters, of friendships and revolutionary fervour. It is a philosophy that will enthral Paris and sweep through the world, leaving its mark on post-war liberation movements, from the student uprisings of 1968 to civil rights pioneers.At the Existentialist Café tells the story of modern existentialism as one of passionate encounters between people, minds and ideas. From the ‘king and queen of existentialism' – Sartre and de Beauvoir – to their wider circle of friends and adversaries including Albert Camus, Martin Heidegger, Maurice Merleau-Ponty and Iris Murdoch, this book is an enjoyable and original journey through a captivating intellectual movement. Weaving biography and thought, Sarah Bakewell takes us to the heart of a philosophy about life that also changed lives, and that tackled the biggest questions of all: what we are and how we are to live. ...more","1751","10666","","0","At The Existentialist Café: Freedom, Being, and apricot cocktails with: Jean-Paul Sartre, Simone de Beauvoir, Albert Camus, Martin Heidegger, Edmund Husserl, Karl Jaspers, Maurice Merleau-Ponty and others","204","Product Description","19","Product Information","19","NOARCHIVE,NOCACHE","","","","","","","","","21063","21063","21063","3.122","","479","103","4.650","77.776","Fairly Easy","14.009","2","2","","14","7","0","2.540","16","9","0","0","0","0","","","","","84ff01eac0b006c97337076bd9d329cd","0.120","Wed, 08 Feb 2023 21:02:32 GMT","","","","en-us","1.1","","","","","","https://books.toscrape.com/catalogue/at-the-existentialist-cafe-freedom-being-and-apricot-cocktails-with-jean-paul-sartre-simone-de-beauvoir-albert-camus-martin-heidegger-edmund-husserl-karl-jaspers-maurice-merleau-ponty-and-others_459/index.html","2026-06-10 17:51:36"
"https://books.toscrape.com/media/cache/3f/ef/3fef12d9da503693af12997c0ea0897f.jpg","image/jpeg","200","OK","Indexable","","","0","0","","0","0","","0","","0","","0","","0","","","","","","","","","","9395","9395","9395","1.392","","0","","","","","0.000","2","4","","0","0","0","0.000","0","0","0","0","0","0","","","","","","0.126","Wed, 08 Feb 2023 21:02:32 GMT","","","","","1.1","","","","","","https://books.toscrape.com/media/cache/3f/ef/3fef12d9da503693af12997c0ea0897f.jpg","2026-06-10 17:51:36"
